ts,rg1,rg2,rg1tt,rg2tt,rg1tp,rg2tp,temp_bmx,press_bmx,temp_mcp,temp_sht,humidity_sht,si1145_vis,si1145_ir,si1145_uv,wind_spd,wind_dir,wind_gust,wind_gust_dir,heat_idx,wet_bulb_temp,wet_bulb_globe_temp
2026-08-05T00:00:09Z,0,0,0,0,0,0,13.6,851.7,13.9,14,83.6,260,253,0,0,208,0,0,13.8,12.2,9.6
2026-08-05T00:15:31Z,0,0,0,0,0,0,13.2,851.7,13.6,13.6,85.2,261,252,0,0,208,0,0,13.4,12,9.2
2026-08-05T00:30:39Z,0,0,0,0,0,0,13,851.7,13.2,13.4,86.7,260,252,0,0,208,0,0,13.2,11.9,9
2026-08-05T00:45:39Z,0,0,0,0,0,0,12.8,851.9,13,13.2,86.7,260,253,0,0,208,0,0,13.1,11.8,8.8
2026-08-05T01:00:47Z,0,0,0,0,0,0,12.7,852,13,13.2,87.5,262,254,0,0,209,0.2,0.2,13,11.8,8.7
2026-08-05T01:15:55Z,0,0,0,0,0,0,12.5,851.9,12.9,13,87.5,260,253,0,0,208,0,0,12.9,11.6,8.6
2026-08-05T01:31:04Z,0,0,0,0,0,0,12.3,851.9,12.6,12.8,88.8,261,254,0,0,208,0,0,12.6,11.5,8.4
2026-08-05T01:46:12Z,0,0,0,0,0,0,11.9,852,12.1,12.3,89.4,259,253,0,0,208,0,0,12.1,11.1,7.8
2026-08-05T02:01:35Z,0,0,0,0,0,0,11.6,852.3,11.8,11.9,90.9,260,254,0,0,208,0,0,11.8,10.9,7.4
2026-08-05T02:16:43Z,0,0,0,0,0,0,11.4,852.6,11.6,11.8,92,260,253,0,0,208,0,0,11.6,10.9,7.3
2026-08-05T02:31:52Z,0,0,0,0,0,0,11.2,852.7,11.5,11.7,92.6,262,253,0,0,208,0,0,11.5,10.9,7.2
2026-08-05T02:47:00Z,0,0,0,0,0,0,11,852.8,11.3,11.5,93.1,261,251,0,0,208,0,0,11.3,10.7,7
2026-08-05T03:02:09Z,0,0,0,0,0,0,10.9,853,11.2,11.4,93.5,261,253,0,0,208,0,0,11.2,10.6,6.8
2026-08-05T03:17:17Z,0,0,0,0,0,0,10.9,852.9,11.2,11.4,93.9,259,253,0,0,208,0,0,11.2,10.7,6.9
2026-08-05T03:32:39Z,0,0,0,0,0,0,10.9,853,11.2,11.4,94.1,261,271,0,0,208,0,0,11.2,10.7,6.9
2026-08-05T03:47:48Z,0,0,0,0.1,0,0,10.8,853.1,11.1,11.3,94,269,345,0,0,208,0,0,11.1,10.6,6.7
2026-08-05T04:02:56Z,0,0,0,0.1,0,0,11,853.1,11.3,11.4,94.3,280,456,0,0,209,0.2,0.2,11.3,10.8,6.9
2026-08-05T04:18:05Z,0,0,0,0.2,0,0,11.5,853.4,11.9,11.9,94.5,293,556,0,0,208,0,0,11.7,11.2,7.4
2026-08-05T04:33:14Z,0,0,0,0.3,0,0,12.1,853.5,12.6,12.6,93.4,308,730,0,0,208,0,0,12.4,11.8,8.2
2026-08-05T04:48:41Z,0,0,0,0.3,0,0,13.4,853.8,13.9,13.8,88.8,316,744,0,0.8,254,2.2,2.2,13.7,12.6,9.5
2026-08-05T05:03:49Z,0,0,0,0.7,0,0,14.7,853.9,15.1,14.9,84,387,1766,0,1,234,1.7,1.7,14.8,13.1,10.6
2026-08-05T05:18:58Z,0,0,0,0.9,0,0,15.7,854.1,16.2,15.7,80.8,423,2186,0,1,241,2,2,15.6,13.5,11.4
2026-08-05T05:34:07Z,0,0,0,1,0,0,16.5,854.3,16.9,16.4,78.9,452,2472,0,0.5,211,1.1,1.1,16.3,14,12.1
2026-08-05T05:49:58Z,0,0,0,1.2,0,0,16.9,854.4,17.2,16.8,75.7,487,2866,0,0.9,240,1.5,1.5,16.6,13.9,12.4
2026-08-05T06:05:06Z,0,0,0,1.5,0,0,17.6,854.5,18.2,17.5,74.6,535,3398,0,0.2,258,0.7,0.7,17.4,14.5,13.2
2026-08-05T06:20:14Z,0,0,0,1.8,0,0,18.6,854.5,19.4,18.5,68.4,584,3926,0,0.9,219,2.2,2.2,18.3,14.7,14
2026-08-05T06:35:23Z,0,0,0,2,0,0,19.1,854.3,20.1,19.2,66,632,4458,0,1.2,207,1.7,1.7,19,15,14.7
2026-08-05T06:50:55Z,0,0,0,2.2,0,0,19.6,854.1,20.2,19.7,63.2,664,4863,0,0.8,230,1.7,1.7,19.5,15.2,15.2
2026-08-05T07:06:02Z,0,0,0,2,0,0,19.5,854,19.8,19.3,64.1,632,4514,0,0.4,227,0.9,0.9,19.1,14.9,14.8
2026-08-05T07:21:11Z,0,0,0,2.7,0,0,21.8,854,21.8,21.9,56.5,764,5979,0,0.6,90,1.5,1.5,21.7,16.2,17.1
2026-08-05T07:36:19Z,0,0,0,2.9,0,0,22,853.9,23,22.2,54.9,797,6244,0,0.1,117,0.4,0.4,22.1,16.3,17.4
2026-08-05T07:51:27Z,0,0,0,3,0,0,21.1,854,22,21.7,54.5,814,6416,0,0.7,126,1.3,1.3,21.6,15.8,16.9
2026-08-05T08:07:22Z,0,0,0,3.2,0,0,22.1,854,22.7,22.4,51.7,851,6860,0,1.3,164,2.6,2.6,22.2,16,17.5
2026-08-05T08:22:47Z,0,0,0,3.2,0,0,22.5,853.7,22.8,22.6,51.9,851,6786,0,1.5,56,2.2,2.2,22.5,16.2,17.7
2026-08-05T08:37:54Z,0,0,0,3.2,0,0,22.9,853.6,23.6,23.2,49.2,861,6889,0,0,113,0.2,0.2,23.1,16.4,18.2
2026-08-05T08:53:02Z,0,0,0,3.3,0,0,21.4,853.4,22.1,21.5,52.9,876,7060,0,0.8,213,1.3,1.3,21.3,15.4,16.7
2026-08-05T09:08:09Z,0,0,0,3.3,0,0,22.3,853.1,22.8,22.5,50.5,878,7075,0,0.8,331,2.2,2.2,22.3,15.9,17.5
2026-08-05T09:23:17Z,0,0,0,3.4,0,0,23.6,852.8,24.2,24.1,44.9,887,7159,0,0.4,224,0.9,0.9,23.9,16.5,18.9
2026-08-05T09:38:57Z,0,0,0,3.4,0,0,23.8,852.6,24.7,24.7,42.9,892,7207,0,0.7,192,2,2,24.5,16.6,19.4
2026-08-05T09:54:05Z,0,0,0,3.4,0,0,24.4,852.3,24.9,24.5,45.3,885,7142,0,0.2,212,0.4,0.4,24.4,16.9,19.3
2026-08-05T10:09:13Z,0,0,0,3.3,0,0,23.6,852,24.3,24.3,44.7,874,7024,0,0.9,172,2.2,2.2,24.1,16.6,19.1
2026-08-05T10:24:20Z,0,0,0,3.2,0,0,25.1,851.7,25.8,25.7,42.6,855,6850,0,0.1,192,0.7,0.7,25.6,17.4,20.2
2026-08-05T10:39:28Z,0,0,0,3.2,0,0,25.1,851.5,25.9,25.8,40,847,6720,0,0.2,110,0.7,0.7,25.7,17.1,20.3
2026-08-05T10:54:58Z,0,0,0,3.1,0,0,26.2,851.3,26.4,26.7,40.6,830,6532,0,0,12,0.2,0.2,26.6,17.9,21
2026-08-05T11:10:06Z,0,0,0,2.9,0,0,25.6,851.1,26.1,26.4,38.9,803,6247,0,1,77,3.3,3.3,26.3,17.3,20.7
2026-08-05T11:25:07Z,0,0,0,2.8,0,0,27.3,850.8,27.3,27.5,36.9,776,5960,0,0.5,23,0.9,0.9,27,17.8,21.3
2026-08-05T11:41:02Z,0,0,0,2.6,0,0,26.6,850.7,27,27.5,36,743,5593,0,1.9,181,4.4,4.4,27,17.7,21.3
2026-08-05T11:56:09Z,0,0,0,2.5,0,0,26.3,850.4,26.6,27.2,37.2,714,5344,0,0.4,122,1.5,1.5,26.8,17.6,21.2
2026-08-05T12:11:17Z,0,0,0,2.3,0,0,26.3,850.3,26.4,27.1,38.6,684,5016,0,1.3,77,2.8,2.8,26.8,17.8,21.2
2026-08-05T12:26:25Z,0,0,0,2,0,0,26.1,850.1,26.6,27,38.2,632,4461,0,0.8,191,1.1,1.1,26.7,17.6,21.1
2026-08-05T12:41:33Z,0,0,0,1,0,0,26.8,850,27.2,27.8,37.7,436,2020,0,0.5,106,1.7,1.7,27.3,18.2,21.5
2026-08-05T12:56:59Z,0,0,0,1.5,0,0,26,849.9,26.3,26.7,39.5,544,3501,0,1.4,85,3.7,3.7,26.5,17.7,21
2026-08-05T13:12:06Z,0,0,0,1.4,0,0,25.8,849.9,26.1,26.5,39.3,517,3182,0,2.6,79,4.4,4.4,26.4,17.5,20.8
2026-08-05T13:27:13Z,0,0,0,1.2,0,0,25.4,850,25.6,26.3,39.7,481,2782,0,1.1,89,2.4,2.4,26.1,17.4,20.6
2026-08-05T13:42:21Z,0,0,0,1,0,0,25.5,849.8,25.9,26.4,39.8,444,2346,0,0.6,118,1.7,1.7,26.3,17.5,20.7
2026-08-05T13:57:28Z,0,0,0,0.8,0,0,25.4,849.9,25.9,26.3,39.7,407,1942,0,0.1,20,0.7,0.7,26.2,17.4,20.7
2026-08-05T14:12:36Z,0,0,0,0.6,0,0,25.3,849.9,25.9,26.5,39.4,375,1572,0,0.7,88,2.4,2.4,26.3,17.5,20.8
2026-08-05T14:28:07Z,0,0,0,0.5,0,0,24.6,849.9,25.1,25.6,40.5,344,1214,0,0.7,134,2.4,2.4,25.4,16.9,20.1
2026-08-05T14:43:14Z,0,0,0,0.2,0,0,24.3,850.2,24.6,25,41.5,303,645,0,0.9,64,2.2,2.2,24.8,16.6,19.6
2026-08-05T14:58:22Z,0,0,0,0.2,0,0,23.6,850.3,23.9,24,43.3,292,525,0,0.6,200,1.5,1.5,23.8,16.1,18.8
2026-08-05T15:13:29Z,0,0,0,0.1,0,0,23.1,850.5,23.3,23.5,44.2,278,424,0,0.2,147,1.1,1.1,23.3,15.8,18.4
2026-08-05T15:28:36Z,0,0,0,0.1,0,0,22.7,850.6,22.9,23,44.6,268,316,0,0.3,153,1.1,1.1,22.8,15.5,18
2026-08-05T15:43:44Z,0,0,0,0,0,0,22.1,850.8,22.2,22.5,46.2,262,261,0,0,122,0.4,0.4,22.2,15.3,17.5
2026-08-05T15:59:06Z,0,0,0,0,0,0,21.6,850.9,21.7,21.9,47.7,260,254,0,0,148,0.4,0.4,21.7,15,17
2026-08-05T16:14:13Z,0,0,0,0,0,0,21.2,850.9,21.3,21.5,48.6,260,252,0,0,148,0,0,21.2,14.8,16.7
2026-08-05T16:29:21Z,0,0,0,0,0,0,20.9,851,21.1,21.2,49.6,262,252,0,0,97,0,0,21,14.7,16.4
2026-08-05T16:44:29Z,0,0,0,0,0,0,20.5,851.1,20.7,20.9,50.5,260,252,0,0.5,111,1.7,1.7,20.6,14.5,16.1
2026-08-05T16:59:37Z,0,0,0,0,0,0,20.1,851.3,20.2,20.5,52,260,253,0,0,145,0,0,20.2,14.4,15.7
2026-08-05T17:14:46Z,0,0,0,0,0,0,19.6,851.2,19.7,19.9,54.2,260,254,0,0,145,0,0,19.6,14.1,15.2
2026-08-05T17:30:14Z,0,0,0,0,0,0,19.1,851.4,19.3,19.5,55.3,260,254,0,0,145,0,0,19.2,13.9,14.8
2026-08-05T17:45:24Z,0,0,0,0,0,0,18.7,851.5,18.7,18.9,58,260,254,0,0,145,0,0,18.7,13.8,14.3
2026-08-05T18:00:32Z,0,0,0,0,0,0,18.1,851.6,18.2,18.4,60.8,261,253,0,0,145,0,0,18.1,13.7,13.8
2026-08-05T18:15:41Z,0,0,0,0,0,0,17.9,851.6,17.9,18.1,61.7,260,255,0,0.2,144,0.9,0.9,17.9,13.6,13.6
2026-08-05T18:30:49Z,0,0,0,0,0,0,18.8,851.8,18.9,19.1,60,260,254,0,0.3,94,1.3,1.3,18.8,14.2,14.5
2026-08-05T18:46:11Z,0,0,0,0,0,0,18.7,852.2,18.9,19,62.1,261,254,0,0.5,159,1.3,1.3,18.8,14.4,14.5
2026-08-05T19:01:20Z,0,0,0,0,0,0,18.2,852.3,18.4,18.6,64.6,260,253,0,0.1,84,0.4,0.4,18.4,14.3,14.1
2026-08-05T19:17:20Z,0,0,0,0,0,0,17.9,852.3,18,18.2,66.3,260,254,0,0.1,125,0.4,0.4,18.1,14.2,13.8
2026-08-05T19:32:27Z,0,0,0,0,0,0,17.5,852.4,17.7,17.9,67.7,260,253,0,0,138,0,0,17.7,14.1,13.5
2026-08-05T19:47:35Z,0,0,0,0,0,0,17.2,852.4,17.3,17.6,69.7,259,254,0,0,138,0.2,0.2,17.4,14,13.1
2026-08-05T20:02:43Z,0,0,0,0,0,0,16.8,852.3,16.9,17.1,71.8,261,253,0,0,88,0,0,16.9,13.8,12.7
2026-08-05T20:17:51Z,0,0,0,0,0,0,16.4,852.4,16.6,16.8,74.2,260,254,0,0,88,0,0,16.6,13.8,12.4
2026-08-05T20:33:16Z,0,0,0,0,0,0,16.2,852.4,16.3,16.6,75.5,259,253,0,0,88,0,0,16.4,13.7,12.2
2026-08-05T20:48:24Z,0,0,0,0,0,0,16.2,852.5,16.3,16.5,77.7,260,253,0,0,113,0.2,0.2,16.4,13.9,12.2
2026-08-05T21:03:24Z,0,0,0,0,0,0,15.9,852.5,16.2,16.2,79.3,260,254,0,0,113,0,0,16.1,13.8,11.9
2026-08-05T21:18:32Z,0,0,0,0,0,0,15.5,852.6,15.9,15.9,80.2,262,253,0,0,113,0.2,0.2,15.8,13.6,11.6
2026-08-05T21:33:40Z,0,0,0,0,0,0,15.4,852.5,15.7,15.8,81.1,261,252,0,0,113,0,0,15.7,13.6,11.5
2026-08-05T21:48:48Z,0,0,0,0,0,0,15.5,852.5,15.9,16,80.7,261,253,0,0,113,0.2,0.2,15.9,13.8,11.7
2026-08-05T22:04:13Z,0,0,0,0,0,0,15.7,852.3,16,16.1,80.8,261,253,0,0,113,0,0,16,13.9,11.8
2026-08-05T22:19:21Z,0,0,0,0,0,0,15.9,852.2,16.2,16.3,81.1,259,254,0,0.7,70,1.7,1.7,16.2,14.1,12
2026-08-05T22:34:29Z,0,0,0,0,0,0,16.1,852.1,16.3,16.5,78.9,261,254,0,0.2,83,1.3,1.3,16.4,14,12.2
2026-08-05T22:49:36Z,0,0,0,0,0,0,16,852,16.2,16.4,78.8,260,254,0,0,104,0.1,0.1,16.3,14,12.1
2026-08-05T23:04:44Z,0,0,0,0,0,0,15.9,851.9,16.2,16.3,79,261,253,0,0,103,0,0,16.2,13.9,12
2026-08-05T23:19:52Z,0,0,0,0,0,0,15.8,851.5,16.1,16.2,79.9,261,253,0,0,93,0.2,0.2,16.1,13.9,11.9
2026-08-05T23:35:15Z,0,0,0,0,0,0,15.7,851.6,16.1,16.1,80.8,258,253,0,0.1,93,0.4,0.4,16,13.9,11.8
2026-08-05T23:50:24Z,0,0,0,0,0,0,15.7,851.6,16,16.1,81.4,263,254,0,0,93,0,0,16,13.9,11.8
2026-08-06T00:00:29Z,0,0,0,0,0,0,15.6,851.6,15.9,16,81.8,260,253,0,0,93,0.2,0.2,15.9,13.9,11.7
2026-08-06T00:15:37Z,0,0,0,0,0,0,15.6,851.7,15.9,16,82.7,260,253,0,0,93,0.4,0.4,15.9,14,11.7
2026-08-06T00:30:45Z,0,0,0,0,0,0,15.6,851.6,15.9,15.9,83.5,261,253,0,0,92,0,0,15.9,14,11.7
2026-08-06T00:45:54Z,0,0,0,0,0,0,15.5,851.5,15.8,15.9,84.3,261,253,0,0,92,0.2,0.2,15.8,14.1,11.6
2026-08-06T01:01:02Z,0,0,0,0,0,0,15.4,851.5,15.8,15.8,84.6,259,253,0,0,92,0,0,15.8,14.1,11.6
2026-08-06T01:16:24Z,0,0,0,0,0,0,15.4,851.5,15.8,15.9,85,260,253,0,0,92,0,0,15.8,14.1,11.6
2026-08-06T01:31:32Z,0,0,0,0,0,0,15.5,851.6,15.8,15.9,85.3,260,254,0,0,92,0,0,15.8,14.2,11.6
2026-08-06T01:46:40Z,0,0,0,0,0,0,15.5,851.5,15.8,15.9,85.3,259,252,0,0,92,0,0,15.8,14.2,11.6
2026-08-06T02:01:48Z,0,0,0,0,0,0,15.5,851.7,15.8,15.9,85.9,261,253,0,0.1,92,0.4,0.4,15.8,14.2,11.6
2026-08-06T02:16:56Z,0,0,0,0,0,0,15.4,851.7,15.8,15.9,85.7,259,254,0,0.1,92,0.4,0.4,15.8,14.2,11.6
2026-08-06T02:32:04Z,0,0,0,0,0,0,15.4,851.8,15.7,15.8,85.8,260,253,0,0,92,0,0,15.7,14.2,11.6
2026-08-06T02:47:28Z,0,0,0,0,0,0,15.4,851.9,15.8,15.9,86.3,261,252,0,0,118,0.4,0.4,15.8,14.3,11.6
2026-08-06T03:02:36Z,0,0,0,0,0,0,15.4,852.1,15.7,15.8,87.2,260,254,0,0.6,173,2,2,15.7,14.3,11.5
2026-08-06T03:17:44Z,0,0,0,0,0,0,15.4,852.1,15.8,15.8,87.3,262,254,0,0,92,0,0,15.7,14.3,11.5
2026-08-06T03:32:52Z,0,0,0,0,0,0,15.2,852.3,15.6,15.6,87.9,260,260,0,0,171,0.2,0.2,15.6,14.2,11.4
2026-08-06T03:48:00Z,0,0,0,0,0,0,15,852.4,15.4,15.5,88.7,263,284,0,0.1,171,0.4,0.4,15.4,14.2,11.2
2026-08-06T04:03:08Z,0,0,0,0.1,0,0,14.9,852.7,15.2,15.4,89,267,320,0,0.1,171,0.2,0.2,15.3,14.1,11.1
2026-08-06T04:18:30Z,0,0,0,0.1,0,0,15,852.9,15.3,15.4,88.7,272,374,0,0,171,0.2,0.2,15.4,14.1,11.2
2026-08-06T04:33:38Z,0,0,0,0.1,0,0,14.8,853.2,15.2,15.3,89.1,278,450,0,0.2,171,0.4,0.4,15.2,14,11
2026-08-06T04:48:46Z,0,0,0,0.2,0,0,14.9,853.4,15.2,15.3,88.5,290,588,0,0.3,171,0.7,0.7,15.3,14,11.1
2026-08-06T05:03:54Z,0,0,0,0.2,0,0,15,853.5,15.4,15.5,87,306,745,0,0.7,171,1.3,1.3,15.4,14,11.2
2026-08-06T05:19:40Z,0,0,0,0.4,0,0,15.6,853.6,15.9,16,85.6,330,1019,0,0,171,0,0,16,14.4,11.8
2026-08-06T05:34:48Z,0,0,0,0.5,0,0,16,853.7,16.2,16.4,83.8,349,1237,0,0,171,0,0,16.4,14.5,12.2
2026-08-06T05:49:56Z,0,0,0,0.7,0,0,16.2,853.9,16.5,16.8,82.6,385,1622,0,0.1,171,0.4,0.4,16.7,14.7,12.5
2026-08-06T06:05:05Z,0,0,0,0.9,0,0,17.7,854,17.9,18,78.3,426,2102,0,0.1,171,0.4,0.4,18,15.4,13.7
2026-08-06T06:20:29Z,0,0,0,1.1,0,0,18.7,854,18.9,19,73.3,463,2442,0,0.7,171,1.1,1.1,19,15.8,14.6
2026-08-06T06:35:37Z,0,0,0,1.8,0,0,18.9,854,18.6,18.6,73.1,585,3879,0,0.3,171,0.9,0.9,18.5,15.3,14.2
2026-08-06T06:50:45Z,0,0,0,1.1,0,0,20.3,854,20.4,20.6,66.4,465,2322,0,0,171,0.2,0.2,20.5,16.4,16
2026-08-06T07:06:41Z,0,0,0,1.3,0,0,21.4,853.9,21.3,21.2,63.1,497,2727,0,0.1,171,0.7,0.7,21.1,16.5,16.5
2026-08-06T07:22:05Z,0,0,0,3.1,0,0,21.2,854,21.4,21.7,58.9,830,6700,0,0.1,171,0.4,0.4,21.6,16.4,16.9
2026-08-06T07:37:14Z,0,0,0,3,0,0,22.4,853.8,23.1,22.8,55.2,818,6475,0,0.8,178,1.7,1.7,22.7,16.9,17.9
2026-08-06T07:52:22Z,0,0,0,3.6,0,0,22.1,853.6,22.8,22.6,56.2,924,7753,0,0.6,135,1.7,1.7,22.5,16.8,17.7
2026-08-06T08:07:30Z,0,0,0,2.9,0,0,22,853.5,22.9,22.2,58.4,806,6264,0,0.3,227,0.7,0.7,22.2,16.8,17.4
2026-08-06T08:22:37Z,0,0,0,3.8,0,0,24,853.4,24.9,24.7,51.5,971,8314,0,0.1,172,0.9,0.9,24.6,18,19.5
2026-08-06T08:37:45Z,0,0,0,1.8,0,0,22.9,853.2,23.5,23.8,51.7,590,3676,0,0.5,153,1.5,1.5,23.7,17.2,18.7
2026-08-06T08:53:08Z,0,0,0,3.8,0,0,23,852.8,23.1,23.2,55.6,962,8084,0,0.5,333,1,1,23.1,17.2,18.2
2026-08-06T09:08:16Z,0,0,0,3.5,0,0,23.1,852.6,23.8,23.6,54.3,920,7633,0,0.5,159,1.3,1.3,23.6,17.5,18.6
2026-08-06T09:23:24Z,0,0,0,3.9,0,0,23.2,852.5,23.5,23.8,52.6,990,8477,0,1.7,72,2.4,2.4,23.7,17.4,18.7
2026-08-06T09:38:32Z,0,0,0,3.6,0,0,22.8,852.2,23.5,23.3,53.9,936,7741,0,1.5,186,2.4,2.4,23.2,17.1,18.3
2026-08-06T09:54:20Z,0,0,0,1.9,0,0,24.8,852,25.2,25.6,50.5,614,3839,0,0.2,81,0.7,0.7,25.6,18.6,20.2
2026-08-06T10:10:17Z,0,0,0,4,0,0,23.8,851.7,24.4,24.4,52.9,999,8519,0,0,181,0.4,0.4,24.3,17.9,19.2
2026-08-06T10:25:25Z,0,0,0,2.5,0,0,23.6,851.4,24.3,24.3,51.3,721,5158,0,1.3,159,2.8,2.8,24.2,17.6,19.1
2026-08-06T10:40:33Z,0,0,0,1,0,0,24.3,851,24.9,25,49.7,439,1977,0,0.9,141,2,2,24.9,17.9,19.7
2026-08-06T10:55:40Z,0,0,0,3.7,0,0,25.3,850.9,25.8,25.9,47,950,7878,0,0.7,144,1.1,1.1,25.8,18.3,20.4
2026-08-06T11:10:48Z,0,0,0,3,0,0,24.9,850.7,25.4,25.8,47.5,807,6442,0,0.3,86,1.1,1.1,25.7,18.3,20.3
2026-08-06T11:26:15Z,0,0,0,1,0,0,25.5,850.6,26.1,26.4,47,439,2202,0,0.5,111,1.7,1.7,26.3,18.7,20.8
2026-08-06T11:41:23Z,0,0,0,1,0,0,24.9,850.5,25.2,25.4,48.6,438,2196,0,0.6,124,1.3,1.3,25.4,18.1,20.1
2026-08-06T11:56:31Z,0,0,0,2.9,0,0,24.3,850.3,24.7,24.9,51.3,799,6313,0,1,168,2.2,2.2,24.8,18.1,19.6
2026-08-06T12:11:39Z,0,0,0,2.5,0,0,24.3,850.3,24.8,25,51.9,724,5438,0,0.7,161,2.8,2.8,25,18.3,19.8
2026-08-06T12:26:46Z,0,0,0,0.8,0,0,24.3,849.9,24.7,24.9,52.3,399,1589,0,0.6,94,1.5,1.5,24.9,18.3,19.7
2026-08-06T12:42:33Z,0,0,0,0.9,0,0,23.8,850.1,23.9,24.5,53.5,428,2032,0,1.3,58,2.8,2.8,24.4,18.1,19.3
2026-08-06T12:57:40Z,0,0,0,1.4,0,0,23.9,850,24.2,24.6,52.9,508,3001,0,0.7,114,1.7,1.7,24.6,18.1,19.4
2026-08-06T13:12:48Z,0,0,0,0.7,0,0,23.9,850.1,24.3,24.6,53.5,383,1591,0,0.3,153,1.1,1.1,24.6,18.2,19.4
2026-08-06T13:27:56Z,0,0,0,0.4,0,0,23.3,850.2,23.5,23.8,55.5,338,1099,0,0.3,105,0.7,0.7,23.7,17.8,18.7
2026-08-06T13:43:19Z,0,0,0,0.4,0,0,22.5,850.3,22.7,23,57.8,333,1051,0,0.7,112,2.2,2.2,22.9,17.4,18.1
2026-08-06T13:58:27Z,0,0,0,0.4,0,0,22.2,850.3,22.4,22.6,58.9,332,1038,0,0,116,0,0,22.5,17.2,17.8
2026-08-06T14:13:35Z,0,0,0,0.3,0,0,22.2,850.5,22.4,22.6,58.4,307,777,0,0.8,151,2,2,22.5,17.1,17.7
2026-08-06T14:28:42Z,0,0,0,0.3,0,0,21.8,850.6,22.1,22.3,58.3,308,773,0,1.3,121,2,2,22.2,16.9,17.5
2026-08-06T14:43:50Z,0,0,0,0.2,0,0,21.4,850.7,21.6,21.9,59.1,293,586,0,1,157,2.4,2.4,21.8,16.6,17.1
2026-08-06T14:59:31Z,0,0,0,0.2,0,0,21.3,850.8,21.4,21.6,59,286,539,0,0.3,144,2.2,2.2,21.5,16.3,16.9
2026-08-06T15:14:39Z,0,0,0,0.1,0,0,21.1,850.9,21.2,21.4,59.6,267,321,0,1,152,3.1,3.1,21.3,16.3,16.7
2026-08-06T15:29:47Z,0,0,0,0,0,0,20.7,851,20.9,21.1,61.2,264,280,0,0.6,191,1.1,1.1,21,16.2,16.5
2026-08-06T15:44:55Z,0,0,0,0,0,0,20.4,851.2,20.6,20.8,62.5,259,258,0,0.3,197,0.9,0.9,20.7,16.1,16.2
2026-08-06T16:00:20Z,0,0,0,0,0,0,20.1,851.4,20.2,20.5,62.9,260,253,0,0.9,168,2.2,2.2,20.4,15.8,15.9
2026-08-06T16:15:28Z,0,0,0,0,0,0,19.9,851.5,20.1,20.3,62.8,261,254,0,0.6,178,1.3,1.3,20.2,15.6,15.7
2026-08-06T16:30:36Z,0,0,0,0,0,0,19.7,851.6,19.9,20.1,63.2,261,253,0,0.1,124,0.4,0.4,19.9,15.5,15.5
2026-08-06T16:45:43Z,0,0,0,0,0,0,19.6,851.9,19.8,20,63.9,263,253,0,0.6,192,1.5,1.5,19.9,15.5,15.4
2026-08-06T17:00:51Z,0,0,0,0,0,0,19.6,852,19.8,20,65,259,252,0,1,167,2,2,19.9,15.6,15.4
2026-08-06T17:16:00Z,0,0,0,0,0,0,19.5,852,19.6,19.8,65.6,260,253,0,0.2,198,1.7,1.7,19.7,15.6,15.3
2026-08-06T17:31:24Z,0,0,0,0,0,0,19.3,852.1,19.4,19.6,66.2,261,253,0,0.3,197,0.7,0.7,19.5,15.5,15.1
2026-08-06T17:46:32Z,0,0,0,0,0,0,19.2,852.3,19.3,19.5,66.7,260,253,0,0.1,197,0.5,0.5,19.4,15.4,15
2026-08-06T18:01:41Z,0,0,0,0,0,0,19,852.4,19.2,19.4,67.2,259,254,0,0.1,197,0.2,0.2,19.3,15.4,14.9
2026-08-06T18:16:49Z,0,0,0,0,0,0,18.8,852.5,19,19.2,67.9,262,253,0,0.1,197,0.4,0.4,19.1,15.3,14.7
2026-08-06T18:31:57Z,0,0,0,0,0,0,18.5,852.5,18.7,19,68.8,259,253,0,0,196,0,0,18.8,15.2,14.5
2026-08-06T18:47:06Z,0,0,0,0,0,0,18.4,852.9,18.5,18.7,69.7,260,254,0,0,196,0,0,18.6,15,14.3
2026-08-06T19:02:27Z,0,0,0,0,0,0,18.3,852.9,18.4,18.6,69.8,261,255,0,0.3,197,0.7,0.7,18.5,15,14.2
2026-08-06T19:17:36Z,0,0,0,0,0,0,18.4,853,18.5,18.8,69.7,259,254,0,0,196,0,0,18.6,15.1,14.3
2026-08-06T19:32:44Z,0,0,0,0,0,0,18.3,852.9,18.5,18.7,70.3,262,253,0,0,196,0,0,18.6,15.1,14.3
2026-08-06T19:47:52Z,0,0,0,0,0,0,18.2,852.8,18.4,18.6,70,260,253,0,0,196,0,0,18.5,15,14.2
2026-08-06T20:03:00Z,0,0,0,0,0,0,18.2,852.8,18.4,18.6,70.6,261,254,0,0,196,0,0,18.5,15.1,14.2
2026-08-06T20:18:09Z,0,0,0,0,0,0,18.2,852.8,18.4,18.6,69.9,260,254,0,0.7,197,1.7,1.7,18.5,15,14.2
2026-08-06T20:33:32Z,0,0,0,0,0,0,18.4,852.7,18.5,18.7,69.6,260,253,0,0.4,197,1.1,1.1,18.6,15.1,14.3
2026-08-06T20:48:38Z,0,0,0,0,0,0,18.4,852.7,18.6,18.8,69.6,260,253,0,0.9,197,2.2,2.2,18.6,15.1,14.3
2026-08-06T21:04:38Z,0,0,0,0,0,0,18.3,852.5,18.4,18.7,70.3,259,254,0,0.1,197,0.4,0.4,18.5,15.1,14.2
2026-08-06T21:19:46Z,0,0,0,0,0,0,18.2,852.4,18.3,18.6,71.3,261,254,0,0.1,197,0.4,0.4,18.5,15.1,14.2
2026-08-06T21:34:54Z,0,0,0,0,0,0,18,852.3,18.2,18.5,73.6,261,253,0,0,197,0.2,0.2,18.4,15.3,14.1
2026-08-06T21:50:03Z,0,0,0,0,0,0,17.8,852.1,18,18.2,74.9,261,253,0,0,179,0,0,18.2,15.2,13.9
2026-08-06T22:05:12Z,0,0,0,0,0,0,17.6,851.9,17.8,18,75.9,261,254,0,0.3,179,0.7,0.7,17.9,15.1,13.7
2026-08-06T22:20:37Z,0,0,0,0,0,0,17.4,851.8,17.6,17.9,75.8,260,253,0,0.3,179,1.1,1.1,17.8,15,13.5
2026-08-06T22:35:45Z,0,0,0,0,0,0,17.3,851.6,17.4,17.7,76.5,260,254,0,0.1,179,0.9,0.9,17.6,14.9,13.4
2026-08-06T22:50:54Z,0,0,0,0,0,0,17.2,851.6,17.3,17.6,77.8,260,254,0,0.5,179,0.9,0.9,17.5,15,13.3
2026-08-06T23:06:02Z,0,0,0,0,0,0,17,851.4,17.2,17.4,78.2,260,253,0,0,179,0.2,0.2,17.4,14.9,13.1
2026-08-06T23:21:10Z,0,0,0,0,0,0,16.8,851.3,17,17.2,79.1,260,253,0,0.3,179,1.1,1.1,17.2,14.8,12.9
2026-08-06T23:36:18Z,0,0,0,0,0,0,16.7,851.2,16.8,17.2,79.5,261,254,0,0,179,0,0,17.1,14.7,12.9
2026-08-06T23:51:40Z,0,0,0,0,0,0,16.6,851.1,16.8,17,80,259,253,0,0.1,179,0.4,0.4,17,14.7,12.7
2026-08-07T00:00:45Z,0,0,0,0,0,0,16.4,851,16.6,16.8,80.7,261,253,0,0.7,179,2,2,16.7,14.5,12.5
2026-08-07T00:15:54Z,0,0,0,0,0,0,16.2,851,16.4,16.6,81.5,261,254,0,0,179,0,0,16.5,14.4,12.3
2026-08-07T00:31:02Z,0,0,0,0,0,0,16,851.1,16.2,16.4,82.4,260,254,0,0.3,179,0.9,0.9,16.4,14.4,12.1
2026-08-07T00:46:11Z,0,0,0,0,0,0,15.7,851.1,16.1,16.1,83,261,253,0,0.1,179,0.4,0.4,16,14.1,11.8
2026-08-07T01:01:19Z,0,0,0,0,0,0,15.5,851.3,15.9,15.9,84.1,260,253,0,0.1,179,0.7,0.7,15.8,14,11.6
2026-08-07T01:16:40Z,0,0,0,0,0,0,15.4,851.3,15.7,15.8,84.4,261,253,0,1.1,179,1.5,1.5,15.7,14,11.5
2026-08-07T01:31:48Z,0,0,0,0,0,0,15.2,851.4,15.6,15.6,85.2,260,253,0,0,179,0,0,15.5,13.9,11.3
2026-08-07T01:46:56Z,0,0,0,0,0,0,14.9,851.5,15.2,15.3,86.2,261,253,0,0.3,179,0.9,0.9,15.3,13.8,11.1
2026-08-07T02:02:05Z,0,0,0,0,0,0,14.8,851.5,15.1,15.3,86.8,260,254,0,0.3,179,0.7,0.7,15.2,13.8,11
2026-08-07T02:17:13Z,0,0,0,0,0,0,14.9,851.7,15.2,15.3,86.8,261,253,0,0,179,0,0,15.2,13.8,11
2026-08-07T02:32:22Z,0,0,0,0,0,0,15,851.7,15.3,15.4,86.6,260,253,0,0,179,0,0,15.4,13.9,11.2
2026-08-07T02:47:43Z,0,0,0,0,0,0,15.1,851.9,15.4,15.5,86.6,260,254,0,0.1,179,0.4,0.4,15.4,13.9,11.2
2026-08-07T03:02:52Z,0,0,0,0,0,0,15.2,851.9,15.5,15.6,86.2,260,254,0,0,179,0,0,15.5,14,11.3
2026-08-07T03:18:00Z,0,0,0,0,0,0,15.2,852,15.5,15.6,86,261,254,0,0,179,0,0,15.6,14,11.4
2026-08-07T03:33:09Z,0,0,0,0,0,0,15.3,852.2,15.6,15.7,85.6,262,266,0,0.1,179,0.6,0.6,15.6,14,11.4
2026-08-07T03:48:17Z,0,0,0,0.1,0,0,15.3,852.5,15.7,15.8,85.6,270,343,0,0,179,0,0,15.7,14.1,11.5
2026-08-07T04:03:25Z,0,0,0,0.1,0,0,15.4,852.5,15.8,15.9,84.2,278,438,0,0.6,179,1.5,1.5,15.8,14,11.6
2026-08-07T04:18:47Z,0,0,0,0.2,0,0,15.6,852.7,16,16,83.5,303,743,0,1,179,1.7,1.7,15.9,14.1,11.7
2026-08-07T04:33:55Z,0,0,0,0.3,0,0,16,852.8,16.3,16.4,82.4,313,854,0,0.1,179,0.7,0.7,16.3,14.4,12.1
2026-08-07T04:49:03Z,0,0,0,0.4,0,0,16.3,852.9,16.4,16.6,81.2,337,1104,0,1.1,181,1.7,1.7,16.5,14.4,12.3
2026-08-07T05:04:11Z,0,0,0,0.8,0,0,17.2,853.2,17.6,17.2,79.9,413,2175,0,0.1,181,0.4,0.4,17.1,14.8,12.9
2026-08-07T05:19:19Z,0,0,0,1,0,0,18.2,853.5,18.6,17.8,75.9,446,2429,0,1.6,181,2,2,17.7,14.9,13.5
2026-08-07T05:34:27Z,0,0,0,1.1,0,0,18.7,853.7,19.2,18.5,74.1,472,2733,0,1.3,181,1.7,1.7,18.4,15.3,14.1
2026-08-07T05:49:57Z,0,0,0,1.1,0,0,19.1,853.8,19.4,18.9,73.4,460,2467,0,0,180,0,0,18.8,15.6,14.5
2026-08-07T06:05:04Z,0,0,0,1.6,0,0,18.9,853.8,19.8,19.2,70.7,559,3700,0,0.5,181,0.9,0.9,19.1,15.6,14.7
2026-08-07T06:20:27Z,0,0,0,1.8,0,0,22.3,853.9,23.1,21.7,63.6,583,4025,0,0.3,181,1.5,1.5,21.7,17,17
2026-08-07T06:35:35Z,0,0,0,1.1,0,0,19.8,854,20.6,20.3,66.8,470,2586,0,0.4,181,0.9,0.9,20.2,16.2,15.8
2026-08-07T06:50:43Z,0,0,0,1.1,0,0,19.9,853.9,20.4,20.6,65.5,459,2395,0,0.1,181,0.4,0.4,20.5,16.2,16
2026-08-07T07:05:51Z,0,0,0,0.9,0,0,20,853.9,20.3,20.2,67.9,432,2007,0,0.2,181,1.3,1.3,20.1,16.2,15.7
2026-08-07T07:20:58Z,0,0,0,1,0,0,20.3,853.9,20.6,20.4,66.4,439,2128,0,0,181,0.2,0.2,20.3,16.2,15.8
2026-08-07T07:36:06Z,0,0,0,1.3,0,0,21.6,853.7,21.6,21.4,63.1,505,2758,0,0.6,181,1.3,1.3,21.4,16.7,16.8
2026-08-07T07:51:32Z,0,0,0,1.9,0,0,21.7,853.7,21.8,22.2,57.3,618,4158,0,1.3,79,2.2,2.2,22.1,16.6,17.4
2026-08-07T08:06:39Z,0,0,0,1.9,0,0,21.7,853.5,22.1,21.8,59.2,617,4098,0,0.7,195,1.3,1.3,21.7,16.5,17
2026-08-07T08:21:48Z,0,0,0,1.9,0,0,22.7,853.4,23.4,23.2,54.4,612,3956,0,0.2,124,1.1,1.1,23.1,17.1,18.2
2026-08-07T08:36:55Z,0,0,0,1.1,0,0,21.4,853.2,22.2,21.8,57.1,463,2386,0,0.3,179,1,1,21.7,16.3,17
2026-08-07T08:52:03Z,0,0,0,1.5,0,0,22.8,853,23.2,23.2,54.4,527,3003,0,0.2,144,0.9,0.9,23.1,17.1,18.2
2026-08-07T09:07:11Z,0,0,0,3.1,0,0,23.2,852.9,23.4,23.7,53.1,838,6807,0,0.1,185,0.7,0.7,23.6,17.4,18.7
2026-08-07T09:22:40Z,0,0,0,1.4,0,0,23,852.7,23.2,23.6,51.5,512,2993,0,0.3,92,1.1,1.1,23.5,17,18.6
2026-08-07T09:37:48Z,0,0,0,4,0,0,24.2,852.5,24.6,24.7,51.1,1000,8750,0,0.3,154,0.9,0.9,24.7,17.9,19.5
2026-08-07T09:52:56Z,0,0,0,3.7,0,0,25,852.3,25.8,25.3,50.1,949,8008,0,0.5,170,1.3,1.3,25.3,18.3,20
2026-08-07T10:08:03Z,0,0,0,1.1,0,0,24.7,852.1,24.8,25.4,47.2,459,2145,0,0.3,48,1.1,1.1,25.3,17.9,20
2026-08-07T10:23:11Z,0,0,0,1.1,0,0,25.1,851.8,25.5,25.4,47.4,465,2217,0,0.2,173,0.7,0.7,25.4,18,20
2026-08-07T10:38:38Z,0,0,0,1.1,0,0,24.7,851.6,25.1,25.4,47.2,461,2371,0,0.9,164,2.2,2.2,25.3,17.9,20
2026-08-07T10:53:46Z,0,0,0,3.6,0,0,24.6,851.3,24.9,25.2,47.5,934,7900,0,1.3,72,2,2,25.1,17.7,19.8
2026-08-07T11:08:55Z,0,0,0,2,0,0,25.5,851,25.6,26,47,624,4336,0,0,139,0,0,25.9,18.4,20.5
2026-08-07T11:24:03Z,0,0,0,3.3,0,0,25,850.7,25.2,25.7,45.5,870,7184,0,1.2,156,2.2,2.2,25.6,17.9,20.2
2026-08-07T11:39:11Z,0,0,0,1.1,0,0,24.7,850.5,25.4,25.7,45.6,460,2391,0,1.4,123,2.8,2.8,25.6,17.9,20.2
2026-08-07T11:54:47Z,0,0,0,2.8,0,0,25.3,850.1,25.5,25.8,46.2,783,6246,0,0.8,157,2,2,25.8,18.1,20.4
2026-08-07T12:09:54Z,0,0,0,0.8,0,0,25,850,25.3,25.8,46.1,407,1855,0,1.1,113,2.3,2.3,25.7,18,20.3
2026-08-07T12:25:03Z,0,0,0,0.8,0,0,24.6,850,24.8,25.2,47.2,411,1891,0,0.4,183,1.3,1.3,25.1,17.7,19.9
2026-08-07T12:40:11Z,0,0,0,0.9,0,0,24.7,849.8,24.9,25.2,48.2,423,1982,0,0,145,0,0,25.1,17.9,19.8
2026-08-07T12:55:35Z,0,0,0,1,0,0,25.4,849.6,25.6,26,45.5,437,2152,0,0.9,66,1.3,1.3,26,18.2,20.5
2026-08-07T13:10:43Z,0,0,0,1.1,0,0,25.8,849.5,26.2,26.4,45.7,465,2709,0,0.2,164,0.9,0.9,26.3,18.5,20.8
2026-08-07T13:25:51Z,0,0,0,0.4,0,0,24.5,849.7,24.8,25.1,47,332,1046,0,1.1,92,2.5,2.5,25,17.6,19.8
2026-08-07T13:41:46Z,0,0,0,0.3,0,0,23.9,849.8,24.1,24.4,48.9,318,889,0,0.7,155,2,2,24.3,17.3,19.2
2026-08-07T13:56:53Z,0,0,0,0.4,0,0,23.8,849.7,23.9,24.2,49.1,328,996,0,1.2,106,2.8,2.8,24.1,17.2,19
2026-08-07T14:12:02Z,0,0,0,0.2,0,0,23.5,850,23.7,23.9,49.5,287,557,0,1.3,124,2.6,2.6,23.8,17,18.8
2026-08-07T14:27:50Z,0,0,0,0.2,0,0,23.4,850,23.6,23.7,50.3,297,649,0,0.1,79,0.6,0.6,23.6,17,18.6
2026-08-07T14:43:47Z,0,0,0,0.2,0,0,23.2,850,23.3,23.5,50.1,298,674,0,0.5,172,1.3,1.3,23.4,16.8,18.5
2026-08-07T14:58:55Z,0,0,0,0.2,0,0,23,850.1,23.2,23.4,50.6,290,588,0,1.2,57,2.4,2.4,23.2,16.7,18.3
2026-08-07T15:14:04Z,0,0,0,0.1,0,0,22.6,850.1,22.8,23,52.1,277,422,0,0.1,172,0.7,0.7,22.8,16.6,18
2026-08-07T15:29:12Z,0,0,0,0,0,0,22.4,850.2,22.5,22.7,52.7,262,277,0,0.4,142,3.3,3.3,22.6,16.4,17.8
2026-08-07T15:44:20Z,0,0,0,0,0,0,22.2,850.3,22.3,22.5,53.5,262,256,0,0.6,144,1.5,1.5,22.4,16.4,17.6
2026-08-07T15:59:44Z,0,0,0,0,0,0,22,850.4,22.1,22.3,53.5,260,253,0,0.8,161,1.7,1.7,22.2,16.2,17.4
2026-08-07T16:14:53Z,0,0,0,0,0,0,21.7,850.6,21.9,22.1,53.9,262,254,0,1.1,201,3.1,3.1,21.9,16.1,17.2
2026-08-07T16:30:02Z,0,0,0,0,0,0,21.5,850.7,21.7,21.9,54.4,260,253,0,0.4,185,1.3,1.3,21.7,15.9,17.1
2026-08-07T16:45:10Z,0,0,0,0,0,0,21.3,851,21.5,21.7,54.9,259,253,0,0.4,190,1.3,1.3,21.5,15.8,16.9
2026-08-07T17:00:19Z,0,0,0,0,0,0,21.2,851.2,21.4,21.5,55.2,259,254,0,1,144,2.4,2.4,21.4,15.7,16.8
2026-08-07T17:15:27Z,0,0,0,0,0,0,20.9,851.3,21.1,21.3,56.1,259,253,0,1,186,2.6,2.6,21.1,15.6,16.5
2026-08-07T17:30:49Z,0,0,0,0,0,0,20.5,851.5,20.7,20.9,57.2,260,252,0,1.2,182,2.6,2.6,20.7,15.5,16.2
2026-08-07T17:45:58Z,0,0,0,0,0,0,20.1,851.5,20.2,20.5,58.3,260,253,0,0.6,142,2.2,2.2,20.3,15.3,15.9
2026-08-07T18:01:29Z,0,0,0,0,0,0,19.8,851.8,20,20.2,59.3,261,253,0,1.1,177,2.8,2.8,20,15.1,15.6
2026-08-07T18:16:56Z,0,0,0,0,0,0,19.5,851.9,19.8,19.9,60,261,253,0,0.9,173,2.6,2.6,19.7,15,15.3
2026-08-07T18:32:04Z,0,0,0,0,0,0,19.3,852.2,19.4,19.7,60.8,261,253,0,0.7,153,2.2,2.2,19.5,14.8,15.1
2026-08-07T18:47:12Z,0,0,0,0,0,0,19.1,852.4,19.2,19.5,61.7,261,254,0,1.1,169,3.5,3.5,19.3,14.8,14.9
2026-08-07T19:02:21Z,0,0,0,0,0,0,18.8,852.5,19,19.3,62.9,261,253,0,0.5,163,2.4,2.4,19.1,14.7,14.7
2026-08-07T19:17:29Z,0,0,0,0,0,0,18.6,852.5,18.8,19,64,259,253,0,0.9,162,1.7,1.7,18.8,14.6,14.5
2026-08-07T19:32:54Z,0,0,0,0,0,0,18.1,852.5,18.3,18.5,65.9,259,253,0,0,141,0.4,0.4,18.4,14.4,14.1
2026-08-07T19:48:02Z,0,0,0,0,0,0,18,852.5,18.2,18.4,67.1,260,254,0,0.3,135,1.1,1.1,18.2,14.5,14
2026-08-07T20:03:10Z,0,0,0,0,0,0,17.9,852.4,18.1,18.3,67.6,261,253,0,0.2,131,0.7,0.7,18.2,14.4,13.9
2026-08-07T20:18:19Z,0,0,0,0,0,0,17.7,852.4,17.9,18.1,68.9,261,253,0,0.6,169,1.7,1.7,18,14.4,13.7
2026-08-07T20:33:26Z,0,0,0,0,0,0,17.6,852.3,17.8,18,69.8,259,254,0,0.2,159,1.1,1.1,17.8,14.4,13.6
2026-08-07T20:48:34Z,0,0,0,0,0,0,17.4,852.2,17.6,17.8,71.1,259,253,0,0.6,115,2.4,2.4,17.7,14.4,13.4
2026-08-07T21:03:56Z,0,0,0,0,0,0,17.3,852.1,17.4,17.7,72.8,259,253,0,0.2,181,0.7,0.7,17.5,14.5,13.3
2026-08-07T21:19:04Z,0,0,0,0,0,0,17.1,852.2,17.2,17.5,73.4,260,253,0,0.1,121,0.7,0.7,17.4,14.4,13.2
2026-08-07T21:34:12Z,0,0,0,0,0,0,17.1,852.3,17.2,17.5,73.4,261,253,0,0,107,0,0,17.4,14.4,13.1
2026-08-07T21:49:20Z,0,0,0,0,0,0,17,852.3,17.1,17.4,74,261,254,0,0,81,0,0,17.3,14.3,13
2026-08-07T22:05:06Z,0,0,0,0,0,0,16.7,852.1,16.9,17.2,74.8,261,254,0,0.1,98,0.4,0.4,17.1,14.2,12.8
2026-08-07T22:20:14Z,0,0,0,0,0,0,16.4,851.9,16.6,16.9,76.2,261,254,0,0.1,104,0.7,0.7,16.8,14.1,12.5
2026-08-07T22:35:22Z,0,0,0,0,0,0,16.3,851.8,16.4,16.7,77.3,260,254,0,0.3,112,0.9,0.9,16.6,14,12.3
2026-08-07T22:50:30Z,0,0,0,0,0,0,16.2,851.7,16.4,16.7,77.9,260,253,0,0,116,0,0,16.5,14.1,12.3
2026-08-07T23:06:09Z,0,0,0,0,0,0,16.2,851.6,16.4,16.6,78.2,261,254,0,0,127,0.2,0.2,16.5,14.1,12.3
2026-08-07T23:21:18Z,0,0,0,0,0,0,16.1,851.5,16.3,16.5,78.7,260,253,0,0,108,0,0,16.4,14,12.2
2026-08-07T23:36:27Z,0,0,0,0,0,0,16,851.2,16.3,16.5,79.2,261,252,0,0.1,139,0.7,0.7,16.4,14.1,12.2
2026-08-07T23:51:35Z,0,0,0,0,0,0,16,851.2,16.3,16.5,79.4,260,253,0,0.5,139,1.7,1.7,16.3,14.1,12.1
2026-08-08T00:00:41Z,0,0,0,0,0,0,15.9,851.1,16.2,16.3,79.7,259,253,0,0,139,0,0,16.2,14,12
2026-08-08T00:16:02Z,0,0,0,0,0,0,15.5,851,15.9,16,80.9,260,253,0,0,139,0,0,15.9,13.8,11.7
2026-08-08T00:31:10Z,0,0,0,0,0,0,15.3,851,15.7,15.8,81.9,260,253,0,0,119,0,0,15.7,13.7,11.5
2026-08-08T00:46:18Z,0,0,0,0,0,0,15.2,850.9,15.5,15.7,82.6,259,254,0,0,119,0,0,15.6,13.7,11.4
2026-08-08T01:01:27Z,0,0,0,0,0,0,15,850.8,15.3,15.5,83.4,260,253,0,0,119,0,0,15.4,13.6,11.2
2026-08-08T01:16:35Z,0,0,0,0,0,0,14.6,851.1,15,15.1,85,260,252,0,0,138,0,0,15,13.4,10.8
2026-08-08T01:32:03Z,0,0,0,0,0,0,14.5,851.2,14.8,15,85.9,259,254,0,0,138,0.2,0.2,14.9,13.4,10.7
2026-08-08T01:47:11Z,0,0,0,0,0,0,14.6,851.4,14.9,15.1,85.9,260,253,0,0,138,0,0,15,13.4,10.8
2026-08-08T02:02:19Z,0,0,0,0,0,0,14.7,851.4,15.1,15.1,85.8,260,252,0,0,138,0.2,0.2,15,13.5,10.9
2026-08-08T02:17:27Z,0,0,0,0,0,0,14.8,851.6,15.1,15.2,85.7,260,254,0,0,138,0,0,15.1,13.6,10.9
2026-08-08T02:32:35Z,0,0,0,0,0,0,14.8,851.8,15.1,15.2,85.5,260,252,0,0.5,138,1,1,15.1,13.5,10.9
2026-08-08T02:47:44Z,0,0,0,0,0,0,14.8,851.8,15.1,15.3,85.3,262,253,0,0,138,0,0,15.2,13.6,11
2026-08-08T03:03:07Z,0,0,0,0,0,0,14.9,851.9,15.2,15.3,85.5,261,253,0,0,138,0,0,15.3,13.7,11.1
2026-08-08T03:18:16Z,0,0,0,0,0,0,14.9,852.1,15.2,15.3,85.4,260,254,0,0,138,0,0,15.3,13.7,11.1
2026-08-08T03:33:24Z,0,0,0,0,0,0,15,852.2,15.2,15.4,85.8,261,257,0,0,138,0,0,15.3,13.8,11.1
2026-08-08T03:48:33Z,0,0,0,0,0,0,15,852.4,15.3,15.4,85.5,265,280,0,0,138,0,0,15.3,13.7,11.1
2026-08-08T04:03:41Z,0,0,0,0.1,0,0,15,852.5,15.3,15.4,85.6,271,368,0,0,138,0,0,15.4,13.8,11.2
2026-08-08T04:18:49Z,0,0,0,0.1,0,0,15.2,852.7,15.5,15.6,85.4,280,482,0,0,138,0,0,15.5,13.9,11.3
2026-08-08T04:34:10Z,0,0,0,0.2,0,0,15.5,852.8,15.8,15.9,84.3,286,552,0,0,138,0,0,15.8,14,11.6
2026-08-08T04:50:56Z,0,0,0,0.2,0,0,15.6,853.1,16,16.1,83.6,296,637,0,0,138,0.2,0.2,16,14.2,11.8
2026-08-08T05:06:20Z,0,0,0,0.3,0,0,16,853.5,16.2,16.3,83,306,761,0,0,137,0,0,16.3,14.3,12.1
2026-08-08T05:21:28Z,0,0,0,0.4,0,0,16.3,853.8,16.5,16.6,81,324,965,0,0,136,0.2,0.2,16.5,14.4,12.3
2026-08-08T05:36:36Z,0,0,0,0.5,0,0,16.5,853.8,16.8,16.9,80,356,1344,0,0,137,0,0,16.8,14.5,12.6
2026-08-08T05:51:44Z,0,0,0,0.8,0,0,17.3,853.9,17.6,17.6,77.3,398,1815,0,1,186,1.7,1.7,17.6,14.9,13.3
2026-08-08T06:06:52Z,0,0,0,1,0,0,17.8,853.9,18,17.9,75.7,440,2274,0,0.1,190,0.7,0.7,17.9,15,13.6
2026-08-08T06:22:01Z,0,0,0,1.4,0,0,18.4,853.9,18.8,18.8,71.9,522,3231,0,0.8,189,2.1,2.1,18.7,15.4,14.4
2026-08-08T06:37:23Z,0,0,0,1.1,0,0,18.9,854,19.3,19.1,70.8,472,2607,0,1.1,189,2,2,19,15.5,14.6
2026-08-08T06:52:32Z,0,0,0,1.4,0,0,18.9,853.9,19.2,19,71.9,514,3061,0,0.4,189,0.9,0.9,18.9,15.6,14.6
2026-08-08T07:07:40Z,0,0,0,1.1,0,0,19.4,853.9,19.9,19.9,66.6,468,2545,0,0.3,189,1.5,1.5,19.8,15.8,15.4
2026-08-08T07:22:48Z,0,0,0,0.6,0,0,19,853.9,19.5,19.5,67.9,360,1372,0,0.4,189,1.3,1.3,19.4,15.5,15
2026-08-08T07:38:35Z,0,0,0,0.4,0,0,18.8,854,19.1,19.1,69,328,1006,0,0.1,189,0.4,0.4,18.9,15.3,14.6
2026-08-08T07:53:43Z,0,0,0,0.6,0,0,19.2,853.8,19.4,19.5,69.7,369,1449,0,0.1,190,0.4,0.4,19.4,15.7,15
2026-08-08T08:09:36Z,0,0,0,0.7,0,0,19.2,853.8,19.6,19.7,67.3,383,1612,0,0.4,190,1.1,1.1,19.6,15.7,15.2
2026-08-08T08:25:35Z,0,0,0,0.8,0,0,19.7,853.9,20.1,20.2,66.4,398,1789,0,0.4,190,2,2,20.1,16,15.6
2026-08-08T08:40:43Z,0,0,0,1,0,0,19.4,853.7,19.7,19.9,66.7,445,2315,0,0.3,189,0.9,0.9,19.8,15.7,15.3
2026-08-08T08:56:37Z,0,0,0,1.6,0,0,20.4,853.4,20.7,20.8,61.8,553,3495,0,0.1,189,0.4,0.4,20.7,16,16.1
2026-08-08T09:11:45Z,0,0,0,1.3,0,0,21.2,853.2,21.4,21,61.4,499,2893,0,0.9,189,1.3,1.3,20.9,16.1,16.4
2026-08-08T09:26:53Z,0,0,0,1.6,0,0,20.7,853,21,20.9,61.7,552,3495,0,0.8,168,1.5,1.5,20.8,16,16.2
2026-08-08T09:42:01Z,0,0,0,1.3,0,0,20.9,852.7,21.2,21.2,61,501,2905,0,0,197,0.4,0.4,21,16.2,16.5
2026-08-08T09:57:08Z,0,0,0,1.4,0,0,21.2,852.5,21.7,21.7,59.1,526,3195,0,0,211,0.2,0.2,21.6,16.4,17
2026-08-08T10:12:35Z,0,0,0,1.4,0,0,22.1,852.2,22.6,22.6,56,526,3198,0,0.1,167,0.7,0.7,22.5,16.8,17.7
2026-08-08T10:27:43Z,0,0,0,1.6,0,0,21.9,852,22.4,22.5,56.3,551,3465,0,0.3,151,1.3,1.3,22.4,16.8,17.7
2026-08-08T10:42:51Z,0,0,0,1.5,0,0,22.2,851.7,22.8,22.6,55.4,527,3173,0,0.6,144,1.7,1.7,22.5,16.7,17.7
2026-08-08T10:57:59Z,0,0,0,1.4,0,0,22.5,851.4,23,23.3,54.6,519,2947,0,0.4,167,1.5,1.5,23.2,17.2,18.3
2026-08-08T11:13:07Z,0,0,0,1.1,0,0,22.7,851.1,23.2,23.2,53.6,470,2484,0,0.4,159,1.5,1.5,23.1,17,18.2
2026-08-08T11:28:15Z,0,0,0,3.1,0,0,23.4,851,24,23.9,53.8,840,6805,0,0.1,184,0.7,0.7,23.9,17.6,18.8
2026-08-08T11:43:39Z,0,0,0,1.3,0,0,24,850.7,24.5,24.2,50.6,494,2590,0,0.9,235,2,2,24.1,17.4,19
2026-08-08T11:58:45Z,0,0,0,0.9,0,0,22.9,850.5,23.4,23.6,51.9,422,1944,0,0.5,129,1.3,1.3,23.5,17.1,18.5
2026-08-08T12:13:45Z,0,0,0,1.1,0,0,23.2,850.2,23.6,23.7,51.9,470,2238,0,0.3,184,1.1,1.1,23.6,17.1,18.6
2026-08-08T12:28:52Z,0,0,0,0.9,0,0,25.5,850.1,25.7,26.5,45.6,435,2106,0,0.6,149,2,2,26.5,18.6,20.9
2026-08-08T12:44:00Z,0,0,0,1.9,0,0,23.1,850,23.3,23.9,51,616,4401,0,1.1,74,2,2,23.8,17.2,18.8
2026-08-08T12:59:48Z,0,0,0,0.5,0,0,23.8,850,24.4,24.6,49.3,354,1313,0,0.8,173,2,2,24.6,17.6,19.4
2026-08-08T13:14:56Z,0,0,0,0.4,0,0,22.8,850.1,23.1,23.3,53.7,336,1100,0,0,146,0.2,0.2,23.2,17.1,18.3
2026-08-08T13:30:03Z,0,0,0,0.5,0,0,22.7,850.1,22.9,23.2,54.5,346,1208,0,0,85,0.2,0.2,23.1,17.1,18.2
2026-08-08T13:45:12Z,0,0,0,0.5,0,0,22.3,850.2,22.4,22.8,55.7,347,1203,0,0.7,86,1.5,1.5,22.7,16.9,17.9
2026-08-08T14:00:20Z,0,0,0,0.3,0,0,22.1,850.4,22.2,22.6,55.3,323,955,0,1.4,69,2.8,2.8,22.4,16.7,17.7
2026-08-08T14:15:46Z,0,0,0,0.4,0,0,22.3,850.5,22.4,22.7,54.8,338,1129,0,1.1,73,2,2,22.6,16.7,17.8
2026-08-08T14:30:54Z,0,0,0,0.4,0,0,22.1,850.6,22.2,22.6,55,335,1086,0,0.9,72,1.7,1.7,22.5,16.7,17.7
2026-08-08T14:46:02Z,0,0,0,0.3,0,0,22.1,850.7,22.3,22.7,55,306,727,0,0.4,114,1.5,1.5,22.6,16.7,17.8
2026-08-08T15:01:10Z,0,0,0,0.2,0,0,21.5,850.8,21.8,22,56.1,293,571,0,0.5,151,2.2,2.2,21.8,16.2,17.1
2026-08-08T15:16:19Z,0,0,0,0.1,0,0,21.2,850.8,21.4,21.6,57.8,277,434,0,0.2,143,0.4,0.4,21.5,16.2,16.9
2026-08-08T15:31:27Z,0,0,0,0,0,0,21.1,851,21.3,21.4,58.5,264,291,0,0.2,128,1.3,1.3,21.3,16.1,16.7
2026-08-08T15:46:49Z,0,0,0,0,0,0,20.9,851.1,21.1,21.3,58.8,261,259,0,1,84,1.5,1.5,21.2,16,16.6
2026-08-08T16:01:57Z,0,0,0,0,0,0,20.7,851.3,20.8,21.1,59.6,259,254,0,0.2,69,1.3,1.3,20.9,15.9,16.4
2026-08-08T16:17:04Z,0,0,0,0,0,0,20.5,851.5,20.6,20.8,61.5,259,254,0,0,88,0,0,20.7,15.9,16.2
2026-08-08T16:32:13Z,0,0,0,0,0,0,20,851.5,20.1,20.3,65.4,261,253,0,0,14,0,0,20.2,16,15.7
2026-08-08T16:47:21Z,0,0,0,0,0,0,19.6,851.6,19.7,19.9,67.1,260,253,0,0,36,0,0,19.8,15.8,15.4
2026-08-08T17:02:29Z,0,0,0,0,0,0,19.3,851.7,19.4,19.6,68.2,260,253,0,0.3,328,0.9,0.9,19.5,15.7,15.1
2026-08-08T17:17:52Z,0,0,0,0,0,0,19,851.8,19.1,19.4,69.4,259,254,0,0,65,0,0,19.3,15.7,14.9
2026-08-08T17:32:59Z,0,0,0,0,0,0,18.8,852,18.9,19.2,70.8,260,254,0,0,77,0,0,19.1,15.6,14.7
2026-08-08T17:48:08Z,0,0,0,0,0,0,18.5,851.9,18.6,18.8,72.1,261,253,0,0,77,0,0,18.7,15.4,14.4
2026-08-08T18:03:16Z,0,0,0,0,0,0,18.1,852,18.1,18.4,73.9,260,255,0,0,77,0,0,18.3,15.3,14
2026-08-08T18:18:25Z,0,0,0,0,0,0,17.5,852.2,17.6,17.9,76.2,260,252,0,0,77,0,0,17.8,15,13.5
2026-08-08T18:33:33Z,0,0,0,0,0,0,17.2,852.3,17.3,17.5,78.3,260,253,0,0,77,0,0,17.4,14.9,13.2
2026-08-08T18:48:57Z,0,0,0,0,0,0,17.1,852.4,17.3,17.5,77.9,260,253,0,0,77,0,0,17.4,14.8,13.1
2026-08-08T19:04:06Z,0,0,0,0,0,0,17.2,852.7,17.4,17.6,77.2,261,254,0,0,77,0,0,17.5,14.9,13.3
2026-08-08T19:19:14Z,0,0,0,0,0,0,17,852.6,17.2,17.4,76.3,259,253,0,0.1,77,0.4,0.4,17.3,14.6,13.1
2026-08-08T19:34:23Z,0,0,0,0,0,0,17.1,852.7,17.3,17.5,74.9,260,253,0,0,77,0,0,17.4,14.5,13.2
2026-08-08T19:49:32Z,0,0,0,0,0,0,17.8,852.7,17.9,18.1,71.5,259,252,0,0,77,0.2,0.2,17.9,14.6,13.7
2026-08-08T20:05:06Z,0,0,0,0,0,0,18.5,852.7,18.6,18.8,70.2,260,254,0,0.5,175,1.7,1.7,18.7,15.2,14.4
2026-08-08T20:20:14Z,0,0,0,0,0,0,18.3,852.8,18.6,18.7,71,260,253,0,1.1,179,2.8,2.8,18.6,15.2,14.3
2026-08-08T20:35:23Z,0,0,0,0,0,0,17.9,852.6,18.1,18.4,74.5,260,254,0,0.1,178,0.4,0.4,18.3,15.3,14
2026-08-08T20:50:31Z,0,0,0,0,0,0,17.5,852.5,17.7,17.9,77.6,261,253,0,0.9,111,1.7,1.7,17.9,15.3,13.6
2026-08-08T21:05:40Z,0,0,0,0,0,0,17.3,852.6,17.4,17.7,80.1,261,253,0,0,176,0.2,0.2,17.7,15.3,13.4
2026-08-08T21:21:04Z,0,0,0,0,0,0,17.2,852.3,17.3,17.5,81.5,260,253,0,0.5,186,1.7,1.7,17.5,15.4,13.3
2026-08-08T21:36:12Z,0,0,0,0,0,0,17,852.2,17.1,17.4,82.5,261,254,0,1,179,2,2,17.4,15.3,13.2
2026-08-08T21:51:20Z,0,0,0,0,0,0,17,852.1,17.1,17.4,82.9,260,254,0,0,136,0,0,17.4,15.4,13.2
2026-08-08T22:06:28Z,0,0,0,0,0,0,17,852,17.2,17.4,83.2,260,254,0,0,200,0,0,17.4,15.4,13.1
2026-08-08T22:21:37Z,0,0,0,0,0,0,16.9,851.9,17.1,17.3,84,260,254,0,0.2,119,0.7,0.7,17.3,15.4,13.1
2026-08-08T22:37:00Z,0,0,0,0,0,0,16.6,851.8,16.8,17,84.1,260,254,0,0.3,101,1.1,1.1,17,15.2,12.8
2026-08-08T22:52:08Z,0,0,0,0,0,0,16.5,851.6,16.6,16.9,84.5,260,253,0,0.1,193,0.5,0.5,16.9,15.1,12.7
2026-08-08T23:07:16Z,0,0,0,0,0,0,16.4,851.4,16.6,16.9,84.8,261,253,0,0.1,193,0.7,0.7,16.8,15.1,12.6
2026-08-08T23:23:07Z,0,0,0,0,0,0,16.3,851.3,16.4,16.7,84.6,259,254,0,0.1,193,1.1,1.1,16.7,14.9,12.5
2026-08-08T23:38:15Z,0,0,0,0,0,0,16.3,851.2,16.5,16.7,84.7,261,254,0,0.2,109,0.7,0.7,16.7,14.9,12.5
2026-08-08T23:53:23Z,0,0,0,0,0,0,16.2,851.1,16.3,16.6,84.7,259,254,0,0.1,183,0.7,0.7,16.6,14.8,12.4
2026-08-09T00:00:27Z,0,0,0,0,0,0,16.1,851,16.3,16.6,85,261,252,0,0.2,172,0.7,0.7,16.5,14.8,12.3
2026-08-09T00:15:35Z,0,0,0,0,0,0,15.9,851,16.2,16.3,85.9,261,254,0,0.9,200,1.7,1.7,16.3,14.7,12.1
2026-08-09T00:30:42Z,0,0,0,0,0,0,15.7,851.1,16.1,16.1,86.4,260,252,0,0.4,191,2.2,2.2,16.1,14.6,11.9
2026-08-09T00:46:09Z,0,0,0,0,0,0,15.7,851,16.1,16.1,85.9,261,254,0,0.9,173,1.7,1.7,16.1,14.5,11.9
2026-08-09T01:01:18Z,0,0,0,0,0,0,15.5,851.1,15.9,15.9,86.1,261,252,0,0.2,104,0.9,0.9,15.9,14.3,11.7
2026-08-09T01:16:25Z,0,0,0,0,0,0,15.4,851,15.7,15.9,86.9,260,253,0,0.2,126,1.1,1.1,15.8,14.3,11.6
2026-08-09T01:31:34Z,0,0,0,0,0,0,15.4,851,15.8,15.8,87.3,261,254,0,0.8,175,1.5,1.5,15.8,14.3,11.6
2026-08-09T01:46:42Z,0,0,0,0,0,0,15.4,851.1,15.8,15.8,87.3,261,254,0,0.8,190,2.6,2.6,15.8,14.4,11.6
2026-08-09T02:01:50Z,0,0,0,0,0,0,15.5,851,15.9,16,87,260,253,0,0.2,192,0.7,0.7,15.9,14.5,11.7
2026-08-09T02:17:13Z,0,0,0,0,0,0,15.4,851.2,15.8,15.9,87.4,260,254,0,0.9,160,1.7,1.7,15.8,14.4,11.6
2026-08-09T02:32:21Z,0,0,0,0,0,0,15.3,851.3,15.7,15.7,88.1,260,254,0,0.8,156,2,2,15.7,14.3,11.5
2026-08-09T02:47:29Z,0,0,0,0,0,0,15.2,851.4,15.6,15.6,88.3,260,254,0,0.1,136,0.7,0.7,15.6,14.3,11.4
2026-08-09T03:02:37Z,0,0,0,0,0,0,15.1,851.5,15.4,15.5,88.8,261,253,0,0.2,211,0.7,0.7,15.5,14.2,11.3
2026-08-09T03:17:45Z,0,0,0,0,0,0,15,851.5,15.3,15.4,88.9,260,255,0,0.2,211,1.1,1.1,15.4,14.2,11.2
2026-08-09T03:32:53Z,0,0,0,0,0,0,14.9,851.6,15.2,15.3,89.3,262,270,0,0,210,0,0,15.3,14.1,11.1
2026-08-09T03:48:16Z,0,0,0,0.1,0,0,14.9,851.8,15.2,15.3,89.5,269,340,0,0,118,0,0,15.3,14.1,11.1
2026-08-09T04:03:38Z,0,0,0,0.1,0,0,15,852.3,15.3,15.4,89.2,276,427,0,0.1,165,0.2,0.2,15.4,14.2,11.2
2026-08-09T04:18:46Z,0,0,0,0.2,0,0,15.1,852.4,15.5,15.6,88.8,299,782,0,0,165,0.2,0.2,15.5,14.3,11.3
2026-08-09T04:33:54Z,0,0,0,0.2,0,0,15.5,852.5,15.8,15.9,87.9,297,660,0,0,165,0,0,15.9,14.5,11.7
2026-08-09T04:49:02Z,0,0,0,0.2,0,0,15.6,852.7,15.9,16,87.2,294,623,0,0,164,0.2,0.2,16,14.5,11.8
2026-08-09T05:04:10Z,0,0,0,0.2,0,0,15.7,853,16.1,16.1,86.8,296,652,0,0.2,164,1.3,1.3,16.1,14.6,11.9
2026-08-09T05:19:43Z,0,0,0,0.3,0,0,15.8,853.1,16.1,16.2,86.6,307,766,0,0,165,0,0,16.2,14.7,12
2026-08-09T05:34:50Z,0,0,0,0.2,0,0,15.8,853.3,16.2,16.3,85.9,286,532,0,0,165,0,0,16.2,14.6,12
2026-08-09T05:49:58Z,0,0,0,0.1,0,0,15.8,853.5,16.1,16.1,88.6,281,463,0,0,165,0,0,16.1,14.7,11.9
2026-08-09T06:05:06Z,0,0,0,0.2,0,0,15.5,853.8,15.8,15.7,90.2,292,606,0,0,165,0,0,15.7,14.6,11.5
2026-08-09T06:20:15Z,0,0,0,0.4,0,0,15.6,853.9,15.8,15.9,91.4,327,996,0,0,165,0,0,15.9,14.9,11.7
2026-08-09T06:35:44Z,0,0,0,0.6,0,0,16.1,853.9,16.2,16.4,90.8,360,1375,0,0,165,0,0,16.4,15.3,12.2
2026-08-09T06:50:52Z,0,0,0,0.6,0,0,16.6,853.9,16.6,17,88.1,379,1570,0,0.2,164,0.7,0.7,17,15.6,12.8
2026-08-09T07:05:52Z,0,0,0,0.7,0,0,17,853.8,17.1,17.5,85.5,394,1751,0,0,165,0.2,0.2,17.5,15.8,13.3
2026-08-09T07:21:50Z,0,0,0,1,0,0,17.6,853.8,17.6,18.1,81.7,442,2276,0,0,164,0,0,18.1,15.9,13.8
2026-08-09T07:36:58Z,0,0,0,1.6,0,0,18.4,853.7,18.4,18.8,79.7,548,3401,0,0,164,0.4,0.4,18.8,16.4,14.5
2026-08-09T07:52:06Z,0,0,0,1.8,0,0,19.4,853.6,19.9,20,72.2,591,3868,0,0.4,164,1.5,1.5,19.9,16.5,15.5
2026-08-09T08:07:15Z,0,0,0,0.8,0,0,19.5,853.4,20.1,20.2,69,413,1931,0,0.5,166,1.3,1.3,20.1,16.3,15.7
2026-08-09T08:22:23Z,0,0,0,0.6,0,0,19,853.3,19.4,19.5,70.9,362,1383,0,0.2,175,1.5,1.5,19.4,15.9,15
2026-08-09T08:37:48Z,0,0,0,1,0,0,19.3,853.1,19.6,19.6,70.7,449,2329,0,0,250,0,0,19.6,16,15.2
2026-08-09T08:52:57Z,0,0,0,1.5,0,0,20.1,852.9,20.4,20.6,67,545,3357,0,0,196,0,0,20.6,16.5,16.1
2026-08-09T09:08:57Z,0,0,0,1.4,0,0,20.8,852.6,20.9,20.7,63.6,513,3006,0,0.8,245,1.3,1.3,20.6,16.1,16.1
2026-08-09T09:24:04Z,0,0,0,1.2,0,0,20.4,852.4,20.6,20.4,65.3,485,2719,0,0,263,0.4,0.4,20.3,16.1,15.9
2026-08-09T09:39:12Z,0,0,0,1.9,0,0,20.9,852.1,21.3,21.5,61.7,607,4029,0,0.1,163,0.4,0.4,21.4,16.6,16.8
2026-08-09T09:54:20Z,0,0,0,1.9,0,0,21.6,851.8,22.1,22.1,59,607,4053,0,0.3,212,0.9,0.9,22,16.8,17.3
2026-08-09T10:09:28Z,0,0,0,1.7,0,0,21.9,851.6,22.4,22.1,60.3,568,3596,0,0.1,205,0.7,0.7,22,16.9,17.3
2026-08-09T10:24:53Z,0,0,0,1,0,0,21.9,851.5,22,22,58.3,436,2160,0,0.2,28,0.7,0.7,21.9,16.6,17.3
2026-08-09T10:40:01Z,0,0,0,0.8,0,0,21.9,851.3,22,22.3,58.4,401,1783,0,0,32,0,0,22.2,16.8,17.5
2026-08-09T10:55:09Z,0,0,0,0.7,0,0,21.7,851.2,22.1,22,57.9,391,1693,0,0,31,0,0,21.9,16.5,17.2
2026-08-09T11:10:17Z,0,0,0,0.8,0,0,21.5,851,21.6,22,57.3,401,1799,0,2.2,72,2.8,2.8,21.9,16.5,17.2
2026-08-09T11:25:25Z,0,0,0,1.1,0,0,22.4,850.8,22.5,22.8,56.5,470,2543,0,0,39,0.4,0.4,22.7,17.1,17.9
2026-08-09T11:40:33Z,0,0,0,1.7,0,0,22.8,850.6,23.2,23.5,54.2,580,3750,0,0,141,0,0,23.4,17.3,18.5
2026-08-09T11:56:01Z,0,0,0,1.8,0,0,22.5,850.5,23,23.1,54.2,587,3819,0,0.1,205,0.7,0.7,23,17,18.2
2026-08-09T12:11:09Z,0,0,0,1.4,0,0,22.9,850.3,22.9,23.6,51.1,524,3155,0,1.1,62,2,2,23.4,16.9,18.5
2026-08-09T12:26:17Z,0,0,0,1.3,0,0,23.4,850.1,23.8,24,52.3,493,2782,0,0.4,158,1.7,1.7,24,17.5,18.9
2026-08-09T12:42:04Z,0,0,0,1.2,0,0,22.9,850.1,23.3,23.6,52.1,486,2687,0,0.5,90,1.3,1.3,23.5,17.1,18.5
2026-08-09T12:57:12Z,0,0,0,0.9,0,0,23.5,849.9,24.1,24.5,49.8,426,2041,0,0.1,114,0.7,0.7,24.4,17.5,19.3
2026-08-09T13:12:21Z,0,0,0,1.3,0,0,23.5,849.9,24,24.1,51.1,504,2981,0,1,175,1.7,1.7,24.1,17.4,19
2026-08-09T13:27:28Z,0,0,0,0.6,0,0,23.2,850,23.5,23.8,50.4,379,1535,0,0,133,0.4,0.4,23.7,17.1,18.7
2026-08-09T13:42:37Z,0,0,0,0.6,0,0,22.8,850.1,23.2,23.3,51.1,365,1411,0,0,176,0.2,0.2,23.2,16.7,18.3
2026-08-09T13:58:00Z,0,0,0,0.5,0,0,22.5,850.2,22.7,23,52.8,349,1275,0,0.3,112,1.1,1.1,22.9,16.7,18
2026-08-09T14:13:08Z,0,0,0,0.4,0,0,22.9,850.2,23.2,23.5,51.9,324,979,0,0,167,0.2,0.2,23.4,17,18.5
2026-08-09T14:28:16Z,0,0,0,0.3,0,0,22.7,850.3,23,23.3,51.5,312,880,0,0.2,167,0.9,0.9,23.2,16.8,18.3
2026-08-09T14:44:09Z,0,0,0,0.2,0,0,22.6,850.4,22.9,23.2,51.6,294,594,0,0.1,177,0.4,0.4,23.1,16.7,18.2
2026-08-09T14:59:17Z,0,0,0,0.2,0,0,22.1,850.4,22.4,22.6,53.5,285,520,0,0,177,0,0,22.4,16.4,17.7
2026-08-09T15:14:25Z,0,0,0,0.1,0,0,21.7,850.4,21.9,22.1,54.7,277,400,0,0.3,108,1,1,21.9,16.2,17.3
2026-08-09T15:29:33Z,0,0,0,0.1,0,0,21.2,850.6,21.4,21.6,56.2,266,315,0,0.2,91,0.9,0.9,21.5,15.9,16.8
2026-08-09T15:44:41Z,0,0,0,0,0,0,20.7,850.7,20.9,21.1,57.8,260,267,0,0,71,0.2,0.2,20.9,15.7,16.4
2026-08-09T16:00:05Z,0,0,0,0,0,0,20.2,850.7,20.3,20.6,59.5,259,254,0,0,101,0,0,20.4,15.5,15.9
2026-08-09T16:15:13Z,0,0,0,0,0,0,19.7,850.8,19.9,20.1,60.6,261,253,0,0,102,0,0,19.9,15.2,15.5
2026-08-09T16:30:13Z,0,0,0,0,0,0,19.4,850.9,19.5,19.7,62.5,261,253,0,0.2,137,0.9,0.9,19.5,15.1,15.1
2026-08-09T16:45:21Z,0,0,0,0,0,0,19.2,850.9,19.4,19.5,61.7,259,254,0,0,141,0,0,19.4,14.8,15
2026-08-09T17:00:29Z,0,0,0,0,0,0,18.8,850.9,18.9,19,63.3,259,253,0,0,141,0,0,18.8,14.6,14.5
2026-08-09T17:15:37Z,0,0,0,0,0,0,18.2,851.1,18.4,18.6,65,260,254,0,0,141,0,0,18.4,14.4,14.1
2026-08-09T17:30:45Z,0,0,0,0,0,0,18.2,851.4,18.5,18.7,65.4,260,253,0,0,141,0,0,18.5,14.5,14.2
2026-08-09T17:46:08Z,0,0,0,0,0,0,18.1,851.5,18.3,18.5,67.8,260,254,0,0,141,0,0,18.3,14.6,14
2026-08-09T18:01:15Z,0,0,0,0,0,0,18,851.4,18.1,18.3,67.6,260,254,0,0,141,0,0,18.2,14.4,13.9
2026-08-09T18:16:23Z,0,0,0,0,0,0,17.7,851.6,17.8,18,69.9,260,253,0,0,141,0,0,17.8,14.4,13.6
2026-08-09T18:31:31Z,0,0,0,0,0,0,17.4,851.8,17.5,17.7,71.7,260,253,0,0,141,0,0,17.5,14.3,13.3
2026-08-09T18:46:39Z,0,0,0,0,0,0,17.1,851.8,17.2,17.5,71.9,260,253,0,0,141,0,0,17.4,14.2,13.1
2026-08-09T19:01:46Z,0,0,0,0,0,0,17,852,17.1,17.4,73.1,259,253,0,0,141,0,0,17.2,14.2,13
2026-08-09T19:17:13Z,0,0,0,0,0,0,17.1,851.9,17.4,17.6,71,258,253,0,0,141,0,0,17.4,14.1,13.2
2026-08-09T19:32:20Z,0,0,0,0,0,0,17.9,851.9,18.2,18.2,67.2,260,253,0,0,134,0,0,18,14.3,13.7
2026-08-09T19:47:28Z,0,0,0,0,0,0,18.4,851.9,18.5,18.7,64.2,260,253,0,0,140,0,0,18.5,14.3,14.2
2026-08-09T20:02:36Z,0,0,0,0,0,0,18.2,852,18.4,18.5,63.5,259,253,0,0.5,124,2,2,18.3,14.1,14
2026-08-09T20:17:44Z,0,0,0,0,0,0,18.1,851.9,18.2,18.4,64.1,262,254,0,0.4,196,1.3,1.3,18.2,14.1,13.9
2026-08-09T20:33:09Z,0,0,0,0,0,0,17.9,851.8,18.1,18.3,64.7,260,253,0,0,145,0.2,0.2,18,14,13.8
2026-08-09T20:48:17Z,0,0,0,0,0,0,17.7,851.8,17.9,18,65.7,261,254,0,0.5,181,1.4,1.4,17.8,13.9,13.6
2026-08-09T21:03:25Z,0,0,0,0,0,0,17.6,851.7,17.8,18,66.2,260,254,0,0.9,187,2,2,17.7,13.9,13.5
2026-08-09T21:18:33Z,0,0,0,0,0,0,17.3,851.6,17.4,17.6,67.4,260,254,0,0,182,0.4,0.4,17.4,13.8,13.2
2026-08-09T21:33:41Z,0,0,0,0,0,0,16.7,851.6,16.9,17.1,69.2,259,254,0,0,180,0,0,16.9,13.5,12.7
2026-08-09T21:48:49Z,0,0,0,0,0,0,16.1,851.5,16.2,16.5,71.5,260,253,0,0,180,0,0,16.3,13.2,12.1
2026-08-09T22:04:11Z,0,0,0,0,0,0,15.5,851.3,15.8,15.9,74,261,254,0,0,180,0,0,15.7,12.9,11.5
2026-08-09T22:19:20Z,0,0,0,0,0,0,15,851.2,15.3,15.4,77.6,260,254,0,0.1,181,0.4,0.4,15.2,12.8,11
2026-08-09T22:34:28Z,0,0,0,0,0,0,14.6,851.2,14.9,15,80,260,253,0,0,180,0,0,14.8,12.7,10.6
2026-08-09T22:49:36Z,0,0,0,0,0,0,14.1,850.9,14.3,14.4,82.4,261,253,0,0,180,0,0,14.2,12.4,10
2026-08-09T23:04:44Z,0,0,0,0,0,0,13.7,850.9,13.9,14,84.9,262,253,0,0,180,0,0,13.9,12.3,9.7
2026-08-09T23:19:52Z,0,0,0,0,0,0,13.3,850.8,13.6,13.7,86.1,260,253,0,0,180,0,0,13.6,12.2,9.3
2026-08-09T23:35:14Z,0,0,0,0,0,0,13.5,850.7,13.8,13.9,87.8,259,254,0,0,180,0,0,13.8,12.6,9.6
2026-08-09T23:50:22Z,0,0,0,0,0,0,14.1,850.7,14.4,14.5,88.6,261,252,0,0,138,0.2,0.2,14.4,13.2,10.2
2026-08-10T00:00:27Z,0,0,0,0,0,0,14.5,850.7,14.8,14.9,88,262,253,0,0,138,0.2,0.2,14.8,13.5,10.6
2026-08-10T00:15:35Z,0,0,0,0,0,0,14.6,850.9,14.9,15,87.6,260,253,0,0.5,165,1.7,1.7,15,13.6,10.8
2026-08-10T00:30:43Z,0,0,0,0,0,0,14.6,850.8,14.9,15,87.5,261,253,0,0.2,126,1.1,1.1,15,13.6,10.8
2026-08-10T00:45:51Z,0,0,0,0,0,0,14.5,851,14.9,15,87.5,258,253,0,0,169,0,0,14.9,13.5,10.7
2026-08-10T01:00:59Z,0,0,0,0,0,0,14.4,851.1,14.8,14.9,87.2,260,253,0,0.5,140,1.3,1.3,14.8,13.4,10.6
2026-08-10T01:16:23Z,0,0,0,0,0,0,14.4,851.3,14.6,14.8,87.4,260,254,0,1,85,1.5,1.5,14.7,13.4,10.5
2026-08-10T01:31:31Z,0,0,0,0,0,0,14.4,851.3,14.8,14.9,87.6,259,252,0,0.4,109,1,1,14.8,13.4,10.6
2026-08-10T01:46:39Z,0,0,0,0,0,0,14.5,851.5,14.8,14.9,87.5,261,252,0,0,108,0,0,14.8,13.5,10.6
2026-08-10T02:01:48Z,0,0,0,0,0,0,14.4,851.5,14.7,14.8,87.6,260,253,0,0.1,128,0.2,0.2,14.7,13.4,10.5
2026-08-10T02:16:56Z,0,0,0,0,0,0,14.3,851.7,14.6,14.7,88.3,259,253,0,0.2,128,0.7,0.7,14.6,13.3,10.4
2026-08-10T02:32:05Z,0,0,0,0,0,0,14.1,851.8,14.4,14.6,87.7,260,253,0,0,128,0,0,14.5,13.2,10.3
2026-08-10T02:47:18Z,0,0,0,0,0,0,14.1,851.9,14.4,14.6,88.6,260,251,0,0.1,128,0.7,0.7,14.5,13.2,10.3
2026-08-10T03:02:42Z,0,0,0,0,0,0,14.1,851.9,14.4,14.6,88.8,261,252,0,0,128,0,0,14.5,13.3,10.3
2026-08-10T03:17:51Z,0,0,0,0,0,0,14,851.9,14.3,14.5,89,260,256,0,0,151,0,0,14.4,13.2,10.2
2026-08-10T03:32:59Z,0,0,0,0,0,0,14,852,14.2,14.4,89.7,263,282,0,0.3,151,0.7,0.7,14.3,13.2,10.1
2026-08-10T03:48:08Z,0,0,0,0.1,0,0,13.8,852.2,14.1,14.2,89.4,273,394,0,0,151,0,0,14.1,13,9.9
2026-08-10T04:03:16Z,0,0,0,0.1,0,0,13.3,852.4,13.5,13.8,89.6,276,432,0,0,151,0,0,13.6,12.6,9.4
2026-08-10T04:18:25Z,0,0,0,0.2,0,0,13.4,852.6,13.7,13.8,90.3,285,534,0,0.2,151,0.4,0.4,13.7,12.7,9.5
2026-08-10T04:33:47Z,0,0,0,0.2,0,0,13.7,852.9,13.9,14.1,89.6,285,520,0,0,151,0,0,14,12.9,9.8
2026-08-10T04:48:55Z,0,0,0,0.2,0,0,14,853,14.3,14.4,88.3,300,699,0,0.5,151,0.9,0.9,14.3,13.1,10.1
2026-08-10T05:04:04Z,0,0,0,0.4,0,0,14.5,853.2,14.9,15,87.4,334,1096,0,0,151,0,0,14.9,13.5,10.7
2026-08-10T05:19:12Z,0,0,0,0.5,0,0,15,853.5,15.3,15.3,86,348,1244,0,0.2,267,0.7,0.7,15.2,13.7,11
2026-08-10T05:34:21Z,0,0,0,0.8,0,0,15.2,853.8,15.7,15.7,84.2,405,1884,0,0.6,151,0.9,0.9,15.6,13.9,11.4
2026-08-10T05:49:29Z,0,0,0,0.9,0,0,16,853.8,16.3,16.3,81.3,421,1992,0,0.1,266,0.4,0.4,16.2,14.1,12
2026-08-10T06:04:50Z,0,0,0,1,0,0,16.8,853.9,16.8,16.7,77.7,439,2226,0,0,266,0.4,0.4,16.6,14.1,12.4
2026-08-10T06:19:57Z,0,0,0,1.3,0,0,17.3,853.8,17.4,17.2,76.5,493,2819,0,0.7,230,1.3,1.3,17.1,14.4,12.9
2026-08-10T06:35:06Z,0,0,0,2.2,0,0,19.3,853.9,19.5,19.1,71.9,667,4782,0,0.3,29,1.7,1.7,19,15.6,14.6
2026-08-10T06:50:13Z,0,0,0,1.1,0,0,21.1,853.9,20.8,20.6,64.9,456,2295,0,0.1,31,0.7,0.7,20.5,16.2,16
2026-08-10T07:05:21Z,0,0,0,1.1,0,0,19.4,854,19.9,19.9,64.6,457,2406,0,0.1,189,0.4,0.4,19.8,15.5,15.4
2026-08-10T07:20:29Z,0,0,0,1.9,0,0,19.6,854,20.3,20.2,63.3,616,4094,0,0.8,158,1.3,1.3,20,15.6,15.6
2026-08-10T07:35:54Z,0,0,0,1.6,0,0,19.1,854,19.6,19.5,66.1,564,3590,0,0.2,189,1.3,1.3,19.4,15.4,15
2026-08-10T07:51:02Z,0,0,0,3.5,0,0,19.7,853.8,20.1,19.9,64.4,908,7577,0,0.3,245,1,1,19.7,15.5,15.3
2026-08-10T08:06:10Z,0,0,0,2,0,0,22.1,853.6,22.6,22.5,56.8,632,4140,0,0.2,150,0.9,0.9,22.4,16.8,17.6
2026-08-10T08:22:05Z,0,0,0,1.2,0,0,21,853.4,21.8,21.8,55.8,484,2613,0,0,172,0,0,21.6,16,17
2026-08-10T08:37:12Z,0,0,0,4,0,0,21.8,853.3,22.5,22.5,53.8,1003,8483,0,0.3,167,0.9,0.9,22.3,16.4,17.6
2026-08-10T08:52:20Z,0,0,0,4.1,0,0,23.3,852.9,23.8,23.4,51.5,1020,8618,0,0.3,213,1.3,1.3,23.3,16.9,18.4
2026-08-10T09:08:02Z,0,0,0,3.8,0,0,22.3,852.8,23,23,51.2,967,8064,0,0.9,162,1.5,1.5,22.8,16.4,18
2026-08-10T09:23:10Z,0,0,0,3.8,0,0,23.2,852.6,23.9,23.5,48.7,973,8062,0,0.3,227,0.7,0.7,23.4,16.5,18.5
2026-08-10T09:38:19Z,0,0,0,3.9,0,0,24,852.3,23.9,24.6,46.8,985,8304,0,0.8,71,1.3,1.3,24.5,17.2,19.3
2026-08-10T09:53:26Z,0,0,0,3.9,0,0,23.7,852,24.6,24.4,46.5,984,8149,0,0.8,200,1.3,1.3,24.2,16.9,19.2
2026-08-10T10:08:34Z,0,0,0,0.9,0,0,23.4,851.7,23.9,23.6,47.8,435,1888,0,0.6,165,1.5,1.5,23.4,16.4,18.5
2026-08-10T10:24:01Z,0,0,0,3.5,0,0,23.7,851.4,24.1,23.9,46.4,920,7512,0,0.3,279,1,1,23.7,16.5,18.7
2026-08-10T10:39:08Z,0,0,0,3.7,0,0,24.5,851.1,24.8,24.9,44.5,938,7741,0,0.9,189,1.7,1.7,24.7,17,19.6
2026-08-10T10:54:16Z,0,0,0,3.6,0,0,24.3,851,24.9,25.2,43.1,923,7618,0,0.7,185,1.7,1.7,25,17,19.8
2026-08-10T11:09:25Z,0,0,0,0.8,0,0,25.2,850.6,25.6,26,39.9,410,1677,0,0.5,186,0.9,0.9,25.9,17.2,20.4
2026-08-10T11:25:11Z,0,0,0,1,0,0,25.8,850.4,26.3,26.5,41,442,1999,0,0.1,171,0.4,0.4,26.3,17.7,20.8
2026-08-10T11:40:19Z,0,0,0,3,0,0,26.1,850.2,26.4,27.1,40.5,809,6298,0,1.6,76,3.5,3.5,27,18.2,21.3
2026-08-10T11:55:27Z,0,0,0,2.7,0,0,25.7,850,26.4,26.8,39.2,768,5859,0,0.2,176,1.1,1.1,26.7,17.7,21
2026-08-10T12:10:35Z,0,0,0,2.4,0,0,26.6,849.7,26.6,27.7,38.3,712,5221,0,0.9,60,1.7,1.7,27.3,18.2,21.5
2026-08-10T12:25:43Z,0,0,0,2.3,0,0,26.9,849.4,26.9,28,36.4,685,4923,0,1.1,82,2.6,2.6,27.5,18.2,21.6
2026-08-10T12:41:06Z,0,0,0,1.9,0,0,26.4,849.3,26.9,27.6,36,619,4220,0,1.1,182,1.5,1.5,27.1,17.7,21.3
2026-08-10T12:56:14Z,0,0,0,1.8,0,0,25.9,849.2,26.4,26.9,35.5,594,3953,0,0.7,139,2.2,2.2,26.6,17.1,21
2026-08-10T13:11:22Z,0,0,0,1.6,0,0,25.7,849.1,26.3,26.5,34.2,549,3462,0,1,163,2.8,2.8,26.3,16.5,20.8
2026-08-10T13:26:30Z,0,0,0,1.4,0,0,25.9,849.1,26.4,26.7,33.5,509,3029,0,1.3,184,3.9,3.9,26.5,16.6,20.9
2026-08-10T13:41:38Z,0,0,0,1.1,0,0,25.9,849.1,26.6,27.3,33,471,2620,0,0.2,53,0.9,0.9,26.7,16.9,21.1
2026-08-10T13:57:01Z,0,0,0,0.9,0,0,25.2,849.2,25.9,26.2,34.2,431,2170,0,1,161,2,2,26,16.3,20.6
2026-08-10T14:12:09Z,0,0,0,0.7,0,0,25,849.2,25.4,26,34.8,392,1747,0,1.3,138,2.4,2.4,25.7,16.2,20.3
2026-08-10T14:27:18Z,0,0,0,0.5,0,0,24.5,849.2,25,25.3,36.3,342,1150,0,1.3,171,2.8,2.8,25.1,16,19.8
2026-08-10T14:43:11Z,0,0,0,0.2,0,0,24,849.4,24.3,24.6,37.4,295,551,0,0.5,100,1.3,1.3,24.3,15.6,19.2
2026-08-10T14:58:19Z,0,0,0,0.2,0,0,23.5,849.5,23.8,23.9,39,284,448,0,0.6,126,1.7,1.7,23.7,15.3,18.7
2026-08-10T15:13:28Z,0,0,0,0.1,0,0,23.1,849.7,23.2,23.5,40.9,278,392,0,0,165,0.2,0.2,23.2,15.3,18.3
2026-08-10T15:29:10Z,0,0,0,0,0,0,22.4,850,22.6,22.8,41.5,265,295,0,0,154,0.2,0.2,22.5,14.8,17.7
2026-08-10T15:44:18Z,0,0,0,0,0,0,21.9,850,22.1,22.3,41.3,260,260,0,0.3,138,1.5,1.5,22,14.4,17.3
2026-08-10T15:59:27Z,0,0,0,0,0,0,21.3,850.2,21.4,21.6,40.7,261,253,0,0,138,0.2,0.2,21.3,13.8,16.7
2026-08-10T16:14:36Z,0,0,0,0,0,0,20.9,850.2,21.1,21.2,41.4,260,252,0,0.1,139,0.4,0.4,20.8,13.5,16.3
2026-08-10T16:30:16Z,0,0,0,0,0,0,20.5,850.4,20.6,20.8,41.5,261,253,0,0.1,139,0.4,0.4,20.4,13.2,15.9
2026-08-10T16:46:15Z,0,0,0,0,0,0,20.2,850.6,20.4,20.5,40,260,254,0,0,149,0,0,20.1,12.7,15.7
2026-08-10T17:01:23Z,0,0,0,0,0,0,19.9,850.6,20,20.2,40.7,260,253,0,0,149,0,0,19.8,12.6,15.4
2026-08-10T17:16:32Z,0,0,0,0,0,0,19,850.8,19.1,19.3,42.3,260,253,0,0,149,0,0,18.8,12,14.5
2026-08-10T17:31:41Z,0,0,0,0,0,0,18.2,851,18.4,18.6,42.9,261,254,0,0,149,0.4,0.4,18.1,11.6,13.9
2026-08-10T17:46:49Z,0,0,0,0,0,0,17.8,851.2,17.9,18.1,46.2,260,254,0,0,149,0,0,17.6,11.6,13.4
2026-08-10T18:02:12Z,0,0,0,0,0,0,18.4,851.4,18.5,18.6,44.6,261,254,0,0,149,0.2,0.2,18.1,11.8,13.9
2026-08-10T18:17:20Z,0,0,0,0,0,0,18.5,851.5,18.6,18.8,45.8,259,253,0,0.5,150,1.7,1.7,18.3,12.1,14
2026-08-10T18:32:29Z,0,0,0,0,0,0,18.2,851.7,18.4,18.6,47.6,260,253,0,0,181,0,0,18.2,12.2,13.9
2026-08-10T18:47:38Z,0,0,0,0,0,0,17.8,851.6,17.9,18.2,49.5,260,252,0,0,181,0,0,17.8,12.1,13.5
2026-08-10T19:02:38Z,0,0,0,0,0,0,17.7,851.6,17.9,18.1,51.5,261,251,0,0,182,0.2,0.2,17.7,12.2,13.4
2026-08-10T19:17:47Z,0,0,0,0,0,0,17.5,851.6,17.6,17.8,53.3,261,253,0,0.1,182,0.7,0.7,17.4,12.2,13.2
2026-08-10T19:33:15Z,0,0,0,0,0,0,17.1,851.7,17.2,17.4,55.1,260,253,0,0,181,0,0,17,12.1,12.8
2026-08-10T19:48:21Z,0,0,0,0,0,0,16.5,851.8,16.6,16.9,57.6,262,254,0,0,182,0.2,0.2,16.5,11.9,12.3
2026-08-10T20:03:29Z,0,0,0,0,0,0,16.2,851.9,16.4,16.5,60,260,253,0,0,181,0,0,16.2,11.9,12
2026-08-10T20:18:38Z,0,0,0,0,0,0,15.8,851.8,16.1,16.1,62.1,259,253,0,0,181,0,0,15.8,11.8,11.6
2026-08-10T20:33:46Z,0,0,0,0,0,0,15.2,851.9,15.5,15.6,65.5,260,253,0,0,181,0,0,15.2,11.6,11
2026-08-10T20:48:55Z,0,0,0,0,0,0,15.3,851.9,15.9,16,65.5,260,253,0,0,181,0,0,15.7,12,11.5
2026-08-10T21:04:18Z,0,0,0,0,0,0,14.8,851.9,15.1,15.1,72.5,261,254,0,0.3,182,1.1,1.1,14.9,12,10.7
2026-08-10T21:19:26Z,0,0,0,0,0,0,14.9,851.7,15.4,15.4,72.7,260,254,0,0,181,0,0,15.1,12.2,10.9
2026-08-10T21:34:35Z,0,0,0,0,0,0,14.7,851.8,15,15.1,73.4,259,253,0,0.4,182,1.3,1.3,14.9,12.1,10.7
2026-08-10T21:49:43Z,0,0,0,0,0,0,14.4,851.8,14.7,14.8,74.6,260,253,0,0.1,182,0.4,0.4,14.6,11.9,10.4
2026-08-10T22:04:51Z,0,0,0,0,0,0,14.3,851.6,14.8,14.8,71.1,260,254,0,0.1,182,0.4,0.4,14.5,11.6,10.3
2026-08-10T22:19:59Z,0,0,0,0,0,0,14,851.6,14.2,14.5,72.6,262,254,0,0,181,0,0,14.2,11.4,10
2026-08-10T22:35:21Z,0,0,0,0,0,0,13.5,851.5,13.8,13.9,75.7,260,253,0,0,181,0,0,13.6,11.2,9.4
2026-08-10T22:50:30Z,0,0,0,0,0,0,13.2,851.3,13.6,13.7,76.8,261,253,0,0,181,0,0,13.4,11.1,9.2
2026-08-10T23:05:38Z,0,0,0,0,0,0,12.7,851.3,12.9,13.2,78.5,260,254,0,0,181,0,0,12.9,10.8,8.7
2026-08-10T23:20:46Z,0,0,0,0,0,0,12.3,851.2,12.5,12.7,79.4,259,252,0,0,182,0.2,0.2,12.4,10.4,8.1
2026-08-10T23:35:55Z,0,0,0,0,0,0,12.1,851.3,12.4,12.6,79.5,261,254,0,0,181,0,0,12.3,10.4,8
2026-08-10T23:51:03Z,0,0,0,0,0,0,12.1,851.2,12.4,12.6,79,261,254,0,0,181,0,0,12.3,10.4,8
2026-08-11T00:00:21Z,0,0,0,0,0,0,12.1,851.4,12.6,12.8,78,261,254,0,0,181,0,0,12.5,10.4,8.2
2026-08-11T00:15:30Z,0,0,0,0,0,0,12,851.4,12.3,12.5,77.4,260,254,0,0,182,0.2,0.2,12.1,10,7.8
2026-08-11T00:30:39Z,0,0,0,0,0,0,11.4,851.6,11.7,11.9,79.1,259,254,0,0,181,0,0,11.5,9.6,7.2
2026-08-11T00:45:47Z,0,0,0,0,0,0,10.9,851.5,11.2,11.4,80.6,261,253,0,0,181,0,0,11.1,9.4,6.7
2026-08-11T01:00:55Z,0,0,0,0,0,0,10.6,851.5,10.9,11.1,82.5,260,253,0,0,181,0,0,10.8,9.2,6.4
2026-08-11T01:16:24Z,0,0,0,0,0,0,10.5,851.6,10.8,11,83.4,259,253,0,0,181,0,0,10.7,9.2,6.2
2026-08-11T01:31:33Z,0,0,0,0,0,0,10.8,851.7,11.2,11.5,82.1,260,253,0,0.1,182,0.4,0.4,11.1,9.6,6.8
2026-08-11T01:47:15Z,0,0,0,0,0,0,11,851.8,11.4,11.6,82.1,261,254,0,0.1,182,0.4,0.4,11.2,9.6,6.9
2026-08-11T02:02:40Z,0,0,0,0,0,0,11.3,852,11.8,11.9,83.5,261,254,0,0.1,182,0.4,0.4,11.7,10.2,7.3
2026-08-11T02:17:48Z,0,0,0,0,0,0,11.8,851.9,12.1,12.3,82.7,261,253,0,0,181,0,0,12,10.4,7.7
2026-08-11T02:32:58Z,0,0,0,0,0,0,12.1,852.1,12.4,12.6,81.7,260,254,0,0,182,0.2,0.2,12.3,10.6,8
2026-08-11T02:48:07Z,0,0,0,0,0,0,12.1,852.2,12.4,12.6,83,261,253,0,0,181,0,0,12.3,10.7,8.1
2026-08-11T03:03:16Z,0,0,0,0,0,0,11.9,852.5,12.2,12.4,84,260,253,0,0,181,0,0,12.1,10.6,7.8
2026-08-11T03:18:43Z,0,0,0,0,0,0,11.8,852.6,12.1,12.3,85.7,260,254,0,0,181,0,0,12.1,10.8,7.8
2026-08-11T03:33:52Z,0,0,0,0,0,0,12.1,852.7,12.4,12.6,85.8,263,274,0,0,181,0,0,12.4,11,8.1
2026-08-11T03:49:01Z,0,0,0,0.1,0,0,12.3,852.8,12.6,12.8,85.3,271,351,0,0,182,0.2,0.2,12.6,11.2,8.3
2026-08-11T04:04:10Z,0,0,0,0.1,0,0,12.3,852.8,12.7,12.8,85.8,281,433,0,0,182,0.4,0.4,12.6,11.3,8.3
2026-08-11T04:19:19Z,0,0,0,0.2,0,0,12.7,853.1,12.9,13,85.1,296,643,0,0,291,0,0,12.8,11.4,8.6
2026-08-11T04:34:45Z,0,0,0,0.3,0,0,13.3,853.3,13.7,13.7,81.9,317,877,0,0,292,0.2,0.2,13.5,11.7,9.3
2026-08-11T04:49:53Z,0,0,0,0.6,0,0,14.4,853.3,14.8,14.6,79.8,373,1598,0,0,172,0,0,14.4,12.3,10.2
2026-08-11T05:05:02Z,0,0,0,0.6,0,0,16.6,853.3,16.7,16,74.4,359,1328,0,0.1,172,0.4,0.4,15.8,13,11.6
2026-08-11T05:20:10Z,0,0,0,0.7,0,0,16.9,853.4,16.8,16.5,72.6,382,1609,0,0,172,0,0,16.3,13.3,12.1
2026-08-11T05:35:19Z,0,0,0,0.8,0,0,17.1,853.5,17.3,16.8,71.6,409,1865,0,0.6,263,1.1,1.1,16.6,13.5,12.4
2026-08-11T05:50:47Z,0,0,0,1.4,0,0,18.2,853.6,18.8,17.9,68.8,515,3120,0,0.5,257,1.1,1.1,17.7,14.2,13.4
2026-08-11T06:05:54Z,0,0,0,1.4,0,0,20.8,853.6,21.1,20.4,61.8,511,2975,0,0.1,202,0.7,0.7,20.2,15.6,15.7
2026-08-11T06:21:02Z,0,0,0,1,0,0,19.4,853.7,19.8,19.5,62.3,453,2396,0,0.6,202,1.3,1.3,19.3,14.9,14.9
2026-08-11T06:36:11Z,0,0,0,2.9,0,0,19.5,854,19.8,19.6,62.6,794,6502,0,0.2,207,0.7,0.7,19.4,15,15
2026-08-11T06:51:19Z,0,0,0,2.9,0,0,20.2,854,20.8,20.5,59.2,797,6411,0,0.4,168,1.5,1.5,20.3,15.4,15.8
2026-08-11T07:06:27Z,0,0,0,1.2,0,0,20.2,853.9,20.8,20,61,485,2614,0,0.3,212,0.7,0.7,19.8,15.1,15.4
2026-08-11T07:21:49Z,0,0,0,1,0,0,19.2,853.9,19.5,19.2,63,437,2104,0,0.4,256,1.1,1.1,19,14.6,14.6
2026-08-11T07:36:57Z,0,0,0,3,0,0,19,853.9,19.4,19.4,61.4,807,6405,0,0.8,216,1.3,1.3,19.1,14.6,14.8
2026-08-11T07:52:06Z,0,0,0,3.4,0,0,20.4,853.8,21.1,21,55.9,893,7342,0,0.8,199,1.3,1.3,20.8,15.4,16.3
2026-08-11T08:07:14Z,0,0,0,2.7,0,0,20.4,853.7,21.1,20.4,58.8,768,5939,0,0.9,257,2.4,2.4,20.2,15.2,15.7
2026-08-11T08:24:36Z,0,0,0,3.5,0,0,22.2,853.7,22.9,22.7,52.2,912,7480,0,1.1,72,2,2,22.6,16.4,17.8
2026-08-11T08:39:45Z,0,0,0,3.6,0,0,22.7,853.3,23.6,23.2,53.2,920,7561,0,0.1,157,0.6,0.6,23.1,16.9,18.2
2026-08-11T08:54:53Z,0,0,0,3.7,0,0,22.3,853.2,23.1,22.4,51.7,938,7740,0,1.6,266,3.3,3.3,22.3,16,17.5
2026-08-11T09:10:01Z,0,0,0,3.4,0,0,22.4,852.9,23.2,22.4,51.6,893,7281,0,1.3,228,2,2,22.3,16,17.5
2026-08-11T09:25:09Z,0,0,0,3.6,0,0,24,852.6,24.4,24.5,46.5,921,7496,0,0.6,210,1.5,1.5,24.4,17.1,19.3
2026-08-11T09:40:17Z,0,0,0,3.6,0,0,24,852.2,24.5,24.3,48.1,923,7511,0,0,252,0.2,0.2,24.1,17.1,19.1
2026-08-11T09:55:24Z,0,0,0,3.5,0,0,24.8,852,25.4,25.7,44.1,918,7469,0,0.2,113,1.1,1.1,25.5,17.6,20.2
2026-08-11T10:10:48Z,0,0,0,3.5,0,0,25,851.6,25.7,25.7,43.5,909,7349,0,0.3,78,1.1,1.1,25.6,17.5,20.2
2026-08-11T10:25:56Z,0,0,0,3.4,0,0,25.4,851.4,26.2,25.9,43.4,885,7129,0,0.6,181,1.7,1.7,25.8,17.7,20.4
2026-08-11T10:41:03Z,0,0,0,3.3,0,0,25.6,851.1,25.9,26.5,40.5,884,7104,0,0.2,118,0.7,0.7,26.3,17.7,20.8
2026-08-11T10:56:11Z,0,0,0,3.2,0,0,26.1,850.8,26.2,26.8,40,855,6788,0,0.5,70,1.3,1.3,26.7,17.8,21.1
2026-08-11T11:11:18Z,0,0,0,3.1,0,0,25.1,850.6,26,25.9,40.6,838,6623,0,0.5,187,0.9,0.9,25.8,17.2,20.3
2026-08-11T11:26:26Z,0,0,0,2.9,0,0,26.2,850.3,26.6,27.1,40.1,790,6101,0,1.1,149,2.5,2.5,26.9,18.1,21.2
2026-08-11T11:41:51Z,0,0,0,2.5,0,0,26.8,850.2,27.2,27.9,38.2,714,5254,0,0.3,161,1.3,1.3,27.4,18.4,21.6
2026-08-11T11:56:59Z,0,0,0,2.5,0,0,26.4,849.9,26.8,27,37.6,732,5484,0,1.7,60,3.7,3.7,26.8,17.6,21.1
2026-08-11T12:12:07Z,0,0,0,2.3,0,0,26.2,849.8,26.8,27.1,37.3,692,5046,0,0,164,0.2,0.2,26.8,17.6,21.1
2026-08-11T12:27:15Z,0,0,0,2.2,0,0,28,849.4,28.2,28.9,34,662,4694,0,0.3,48,0.9,0.9,28,18.4,22
2026-08-11T12:42:23Z,0,0,0,2,0,0,27.5,849.5,27.9,28.4,34.2,624,4281,0,0.8,186,2,2,27.6,18,21.8
2026-08-11T12:57:31Z,0,0,0,1.8,0,0,26.8,849.4,27.5,27.8,35.9,587,3890,0,0.7,199,2.2,2.2,27.2,17.9,21.5
2026-08-11T13:12:56Z,0,0,0,1.6,0,0,27.4,849.4,28.1,28.6,34.2,553,3502,0,0.5,112,1.3,1.3,27.8,18.2,21.9
2026-08-11T13:28:03Z,0,0,0,1.3,0,0,26.1,849.3,26.7,27.1,35.8,504,2995,0,1.3,135,2.4,2.4,26.7,17.3,21.1
2026-08-11T13:43:03Z,0,0,0,1.1,0,0,26.6,849.4,27,27.7,34.8,464,2547,0,0.8,147,2.4,2.4,27.1,17.6,21.4
2026-08-11T13:58:11Z,0,0,0,0.9,0,0,25.6,849.5,26.3,26.7,35.4,423,2110,0,1,178,2.4,2.4,26.5,17,20.9
2026-08-11T14:13:19Z,0,0,0,0.7,0,0,25.8,849.6,26.4,27,35,385,1679,0,0.3,137,0.9,0.9,26.6,17.1,21
2026-08-11T14:28:27Z,0,0,0,0.5,0,0,25.2,849.5,25.6,26.3,35.3,351,1286,0,1.7,80,2.6,2.6,26.1,16.6,20.6
2026-08-11T14:43:35Z,0,0,0,0.2,0,0,24.4,849.5,24.6,25,37.3,294,554,0,1.2,102,2.2,2.2,24.7,15.9,19.6
2026-08-11T14:59:00Z,0,0,0,0.2,0,0,24,849.7,24.2,24.3,38.4,286,465,0,0.1,42,0.7,0.7,24.1,15.6,19
2026-08-11T15:14:08Z,0,0,0,0.1,0,0,23.5,849.9,23.6,23.8,38.1,277,399,0,0.7,84,1.5,1.5,23.5,15.1,18.6
2026-08-11T15:29:16Z,0,0,0,0.1,0,0,23,850,23.2,23.3,38.8,268,325,0,0.3,52,1.1,1.1,23,14.8,18.2
2026-08-11T15:44:24Z,0,0,0,0,0,0,22.4,850.2,22.6,22.8,40,262,270,0,0.1,129,0.4,0.4,22.4,14.6,17.7
2026-08-11T16:00:05Z,0,0,0,0,0,0,21.8,850.3,22,22.1,41.2,261,253,0,0,148,0,0,21.8,14.3,17.2
2026-08-11T16:15:13Z,0,0,0,0,0,0,21.3,850.4,21.5,21.7,42.7,260,254,0,0.1,148,0.4,0.4,21.4,14.1,16.8
2026-08-11T16:30:21Z,0,0,0,0,0,0,20.9,850.5,21.1,21.3,43.6,260,254,0,0.1,148,0.4,0.4,20.9,13.9,16.4
2026-08-11T16:45:30Z,0,0,0,0,0,0,20.6,850.7,20.8,20.9,43.9,261,253,0,0,148,0,0,20.6,13.6,16.1
2026-08-11T17:00:39Z,0,0,0,0,0,0,20,850.8,20.1,20.4,46.3,261,254,0,0,148,0,0,20,13.5,15.6
2026-08-11T17:16:06Z,0,0,0,0,0,0,19.3,850.8,19.5,19.6,47,259,253,0,0,148,0.2,0.2,19.2,13,14.9
2026-08-11T17:31:15Z,0,0,0,0,0,0,18.8,851,19.1,19.2,47.8,261,253,0,0,148,0,0,18.8,12.7,14.5
2026-08-11T17:46:23Z,0,0,0,0,0,0,18.4,851.2,18.4,18.6,50.4,260,253,0,0,148,0,0,18.3,12.6,14
2026-08-11T18:01:32Z,0,0,0,0,0,0,17.6,851.3,17.7,17.9,52.2,260,254,0,0,148,0,0,17.5,12.1,13.2
2026-08-11T18:16:41Z,0,0,0,0,0,0,17.1,851.4,17.2,17.4,54.3,260,253,0,0,148,0,0,17,12,12.8
2026-08-11T18:32:09Z,0,0,0,0,0,0,16.6,851.7,16.7,16.9,55,259,254,0,0,148,0,0,16.5,11.6,12.3
2026-08-11T18:47:46Z,0,0,0,0,0,0,16.3,851.9,16.4,16.6,57.1,260,253,0,0,148,0,0,16.2,11.6,12
2026-08-11T19:03:09Z,0,0,0,0,0,0,16,852.1,16.3,16.4,59,261,254,0,0,148,0,0,16,11.7,11.8
2026-08-11T19:18:17Z,0,0,0,0,0,0,15.8,852.2,16.1,16.2,60.2,260,254,0,0,148,0,0,15.8,11.6,11.6
2026-08-11T19:33:27Z,0,0,0,0,0,0,15.3,852.3,15.5,15.6,62.6,261,254,0,0,148,0,0,15.2,11.3,11
2026-08-11T19:48:36Z,0,0,0,0,0,0,14.9,852.3,15.2,15.3,65.2,259,253,0,0,148,0,0,15,11.4,10.8
2026-08-11T20:03:45Z,0,0,0,0,0,0,14.5,852.2,14.7,14.8,68,260,254,0,0,148,0,0,14.5,11.2,10.3
2026-08-11T20:18:54Z,0,0,0,0,0,0,14,852.4,14.3,14.4,69.5,260,253,0,0,148,0,0,14.1,11,9.9
2026-08-11T20:34:16Z,0,0,0,0,0,0,13.7,852.4,13.9,14.1,70.8,261,253,0,0,148,0,0,13.7,10.9,9.5
2026-08-11T20:49:25Z,0,0,0,0,0,0,13.4,852.1,13.7,13.8,71.9,260,254,0,0,148,0,0,13.5,10.7,9.3
2026-08-11T21:04:34Z,0,0,0,0,0,0,13.1,852.1,13.3,13.5,73,260,255,0,0,148,0,0,13.2,10.5,8.9
2026-08-11T21:19:44Z,0,0,0,0,0,0,12.8,852.1,13.2,13.3,74,260,253,0,0,148,0,0,12.9,10.4,8.7
2026-08-11T21:34:53Z,0,0,0,0,0,0,13,851.8,13.4,13.5,73.8,261,253,0,0,336,0,0,13.2,10.6,8.9
2026-08-11T21:50:19Z,0,0,0,0,0,0,12.7,851.8,13,13.2,74.3,260,254,0,0,336,0,0,12.9,10.4,8.6
2026-08-11T22:05:28Z,0,0,0,0,0,0,12.4,851.7,12.7,12.9,76.3,260,254,0,0,336,0,0,12.6,10.3,8.3
2026-08-11T22:20:37Z,0,0,0,0,0,0,12.1,851.6,12.4,12.6,76.9,261,254,0,0,336,0,0,12.3,10.1,8
2026-08-11T22:35:46Z,0,0,0,0,0,0,11.8,851.4,12.1,12.3,78.2,260,253,0,0,336,0,0,12,10,7.7
2026-08-11T22:50:56Z,0,0,0,0,0,0,11.6,851.5,11.9,12.1,79.3,260,252,0,0,336,0,0,11.8,9.9,7.4
2026-08-11T23:06:22Z,0,0,0,0,0,0,11.5,851.3,11.9,12.1,79.2,260,253,0,0,336,0,0,11.8,9.9,7.4
2026-08-11T23:21:31Z,0,0,0,0,0,0,11.3,851.3,11.6,11.8,80.1,261,253,0,0,336,0,0,11.4,9.6,7.1
2026-08-11T23:36:40Z,0,0,0,0,0,0,11,851.2,11.4,11.6,81,261,253,0,0,336,0,0,11.3,9.6,6.9
2026-08-11T23:51:50Z,0,0,0,0,0,0,11,851.2,11.4,11.6,81.6,260,253,0,0,336,0,0,11.2,9.6,6.8
2026-08-12T00:00:55Z,0,0,0,0,0,0,11,851.2,11.3,11.5,81.4,260,252,0,0,337,0.2,0.2,11.2,9.6,6.8
2026-08-12T00:16:23Z,0,0,0,0,0,0,10.7,851.2,11,11.2,82.2,262,254,0,0,340,0.2,0.2,10.9,9.3,6.5
2026-08-12T00:31:53Z,0,0,0,0,0,0,10.3,851.3,10.5,10.8,83.3,260,254,0,0,341,0.2,0.2,10.5,9.1,6
2026-08-12T00:47:17Z,0,0,0,0,0,0,10.1,851.3,10.4,10.6,84,260,254,0,0,340,0,0,10.2,8.9,5.8
2026-08-12T01:02:26Z,0,0,0,0,0,0,9.7,851.5,10.1,10.3,85,260,253,0,0,340,0,0,9.9,8.7,5.4
2026-08-12T01:17:35Z,0,0,0,0,0,0,9.6,851.6,9.9,10.2,86.5,260,253,0,0,340,0,0,9.8,8.7,5.3
2026-08-12T01:32:45Z,0,0,0,0,0,0,9.5,851.7,9.9,10.1,86.8,260,253,0,0,340,0,0,9.7,8.7,5.2
2026-08-12T01:47:55Z,0,0,0,0,0,0,9.5,851.9,9.8,10,87.6,259,254,0,0,340,0,0,9.7,8.7,5.1
2026-08-12T02:03:20Z,0,0,0,0,0,0,9.5,852,9.9,10,87.7,259,254,0,0,340,0,0,9.7,8.7,5.2
2026-08-12T02:18:30Z,0,0,0,0,0,0,9.4,852.2,9.7,9.9,88.3,260,253,0,0,340,0,0,9.6,8.7,5
2026-08-12T02:33:40Z,0,0,0,0,0,0,9.4,852.4,9.8,10,87.9,261,254,0,0,340,0,0,9.6,8.7,5.1
2026-08-12T02:48:50Z,0,0,0,0,0,0,9.2,852.4,9.6,9.8,88.4,259,253,0,0,340,0,0,9.5,8.6,4.9
2026-08-12T03:03:59Z,0,0,0,0,0,0,9.2,852.6,9.6,9.8,88.8,261,254,0,0,340,0,0,9.5,8.6,4.9
2026-08-12T03:19:24Z,0,0,0,0,0,0,9.3,852.9,9.8,9.9,88.2,261,254,0,0,343,0.2,0.2,9.6,8.7,5.1
2026-08-12T03:34:33Z,0,0,0,0,0,0,9.5,852.9,10,10.2,86.9,263,281,0,0,348,0,0,9.9,8.8,5.3
2026-08-12T03:49:41Z,0,0,0,0.1,0,0,9.7,853,10.2,10.4,85.8,270,352,0,0.1,334,0.4,0.4,10.1,8.9,5.6
2026-08-12T04:04:50Z,0,0,0,0.1,0,0,10,853.1,10.5,10.6,84.8,280,433,0,0,320,0,0,10.3,9,5.8
2026-08-12T04:20:00Z,0,0,0,0.2,0,0,10.4,853.2,10.8,11,82.5,286,460,0,0.3,320,1.1,1.1,10.6,9.1,6.2
2026-08-12T04:35:27Z,0,0,0,0.2,0,0,10.9,853.4,11.2,11.4,81.4,294,551,0,0.1,337,0.7,0.7,11.1,9.4,6.7
2026-08-12T04:50:35Z,0,0,0,0.4,0,0,12.1,853.6,12.5,12.5,78.7,324,916,0,0.2,358,0.9,0.9,12.2,10.2,7.9
2026-08-12T05:05:44Z,0,0,0,0.8,0,0,14.6,853.7,14.8,14,75.4,411,2030,0,0,313,0,0,13.7,11.3,9.5
2026-08-12T05:20:54Z,0,0,0,1,0,0,17.8,853.9,17.7,16.7,68.6,453,2478,0,0,110,0.1,0.1,16.5,13,12.2
2026-08-12T05:36:03Z,0,0,0,1.3,0,0,19.4,854,19.5,18.3,64.4,500,2982,0,0.2,318,0.7,0.7,18.1,14,13.8
2026-08-12T05:51:45Z,0,0,0,1.5,0,0,20.7,854.2,20.2,19.9,60.5,542,3449,0,0.3,14,0.9,0.9,19.7,15,15.3
2026-08-12T06:06:53Z,0,0,0,1.8,0,0,21.9,854.2,21.8,21,57.6,585,3896,0,0.3,28,0.9,0.9,20.9,15.6,16.3
2026-08-12T06:22:02Z,0,0,0,2,0,0,20.1,854.2,20.2,19.3,61.8,621,4294,0,0.3,8,1.1,1.1,19.1,14.6,14.7
2026-08-12T06:37:11Z,0,0,0,2.2,0,0,21.2,854.2,21.4,21,57.1,670,4822,0,0.3,71,0.9,0.9,20.9,15.6,16.3
2026-08-12T06:52:33Z,0,0,0,2.4,0,0,22.5,854.1,23.3,22.4,53.6,705,5205,0,0,126,0.4,0.4,22.2,16.3,17.5
2026-08-12T07:07:41Z,0,0,0,2.6,0,0,21.3,854,21.7,21.5,53.8,739,5583,0,1,187,1.3,1.3,21.3,15.5,16.7
2026-08-12T07:22:50Z,0,0,0,2.8,0,0,20.8,853.9,22.1,21.2,54.7,774,5952,0,0.9,187,1.7,1.7,21,15.4,16.4
2026-08-12T07:37:58Z,0,0,0,2.9,0,0,22.4,853.9,22.5,22.2,51.6,799,6234,0,1.1,89,2,2,22,15.8,17.3
2026-08-12T07:53:06Z,0,0,0,3,0,0,22.2,853.9,23.2,22.9,50.5,821,6481,0,0,181,0.2,0.2,22.7,16.2,17.9
2026-08-12T08:08:15Z,0,0,0,3.1,0,0,22.9,853.7,23.8,23.5,47.1,837,6657,0,1.1,178,1.7,1.7,23.3,16.2,18.4
2026-08-12T08:23:36Z,0,0,0,3.2,0,0,22.8,853.6,23.1,22.5,48.5,863,6930,0,0.3,206,0.7,0.7,22.3,15.7,17.6
2026-08-12T08:38:44Z,0,0,0,3.3,0,0,23.5,853.5,24.2,23.9,46.6,880,7118,0,0.4,206,1.1,1.1,23.7,16.5,18.7
2026-08-12T08:53:53Z,0,0,0,3.4,0,0,23.9,853.5,24.8,24.4,45.2,895,7287,0,0.1,168,0.4,0.4,24.3,16.8,19.2
2026-08-12T09:09:01Z,0,0,0,3.5,0,0,23.7,853.3,24.6,24.3,44.9,905,7368,0,0.2,203,0.7,0.7,24.1,16.6,19
2026-08-12T09:24:46Z,0,0,0,3.4,0,0,24.3,853.1,25.1,25,43.5,899,7354,0,0.3,159,1.5,1.5,24.8,16.9,19.6
2026-08-12T09:39:55Z,0,0,0,3.5,0,0,25.1,852.9,25.2,25.6,42.3,902,7363,0,1.2,218,2.2,2.2,25.5,17.3,20.1
2026-08-12T09:55:04Z,0,0,0,3.3,0,0,26.4,852.7,26.6,27.1,39.6,883,7173,0,0,122,0.4,0.4,26.9,18,21.2
2026-08-12T10:10:13Z,0,0,0,3.3,0,0,25.5,852.5,26.2,26.3,40.9,873,7063,0,0.4,165,1.5,1.5,26.2,17.6,20.7
2026-08-12T10:25:50Z,0,0,0,3.3,0,0,27,852.2,27.2,27.5,38.5,865,6968,0,0.8,191,1.7,1.7,27.1,18.1,21.4
2026-08-12T10:40:58Z,0,0,0,3.1,0,0,27,852,27.9,27.8,38.1,843,6728,0,0.1,189,0.7,0.7,27.4,18.3,21.6
2026-08-12T10:56:05Z,0,0,0,3.1,0,0,27.2,851.7,27.2,27.6,37.5,833,6587,0,1,130,2.8,2.8,27.2,18.1,21.4
2026-08-12T11:11:50Z,0,0,0,3,0,0,27.2,851.5,27.8,27.7,36.9,818,6415,0,0.6,198,1.1,1.1,27.2,18,21.5
2026-08-12T11:26:57Z,0,0,0,2.8,0,0,27.7,851.2,28.1,28.5,36.3,776,5973,0,0.2,132,0.9,0.9,27.9,18.5,21.9
2026-08-12T11:42:05Z,0,0,0,2.6,0,0,27.8,850.9,28.4,28.6,36.6,747,5643,0,0.1,188,0.7,0.7,28,18.7,22
2026-08-12T11:57:53Z,0,0,0,2.5,0,0,28.2,850.7,28.6,28.8,35.7,715,5278,0,0.4,187,1.7,1.7,28.1,18.6,22.1
2026-08-12T12:13:01Z,0,0,0,2.3,0,0,28,850.5,28.5,28.8,34.9,685,4994,0,0.2,143,0.9,0.9,28,18.5,22
2026-08-12T12:28:09Z,0,0,0,2.2,0,0,28.4,850.5,28.9,29.4,34.8,661,4694,0,0.3,87,0.9,0.9,28.5,18.9,22.4
2026-08-12T12:43:18Z,0,0,0,2,0,0,29.1,850.2,29.4,30.2,33.8,623,4286,0,0.1,87,0.9,0.9,29.2,19.3,22.9
2026-08-12T12:58:26Z,0,0,0,1.8,0,0,28.9,850.1,29.1,30.3,32.3,596,4036,0,0.8,87,2.2,2.2,29.2,19.1,22.9
2026-08-12T13:13:48Z,0,0,0,1.6,0,0,28,850.2,28.6,29,35.5,564,3753,0,1.2,129,2.6,2.6,28.2,18.8,22.2
2026-08-12T13:28:58Z,0,0,0,0.3,0,0,27.4,850.1,27.6,28,37.7,323,818,0,0.5,91,1.5,1.5,27.5,18.4,21.7
2026-08-12T13:44:06Z,0,0,0,0.7,0,0,26.4,850.1,26.7,27,41.4,387,1611,0,0.7,162,2,2,26.9,18.3,21.3
2026-08-12T13:59:15Z,0,0,0,0.8,0,0,26,850.2,26.4,26.5,42.3,408,1971,0,0.6,185,1.7,1.7,26.4,18,20.9
2026-08-12T14:14:23Z,0,0,0,0.7,0,0,26.3,850.2,26.8,26.9,41.8,382,1633,0,0.8,176,2.8,2.8,26.9,18.2,21.2
2026-08-12T14:29:52Z,0,0,0,0.5,0,0,26.1,850.4,26.6,26.9,42.4,345,1215,0,0.2,130,0.9,0.9,26.9,18.4,21.2
2026-08-12T14:45:00Z,0,0,0,0.2,0,0,25.2,850.5,25.5,25.7,44.7,298,602,0,0.4,103,1.1,1.1,25.6,17.8,20.2
2026-08-12T15:00:09Z,0,0,0,0.2,0,0,24.6,850.6,24.8,25,45.9,290,517,0,1.6,95,3.3,3.3,24.8,17.3,19.6
2026-08-12T15:15:18Z,0,0,0,0.1,0,0,24.3,850.9,24.5,24.6,47.2,280,449,0,0.4,100,1.3,1.3,24.5,17.2,19.4
2026-08-12T15:30:27Z,0,0,0,0.1,0,0,23.8,850.9,24,24.2,48,267,322,0,0.7,96,2.2,2.2,24,17,19
2026-08-12T15:45:55Z,0,0,0,0,0,0,23.6,851.1,23.8,23.9,48.6,262,270,0,1.2,164,2.8,2.8,23.8,16.9,18.8
2026-08-12T16:01:00Z,0,0,0,0,0,0,23.4,851.3,23.6,23.7,49,262,254,0,0.4,195,1.1,1.1,23.6,16.7,18.6
2026-08-12T16:16:08Z,0,0,0,0,0,0,23.1,851.4,23.3,23.5,49.1,260,254,0,0.3,99,1.1,1.1,23.3,16.5,18.4
2026-08-12T16:31:17Z,0,0,0,0,0,0,22.9,851.6,23,23.2,49,260,254,0,0.7,171,1.7,1.7,23,16.3,18.2
2026-08-12T16:46:25Z,0,0,0,0,0,0,22.7,851.8,22.8,23,49,260,252,0,0.6,175,1.1,1.1,22.8,16.1,18
2026-08-12T17:01:33Z,0,0,0,0,0,0,22.5,851.9,22.6,22.8,49.2,259,253,0,0.4,192,1.3,1.3,22.6,16,17.8
2026-08-12T17:16:58Z,0,0,0,0,0,0,22.2,852.1,22.4,22.6,48.9,261,254,0,1.4,188,3.1,3.1,22.4,15.8,17.6
2026-08-12T17:32:06Z,0,0,0,0,0,0,22,852.2,22.2,22.4,49.4,260,252,0,0.1,105,0.4,0.4,22.2,15.7,17.5
2026-08-12T17:47:15Z,0,0,0,0,0,0,21.8,852.5,21.9,22.1,50.3,261,253,0,0,105,0.4,0.4,21.9,15.6,17.3
2026-08-12T18:03:08Z,0,0,0,0,0,0,21.4,852.6,21.6,21.8,51,260,255,0,0.9,181,3,3,21.6,15.4,17
2026-08-12T18:18:16Z,0,0,0,0,0,0,20.9,852.9,21.1,21.3,52,261,253,0,0.2,105,0.9,0.9,21.1,15.1,16.5
2026-08-12T18:33:24Z,0,0,0,0,0,0,20.4,853.2,20.6,20.8,52.6,262,255,0,0.1,104,1.3,1.3,20.6,14.8,16.1
2026-08-12T18:48:33Z,0,0,0,0,0,0,20.3,853.3,20.4,20.6,52.3,260,252,0,1.6,192,3.5,3.5,20.3,14.5,15.9
2026-08-12T19:03:54Z,0,0,0,0,0,0,19.8,853.6,20.1,20.2,53.1,261,253,0,0.5,109,1.5,1.5,20,14.3,15.5
2026-08-12T19:19:01Z,0,0,0,0,0,0,19.5,853.7,19.7,19.9,54,261,253,0,0.6,130,2,2,19.6,14.1,15.2
2026-08-12T19:34:09Z,0,0,0,0,0,0,19.2,854,19.3,19.5,54.8,260,253,0,0.7,183,2.8,2.8,19.3,13.9,14.9
2026-08-12T19:49:18Z,0,0,0,0,0,0,18.8,854,19,19.2,55.8,260,254,0,0.1,173,0.7,0.7,18.9,13.8,14.6
2026-08-12T20:04:27Z,0,0,0,0,0,0,18.4,854,18.6,18.8,57.1,260,253,0,0,123,0.2,0.2,18.5,13.6,14.2
2026-08-12T20:20:05Z,0,0,0,0,0,0,17.9,854.1,18.1,18.3,58.7,261,253,0,0,123,0,0,18,13.3,13.7
2026-08-12T20:35:13Z,0,0,0,0,0,0,17.5,854.2,17.7,17.9,60.1,259,253,0,0,123,0,0,17.6,13.1,13.3
2026-08-12T20:50:22Z,0,0,0,0,0,0,17.1,854,17.3,17.5,61.3,260,254,0,0,123,0,0,17.2,12.9,12.9
2026-08-12T21:05:31Z,0,0,0,0,0,0,16.7,853.9,16.9,17.1,62.9,261,252,0,0,123,0,0,16.8,12.7,12.6
2026-08-12T21:20:59Z,0,0,0,0,0,0,16.3,853.6,16.5,16.7,64.8,259,253,0,0,123,0,0,16.4,12.6,12.2
2026-08-12T21:36:07Z,0,0,0,0,0,0,16,853.7,16.2,16.3,65.6,260,253,0,0,123,0,0,16,12.4,11.8
2026-08-12T21:51:17Z,0,0,0,0,0,0,15.6,853.4,16.1,16,67.1,260,252,0,0,123,0,0,15.7,12.3,11.5
2026-08-12T22:06:26Z,0,0,0,0,0,0,15.5,853.2,16,15.9,68.1,262,254,0,0,123,0,0,15.7,12.3,11.5
2026-08-12T22:21:36Z,0,0,0,0,0,0,15.3,853.1,15.7,15.7,69.1,262,252,0,0,123,0,0,15.5,12.2,11.3
2026-08-12T22:37:03Z,0,0,0,0,0,0,14.9,853.1,15.2,15.4,70.1,260,254,0,0,123,0,0,15.1,12,10.9
2026-08-12T22:52:12Z,0,0,0,0,0,0,14.5,853,14.9,15,72,260,253,0,0,123,0,0,14.7,11.8,10.5
2026-08-12T23:07:21Z,0,0,0,0,0,0,14.2,852.9,14.4,14.5,73.6,261,253,0,0,123,0,0,14.2,11.6,10
2026-08-12T23:22:29Z,0,0,0,0,0,0,13.7,852.8,13.9,14.1,75.6,261,253,0,0,123,0,0,13.8,11.4,9.6
2026-08-12T23:37:32Z,0,0,0,0,0,0,13.3,852.5,13.5,13.7,77.1,260,253,0,0,123,0,0,13.4,11.2,9.2
2026-08-12T23:52:56Z,0,0,0,0,0,0,13.1,852.5,13.4,13.5,78.5,259,252,0,0,123,0,0,13.3,11.2,9
2026-08-13T00:00:01Z,0,0,0,0,0,0,13,852.4,13.3,13.5,78.7,261,254,0,0,123,0,0,13.2,11.2,9
2026-08-13T00:15:10Z,0,0,0,0,0,0,12.7,852.4,13,13.1,79.8,259,254,0,0,123,0,0,12.9,10.9,8.6
2026-08-13T00:30:18Z,0,0,0,0,0,0,12.4,852.3,12.6,12.9,81.2,260,253,0,0,123,0,0,12.6,10.8,8.3
2026-08-13T00:45:28Z,0,0,0,0,0,0,12.2,852.4,12.4,12.6,82,260,253,0,0,123,0,0,12.4,10.7,8.1
2026-08-13T01:00:54Z,0,0,0,0,0,0,12.1,852.5,12.5,12.6,82.4,262,253,0,0,123,0,0,12.3,10.7,8.1
2026-08-13T01:16:03Z,0,0,0,0,0,0,11.8,852.6,12.1,12.3,83.3,261,255,0,0,123,0,0,12,10.4,7.7
2026-08-13T01:31:12Z,0,0,0,0,0,0,11.5,852.6,11.8,11.9,84.5,261,253,0,0,123,0,0,11.7,10.3,7.3
2026-08-13T01:46:22Z,0,0,0,0,0,0,11.2,852.6,11.5,11.8,85.2,259,253,0,0,123,0.2,0.2,11.5,10.2,7.1
2026-08-13T02:01:32Z,0,0,0,0,0,0,11.1,852.8,11.4,11.6,85.4,260,254,0,0,123,0,0,11.3,10,7
2026-08-13T02:16:58Z,0,0,0,0,0,0,10.9,853,11.2,11.4,86.6,261,253,0,0,123,0,0,11.1,10,6.8
2026-08-13T02:32:08Z,0,0,0,0,0,0,10.9,853.1,11.2,11.4,86.7,261,253,0,0,123,0,0,11.1,9.9,6.7
2026-08-13T02:47:17Z,0,0,0,0,0,0,10.9,853.3,11.2,11.4,86.6,261,252,0,0,123,0,0,11.2,10,6.8
2026-08-13T03:02:28Z,0,0,0,0,0,0,10.9,853.6,11.2,11.4,85.8,260,253,0,0,123,0,0,11.2,9.9,6.8
2026-08-13T03:17:37Z,0,0,0,0,0,0,10.7,853.8,11.1,11.2,86.3,261,254,0,0,123,0,0,11,9.8,6.6
2026-08-13T03:33:01Z,0,0,0,0,0,0,10.5,853.8,10.9,11.1,86.7,263,275,0,0,123,0,0,10.8,9.6,6.4
2026-08-13T03:48:11Z,0,0,0,0.1,0,0,10.5,853.9,10.9,11,86.6,271,352,0,0,123,0,0,10.8,9.6,6.3
2026-08-13T04:03:21Z,0,0,0,0.1,0,0,10.7,853.9,11,11.1,87,280,439,0,0,123,0,0,10.8,9.7,6.4
2026-08-13T04:18:31Z,0,0,0,0.2,0,0,11.2,854.2,11.8,11.8,84.9,286,476,0,0,123,0.2,0.2,11.5,10.2,7.2
2026-08-13T04:33:41Z,0,0,0,0.2,0,0,11.9,854.2,12.3,12.4,82.1,295,568,0,0,123,0.1,0.1,12.2,10.5,7.9
2026-08-13T04:49:05Z,0,0,0,0.3,0,0,13.1,854.4,13.4,13.4,80,319,862,0,0.3,123,0.7,0.7,13.1,11.1,8.8
2026-08-13T05:04:15Z,0,0,0,0.8,0,0,15,854.7,15.6,14.9,75.6,401,1903,0,0,123,0.2,0.2,14.6,12.1,10.4
2026-08-13T05:19:25Z,0,0,0,1,0,0,16.6,854.8,17.2,16.2,71.5,442,2365,0,0.7,123,1.3,1.3,16,12.9,11.8
2026-08-13T05:34:35Z,0,0,0,1.2,0,0,17.8,854.9,18.6,17.5,68.3,485,2832,0,0,199,0,0,17.3,13.8,13.1
2026-08-13T05:49:43Z,0,0,0,1.4,0,0,18.6,855.2,19.2,18.1,64.6,520,3245,0,0.5,267,1.3,1.3,17.9,13.9,13.6
2026-08-13T06:05:10Z,0,0,0,1.6,0,0,19.7,855.4,20.8,19.4,59.5,560,3685,0,1.1,222,1.7,1.7,19.2,14.4,14.8
2026-08-13T06:20:19Z,0,0,0,1.9,0,0,20.6,855.3,21.6,20.5,56.2,604,4158,0,1.6,195,2.8,2.8,20.2,14.9,15.8
2026-08-13T06:35:28Z,0,0,0,2.1,0,0,20.1,855.5,20.9,20.2,57.8,643,4592,0,0.2,156,0.7,0.7,20,14.9,15.6
2026-08-13T06:51:14Z,0,0,0,2.3,0,0,20.6,855.4,21.4,20.9,54.2,690,5092,0,0.7,182,1.6,1.6,20.7,15.1,16.2
2026-08-13T07:06:23Z,0,0,0,2.5,0,0,21.7,855.3,22,21.4,52.1,730,5499,0,0.1,204,0.4,0.4,21.2,15.2,16.6
2026-08-13T07:21:31Z,0,0,0,2.8,0,0,21.9,855.4,22.4,21.6,47.8,773,5965,0,1.5,253,2.4,2.4,21.4,14.8,16.8
2026-08-13T07:36:40Z,0,0,0,2.9,0,0,22.3,855.2,22.9,22.6,48,795,6211,0,0.7,162,1.2,1.2,22.4,15.6,17.6
2026-08-13T07:51:50Z,0,0,0,3,0,0,22.4,855.2,22.9,22.4,47.8,818,6457,0,0.7,245,2,2,22.1,15.4,17.4
2026-08-13T08:07:14Z,0,0,0,3.2,0,0,23.2,855.2,24.2,23.8,45,852,6826,0,0.5,217,1.3,1.3,23.6,16.2,18.6
2026-08-13T08:22:23Z,0,0,0,3.2,0,0,22.5,855,23.4,23.2,43.1,864,6965,0,0.4,170,1.1,1.1,23,15.4,18.1
2026-08-13T08:37:33Z,0,0,0,3.4,0,0,23.5,854.7,24.3,24.1,36.8,894,7286,0,1.1,192,2,2,23.8,15.1,18.8
2026-08-13T08:52:42Z,0,0,0,3.5,0,0,23.5,854.7,24.2,24.1,36.2,907,7438,0,1.6,147,3.5,3.5,23.8,15,18.8
2026-08-13T09:07:52Z,0,0,0,3.6,0,0,23.9,854.5,24.4,24.2,37.3,927,7634,0,0.2,219,0.9,0.9,23.9,15.3,18.9
2026-08-13T09:23:18Z,0,0,0,3.6,0,0,25.4,854.2,25.7,25.5,35.6,925,7596,0,0.8,58,1.7,1.7,25.3,16,20
2026-08-13T09:38:27Z,0,0,0,3.5,0,0,25.5,853.9,25.9,26,35.4,918,7491,0,0.7,118,1.3,1.3,25.7,16.3,20.3
2026-08-13T09:53:35Z,0,0,0,3.5,0,0,24.6,853.7,25.3,25,35.8,918,7492,0,0.6,209,1.7,1.7,24.8,15.7,19.6
2026-08-13T10:08:44Z,0,0,0,3.5,0,0,25,853.3,25.6,25.8,32.7,910,7420,0,1.2,183,2,2,25.6,15.7,20.2
2026-08-13T10:23:53Z,0,0,0,3.4,0,0,25,853.2,25.6,25.7,33.3,894,7246,0,1.9,181,2.7,2.7,25.4,15.8,20.1
2026-08-13T10:39:02Z,0,0,0,3.3,0,0,25.4,852.9,26,26.1,32.7,883,7124,0,1.1,179,3.1,3.1,25.8,15.9,20.4
2026-08-13T10:54:23Z,0,0,0,3.2,0,0,26.1,852.7,26.2,26.9,31.6,865,6915,0,0.4,88,1.6,1.6,26.6,16.3,21
2026-08-13T11:09:33Z,0,0,0,3.1,0,0,26.3,852.5,26.9,27.2,31.2,835,6584,0,1.1,91,1.7,1.7,26.6,16.5,21
2026-08-13T11:24:41Z,0,0,0,2.9,0,0,26.6,852.1,26.9,27.5,30.5,804,6268,0,0.6,95,1.3,1.3,26.7,16.6,21.1
2026-08-13T11:39:50Z,0,0,0,2.8,0,0,26.8,851.9,27.2,27.7,29,770,5880,0,1,98,2.4,2.4,26.8,16.4,21.2
2026-08-13T11:54:58Z,0,0,0,2.6,0,0,27.4,851.7,27.6,28.3,28.4,737,5549,0,1.1,99,2.4,2.4,27.3,16.8,21.5
2026-08-13T12:10:27Z,0,0,0,2.4,0,0,26.6,851.5,27.1,27.5,28.9,706,5181,0,0.8,99,2.6,2.6,26.7,16.3,21.1
2026-08-13T12:25:36Z,0,0,0,2.2,0,0,26.8,851.3,27.4,27.4,29.1,666,4767,0,1.7,99,2,2,26.6,16.2,21
2026-08-13T12:40:45Z,0,0,0,2,0,0,27.2,851.1,27.8,28.1,28.6,624,4303,0,1,99,2,2,27.1,16.6,21.4
2026-08-13T12:55:53Z,0,0,0,1.8,0,0,27.7,851.1,28.4,28.3,28.4,592,3946,0,0.3,196,0.9,0.9,27.3,16.8,21.5
2026-08-13T13:11:01Z,0,0,0,1.6,0,0,27.7,850.8,28.6,28.9,27.8,551,3504,0,0,172,0.2,0.2,27.7,17,21.8
2026-08-13T13:26:10Z,0,0,0,1.3,0,0,27.8,850.9,28.6,28.9,28.5,505,3025,0,0.2,100,1.1,1.1,27.7,17.2,21.8
2026-08-13T13:41:31Z,0,0,0,1.1,0,0,27,850.8,27.8,27.9,28.1,465,2577,0,0.6,152,1.1,1.1,27,16.4,21.3
2026-08-13T13:56:39Z,0,0,0,0.9,0,0,26.2,850.8,26.9,27,29.2,423,2094,0,1.4,172,3.7,3.7,26.4,15.9,20.8
2026-08-13T14:11:49Z,0,0,0,0.7,0,0,26,851,26.7,26.8,30.3,388,1693,0,1.1,156,3.1,3.1,26.5,16,20.9
2026-08-13T14:26:57Z,0,0,0,0.5,0,0,25.4,851.1,26.1,26.2,30.7,350,1277,0,0.4,181,1.3,1.3,25.9,15.6,20.5
2026-08-13T14:42:07Z,0,0,0,0.2,0,0,25,851.1,25.3,25.6,31.5,292,501,0,1.1,176,2.2,2.2,25.3,15.3,20
2026-08-13T14:57:34Z,0,0,0,0.2,0,0,24.4,851.3,24.6,24.7,32.5,285,456,0,1.4,174,2.4,2.4,24.4,14.8,19.3
2026-08-13T15:12:43Z,0,0,0,0.1,0,0,24,851.4,24.1,24.3,33.8,277,397,0,0.2,114,0.7,0.7,24,14.8,19
2026-08-13T15:27:52Z,0,0,0,0.1,0,0,23.6,851.8,23.8,23.9,34.1,267,312,0,0.3,134,1.1,1.1,23.6,14.5,18.6
2026-08-13T15:43:42Z,0,0,0,0,0,0,23.1,852,23.2,23.4,35.1,261,263,0,0.5,144,1.3,1.3,23.1,14.3,18.2
2026-08-13T15:58:51Z,0,0,0,0,0,0,22.7,852.1,22.9,23,36.5,260,254,0,0.3,186,0.7,0.7,22.7,14.2,17.9
2026-08-13T16:14:00Z,0,0,0,0,0,0,22,852.2,22.2,22.4,37.7,259,253,0,0.5,186,1.5,1.5,22,13.9,17.3
2026-08-13T16:29:09Z,0,0,0,0,0,0,21.5,852.4,21.7,21.9,38.7,262,253,0,0.1,186,0.7,0.7,21.5,13.6,16.9
2026-08-13T16:44:18Z,0,0,0,0,0,0,21.1,852.6,21.2,21.4,40,261,253,0,0,185,0,0,21.1,13.5,16.5
2026-08-13T16:59:40Z,0,0,0,0,0,0,20.4,852.6,20.6,20.8,41,261,253,0,0,186,0.2,0.2,20.4,13.1,15.9
2026-08-13T17:14:50Z,0,0,0,0,0,0,20.1,852.7,20.4,20.5,42.1,261,253,0,0.1,186,1.1,1.1,20.1,13,15.6
2026-08-13T17:30:00Z,0,0,0,0,0,0,19.8,852.9,19.9,20.1,43.3,260,254,0,0,185,0,0,19.7,12.9,15.3
2026-08-13T17:45:50Z,0,0,0,0,0,0,19.3,853,19.4,19.6,45.2,260,255,0,0,185,0,0,19.2,12.7,14.9
2026-08-13T18:01:42Z,0,0,0,0,0,0,18.8,853.4,19,19.2,47.3,261,254,0,0,185,0,0,18.8,12.7,14.5
2026-08-13T18:16:52Z,0,0,0,0,0,0,18.5,853.6,18.6,18.9,47.2,260,253,0,0,185,0,0,18.5,12.4,14.2
2026-08-13T18:32:01Z,0,0,0,0,0,0,18.3,853.6,18.5,18.7,48.8,259,254,0,0,185,0,0,18.3,12.4,14
2026-08-13T18:47:11Z,0,0,0,0,0,0,18.4,853.8,18.8,18.8,48.8,261,252,0,0,185,0,0,18.4,12.5,14.1
2026-08-13T19:02:38Z,0,0,0,0,0,0,18.3,853.9,18.5,18.6,49.5,260,253,0,0,185,0,0,18.2,12.5,13.9
2026-08-13T19:17:48Z,0,0,0,0,0,0,18,854.1,18.2,18.3,51.4,261,254,0,0,185,0,0,17.9,12.4,13.7
2026-08-13T19:32:57Z,0,0,0,0,0,0,17.4,854.1,17.6,17.8,52.8,262,254,0,0,185,0,0,17.4,12.1,13.2
2026-08-13T19:48:48Z,0,0,0,0,0,0,17.1,854.1,17.2,17.4,54.8,260,253,0,0,185,0,0,17,12.1,12.8
2026-08-13T20:03:58Z,0,0,0,0,0,0,16.6,854.2,16.6,16.8,57.6,260,254,0,0,185,0,0,16.4,11.8,12.2
2026-08-13T20:19:08Z,0,0,0,0,0,0,15.8,854.1,16,16.1,60.5,261,253,0,0,185,0,0,15.8,11.6,11.6
2026-08-13T20:34:17Z,0,0,0,0,0,0,15.3,854.2,15.5,15.6,63,259,254,0,0,185,0,0,15.2,11.4,11
2026-08-13T20:49:47Z,0,0,0,0,0,0,14.8,854,15.1,15.2,64.4,260,253,0,0,185,0,0,14.9,11.2,10.7
2026-08-13T21:04:56Z,0,0,0,0,0,0,14.6,854,15,15.1,65.9,260,254,0,0.1,186,0.4,0.4,14.8,11.3,10.6
2026-08-13T21:20:06Z,0,0,0,0,0,0,14.2,854,14.5,14.7,67.5,261,252,0,0,186,0.2,0.2,14.3,11.1,10.1
2026-08-13T21:35:16Z,0,0,0,0,0,0,13.7,853.8,14,14.2,69,260,253,0,0,185,0,0,13.8,10.8,9.6
2026-08-13T21:50:46Z,0,0,0,0,0,0,13.3,853.7,13.7,13.8,70.5,260,254,0,0,185,0,0,13.4,10.6,9.2
2026-08-13T22:05:56Z,0,0,0,0,0,0,13.3,853.4,13.7,13.9,71.1,261,253,0,0,185,0,0,13.5,10.7,9.3
2026-08-13T22:21:05Z,0,0,0,0,0,0,13.1,853.2,13.6,13.7,72.2,260,253,0,0,185,0,0,13.3,10.6,9.1
2026-08-13T22:36:50Z,0,0,0,0,0,0,13.1,853.1,13.5,13.7,72.4,261,253,0,0,185,0,0,13.3,10.6,9.1
2026-08-13T22:52:13Z,0,0,0,0,0,0,12.9,853,13.2,13.4,73.1,260,255,0,0,185,0,0,13.1,10.5,8.8
2026-08-13T23:07:23Z,0,0,0,0,0,0,12.6,853.1,12.9,13.1,74.4,262,253,0,0,185,0,0,12.7,10.3,8.5
2026-08-13T23:22:32Z,0,0,0,0,0,0,12.4,852.9,12.7,12.9,75.4,259,252,0,0,185,0,0,12.5,10.2,8.2
2026-08-13T23:37:42Z,0,0,0,0,0,0,12.1,852.8,12.4,12.7,76.2,261,253,0,0,185,0,0,12.3,10.1,8
2026-08-13T23:52:52Z,0,0,0,0,0,0,12,852.8,12.3,12.5,77.3,261,253,0,0,185,0,0,12.1,10,7.8
2026-08-14T00:00:12Z,0,0,0,0,0,0,11.9,852.8,12.3,12.4,77.4,260,253,0,0,185,0,0,12.1,10,7.8
2026-08-14T00:15:22Z,0,0,0,0,0,0,11.6,852.8,12,12.1,78.8,260,253,0,0,185,0,0,11.8,9.9,7.5
2026-08-14T00:30:31Z,0,0,0,0,0,0,11.6,852.8,12,12.2,78.7,260,253,0,0.1,186,0.4,0.4,11.8,9.9,7.5
2026-08-14T00:45:41Z,0,0,0,0,0,0,11.5,852.8,11.9,12.1,78.5,260,253,0,0,185,0,0,11.8,9.8,7.5
2026-08-14T01:00:51Z,0,0,0,0,0,0,11.1,852.9,11.4,11.6,79.7,259,253,0,0,185,0,0,11.3,9.5,6.9
2026-08-14T01:16:15Z,0,0,0,0,0,0,11,852.7,11.3,11.5,81.2,261,253,0,0,185,0,0,11.2,9.5,6.8
2026-08-14T01:31:25Z,0,0,0,0,0,0,11,852.7,11.4,11.6,81.3,261,254,0,0.1,186,0.4,0.4,11.3,9.6,6.9
2026-08-14T01:46:35Z,0,0,0,0,0,0,11,852.9,11.4,11.6,80.7,260,252,0,0,185,0,0,11.3,9.5,6.9
2026-08-14T02:01:45Z,0,0,0,0,0,0,10.7,852.9,11,11.2,81.9,261,253,0,0,185,0,0,10.9,9.3,6.5
2026-08-14T02:16:54Z,0,0,0,0,0,0,10.5,853.1,10.8,11,83.5,261,254,0,0.1,186,0.4,0.4,10.7,9.3,6.3
2026-08-14T02:32:18Z,0,0,0,0,0,0,10.4,853.3,10.8,11,83.3,262,253,0,0,185,0,0,10.7,9.2,6.2
2026-08-14T02:47:28Z,0,0,0,0,0,0,10.4,853.3,10.7,10.9,83.4,259,253,0,0,185,0,0,10.6,9.1,6.1
2026-08-14T03:02:38Z,0,0,0,0,0,0,10.3,853.5,10.6,10.8,83.9,260,253,0,0,185,0,0,10.5,9.1,6
2026-08-14T03:17:48Z,0,0,0,0,0,0,10.3,853.6,10.8,11,83.8,261,255,0,0,185,0,0,10.6,9.2,6.2
2026-08-14T03:32:58Z,0,0,0,0,0,0,10.4,853.5,10.8,11,82.9,261,274,0,0,185,0,0,10.6,9.2,6.2
2026-08-14T03:48:21Z,0,0,0,0.1,0,0,10.2,853.8,10.5,10.7,83.6,271,342,0,0,185,0,0,10.4,9,5.9
2026-08-14T04:03:31Z,0,0,0,0.1,0,0,10.2,853.9,10.6,10.7,84,278,397,0,0,185,0,0,10.4,9,5.9
2026-08-14T04:19:24Z,0,0,0,0.2,0,0,10.5,854.2,10.9,11,83.4,285,456,0,0,185,0,0,10.7,9.2,6.2
2026-08-14T04:34:34Z,0,0,0,0.2,0,0,11.2,854.4,11.7,11.8,81.3,295,565,0,0.1,186,0.4,0.4,11.5,9.8,7.1
2026-08-14T04:49:43Z,0,0,0,0.5,0,0,12.5,854.5,12.9,12.8,78.2,342,1168,0,0.3,186,0.7,0.7,12.5,10.5,8.2
2026-08-14T05:04:53Z,0,0,0,0.8,0,0,15,854.7,15.2,14.4,73.5,403,1926,0,0.1,186,0.2,0.2,14.1,11.4,9.9
2026-08-14T05:20:27Z,0,0,0,1,0,0,16.6,855,16.9,15.8,68.8,445,2369,0,0,185,0,0,15.5,12.2,11.3
2026-08-14T05:35:36Z,0,0,0,1.2,0,0,20.1,855.1,19.6,18.6,58.5,486,2835,0,0.3,185,0.7,0.7,18.4,13.6,14.1
2026-08-14T05:50:46Z,0,0,0,1.4,0,0,19.5,855.3,19.6,18.7,59.8,525,3260,0,0,185,0,0,18.4,13.8,14.1
2026-08-14T06:05:55Z,0,0,0,1.7,0,0,19.1,855.3,19.9,18.6,58.8,571,3755,0,0,261,0.2,0.2,18.3,13.6,14
2026-08-14T06:21:05Z,0,0,0,1.9,0,0,18.9,855.3,20,18.8,58.4,610,4174,0,0.2,218,0.7,0.7,18.5,13.7,14.2
2026-08-14T06:36:28Z,0,0,0,2.1,0,0,19.1,855.2,19.9,19,58.6,643,4536,0,0,228,0.2,0.2,18.7,13.9,14.4
2026-08-14T06:51:38Z,0,0,0,2.3,0,0,19.9,855.1,20.4,19.8,54.5,683,4987,0,1.8,238,2.4,2.4,19.5,14.1,15.1
2026-08-14T07:06:48Z,0,0,0,2.5,0,0,20.5,854.9,21,20.6,52.5,720,5388,0,1.6,223,2.4,2.4,20.4,14.6,15.9
2026-08-14T07:21:57Z,0,0,0,2.5,0,0,20.8,854.9,21.4,20.8,52.5,722,5461,0,0.5,221,1.1,1.1,20.6,14.7,16.1
2026-08-14T07:37:06Z,0,0,0,2.8,0,0,20.9,854.6,21.5,20.9,51.4,770,5964,0,2.1,245,4.2,4.2,20.7,14.7,16.2
2026-08-14T07:52:31Z,0,0,0,3,0,0,21.2,854.4,21.9,21.7,49.6,810,6349,0,0.5,183,1.6,1.6,21.5,15.1,16.9
2026-08-14T08:07:37Z,0,0,0,3.1,0,0,22.2,854.2,22.8,22.3,47.2,831,6561,0,1.2,249,2.2,2.2,22.1,15.3,17.4
2026-08-14T08:22:39Z,0,0,0,3.2,0,0,22.1,854,22.7,22.3,47,858,6838,0,2,265,3.5,3.5,22,15.2,17.3
2026-08-14T08:37:47Z,0,0,0,3.3,0,0,22.3,853.8,22.9,22.7,44.9,876,7032,0,1,167,2,2,22.4,15.3,17.7
2026-08-14T08:53:38Z,0,0,0,3.4,0,0,23.1,853.6,23.5,23.2,44.3,895,7261,0,1.5,179,3.1,3.1,23,15.6,18.1
2026-08-14T09:08:46Z,0,0,0,3.4,0,0,23.6,853.3,23.9,23.5,43.7,886,7166,0,2.4,257,3.7,3.7,23.2,15.7,18.3
2026-08-14T09:23:55Z,0,0,0,3.5,0,0,24.1,852.9,24.6,24.1,43.1,902,7314,0,0.2,158,0.4,0.4,23.9,16.2,18.9
2026-08-14T09:39:37Z,0,0,0,3.5,0,0,24,852.6,24.6,24.7,41.4,914,7434,0,0.6,168,1.7,1.7,24.5,16.4,19.4
2026-08-14T09:54:46Z,0,0,0,3.5,0,0,24.8,852.2,25.2,25.3,39.6,907,7341,0,0.9,68,1.5,1.5,25.1,16.5,19.8
2026-08-14T10:09:55Z,0,0,0,3.7,0,0,24.8,852,25.4,25.5,38.3,943,7825,0,1.8,176,3.3,3.3,25.3,16.5,20
2026-08-14T10:26:36Z,0,0,0,2.8,0,0,25.5,851.7,25.8,25.9,37.8,773,5820,0,0.7,192,1.5,1.5,25.7,16.7,20.3
2026-08-14T10:41:45Z,0,0,0,3.5,0,0,25.9,851.3,26.4,26.3,37.1,900,7339,0,1,227,2,2,26.1,16.9,20.6
2026-08-14T10:56:55Z,0,0,0,2.6,0,0,26.9,851,27.4,27.2,35.6,748,5554,0,0.6,231,1.1,1.1,26.8,17.3,21.1
2026-08-14T11:12:04Z,0,0,0,2.1,0,0,26.8,850.8,27.2,27,35.2,643,4443,0,0.5,174,2,2,26.6,17.1,21
2026-08-14T11:27:31Z,0,0,0,1.7,0,0,26.1,850.7,26.6,26.7,35.1,571,3643,0,1.4,166,2.4,2.4,26.5,16.9,20.9
2026-08-14T11:42:41Z,0,0,0,1.5,0,0,27.2,850.5,27.6,28,33.8,534,3214,0,0.5,190,2.2,2.2,27.3,17.7,21.5
2026-08-14T11:57:50Z,0,0,0,1.6,0,0,27.1,850.3,27.4,28,33.7,565,3555,0,0.2,74,1.1,1.1,27.3,17.6,21.5
2026-08-14T12:12:59Z,0,0,0,1.4,0,0,26.7,850.1,27,26.8,34.9,521,3048,0,0.2,168,1.1,1.1,26.6,16.9,21
2026-08-14T12:28:07Z,0,0,0,1,0,0,26.6,849.9,27,27.2,33.5,450,2300,0,0.4,224,1.1,1.1,26.7,16.9,21
2026-08-14T12:43:34Z,0,0,0,1,0,0,26.4,849.7,26.7,26.6,35,441,2217,0,0,252,0.2,0.2,26.4,16.8,20.8
2026-08-14T12:58:43Z,0,0,0,1,0,0,27.1,849.5,27.1,27.6,34.7,440,2233,0,0.9,61,2,2,27.1,17.5,21.3
2026-08-14T13:13:53Z,0,0,0,0.8,0,0,26.8,849.4,27.2,27.6,35,411,1872,0,0.3,47,1.1,1.1,27.1,17.6,21.3
2026-08-14T13:29:02Z,0,0,0,0.8,0,0,25.7,849.4,25.9,26.5,37.1,398,1712,0,0.5,165,1.3,1.3,26.3,17,20.8
2026-08-14T13:44:45Z,0,0,0,1,0,0,27.2,849.4,27.7,28.2,34.2,448,2404,0,0.4,148,1.3,1.3,27.5,17.9,21.6
2026-08-14T13:59:54Z,0,0,0,0.9,0,0,26.2,849.4,26.9,27.1,35,415,2012,0,0.9,182,2.2,2.2,26.7,17.2,21.1
2026-08-14T14:15:03Z,0,0,0,0.6,0,0,25.9,849.5,26.4,26.8,35.6,371,1520,0,0.7,85,1.7,1.7,26.6,17,21
2026-08-14T14:30:12Z,0,0,0,0.5,0,0,25.6,849.6,26,26.5,35.7,342,1183,0,0.5,90,1.1,1.1,26.3,16.8,20.8
2026-08-14T14:45:39Z,0,0,0,0.2,0,0,24.8,849.7,25.1,25.3,37.3,299,578,0,1,84,2,2,25.1,16.2,19.8
2026-08-14T15:00:48Z,0,0,0,0.2,0,0,24.4,849.8,24.6,24.8,38.5,286,475,0,0.5,131,1.7,1.7,24.5,15.9,19.4
2026-08-14T15:15:59Z,0,0,0,0.1,0,0,23.7,849.9,23.9,24.1,39.7,277,390,0,1.2,71,2.6,2.6,23.9,15.6,18.9
2026-08-14T15:31:08Z,0,0,0,0.1,0,0,23.3,850.1,23.5,23.7,40.9,266,303,0,0.2,134,1.1,1.1,23.4,15.5,18.5
2026-08-14T15:46:18Z,0,0,0,0,0,0,22.7,850.2,22.9,23.1,42.5,261,261,0,0,125,0,0,22.8,15.2,18
2026-08-14T16:01:41Z,0,0,0,0,0,0,22.3,850.3,22.5,22.7,43.9,259,254,0,0.1,118,0.9,0.9,22.4,15.1,17.6
2026-08-14T16:16:52Z,0,0,0,0,0,0,21.9,850.4,22.1,22.2,45.2,261,254,0,0.1,148,0.2,0.2,22,14.9,17.3
2026-08-14T16:32:01Z,0,0,0,0,0,0,21.5,850.5,21.8,21.9,46.3,260,253,0,0.1,107,0.4,0.4,21.6,14.8,17
2026-08-14T16:47:11Z,0,0,0,0,0,0,21.1,850.6,21.2,21.4,47.5,260,253,0,0.1,113,0.7,0.7,21.2,14.6,16.6
2026-08-14T17:02:21Z,0,0,0,0,0,0,20.6,850.6,20.8,21,48.5,259,254,0,0,113,0,0,20.7,14.4,16.2
2026-08-14T17:17:46Z,0,0,0,0,0,0,20.2,850.7,20.4,20.6,49.3,260,252,0,0,113,0,0,20.3,14.1,15.8
2026-08-14T17:32:56Z,0,0,0,0,0,0,19.7,850.9,19.8,20,51.3,259,253,0,0.3,137,1.5,1.5,19.7,13.9,15.3
2026-08-14T17:48:06Z,0,0,0,0,0,0,19.4,851.2,19.4,19.7,51.7,260,253,0,0,137,0,0,19.4,13.6,15
2026-08-14T18:03:16Z,0,0,0,0,0,0,18.8,851.3,19.1,19.3,53.1,260,253,0,0,137,0,0,19,13.5,14.6
2026-08-14T18:18:26Z,0,0,0,0,0,0,19.7,851.4,19.7,19.9,51.1,262,254,0,0.1,149,0.7,0.7,19.6,13.8,15.2
2026-08-14T18:33:48Z,0,0,0,0,0,0,19.2,851.5,19.3,19.6,52.5,260,254,0,0,149,0,0,19.3,13.7,14.9
2026-08-14T18:48:57Z,0,0,0,0,0,0,18.9,851.7,19.1,19.2,54.3,261,253,0,0.5,128,1.3,1.3,18.9,13.6,14.6
2026-08-14T19:04:07Z,0,0,0,0,0,0,18.9,851.9,19.1,19.3,56.5,260,254,0,1,167,2.8,2.8,19,13.9,14.7
2026-08-14T19:19:16Z,0,0,0,0,0,0,18.7,852,18.9,19.1,58.1,261,253,0,0.3,194,0.7,0.7,18.8,14,14.5
2026-08-14T19:34:26Z,0,0,0,0,0,0,18.4,852.1,18.6,18.8,59.6,260,253,0,0.2,136,0.9,0.9,18.5,13.9,14.2
2026-08-14T19:49:50Z,0,0,0,0,0,0,17.9,852.2,18.1,18.4,61,259,253,0,0,115,0.2,0.2,18.1,13.7,13.8
2026-08-14T20:04:58Z,0,0,0,0,0,0,17.6,852.3,17.8,18,62.8,259,253,0,0,116,0,0,17.7,13.5,13.4
2026-08-14T20:20:07Z,0,0,0,0,0,0,17.3,852.5,17.4,17.6,63.7,260,253,0,0,71,0,0,17.4,13.3,13.1
2026-08-14T20:35:17Z,0,0,0,0,0,0,16.7,852.4,16.9,17.1,65.6,260,253,0,0,71,0.3,0.3,16.8,13,12.6
2026-08-14T20:50:26Z,0,0,0,0,0,0,16.5,852.4,16.6,16.8,67.2,260,254,0,0.2,64,1.3,1.3,16.6,13,12.4
2026-08-14T21:05:53Z,0,0,0,0,0,0,16.7,852.2,16.8,17,67.1,262,253,0,0.1,131,0.9,0.9,16.8,13.2,12.6
2026-08-14T21:21:03Z,0,0,0,0,0,0,16.4,852.1,16.5,16.8,67.8,261,252,0,0,131,0,0,16.5,13,12.3
2026-08-14T21:36:25Z,0,0,0,0,0,0,15.8,851.9,16,16.1,70.2,260,253,0,0,131,0,0,15.9,12.7,11.7
2026-08-14T21:51:48Z,0,0,0,0,0,0,15.3,852,15.5,15.6,72.2,260,253,0,0,131,0,0,15.3,12.4,11.1
2026-08-14T22:06:58Z,0,0,0,0,0,0,14.8,851.7,15.1,15.2,74,260,254,0,0,131,0,0,14.9,12.2,10.7
2026-08-14T22:22:08Z,0,0,0,0,0,0,14.7,851.5,15.1,15.1,74.7,260,254,0,0,131,0,0,14.9,12.2,10.7
2026-08-14T22:37:18Z,0,0,0,0,0,0,14.2,851.4,14.6,14.6,75,262,254,0,0,131,0,0,14.4,11.8,10.2
2026-08-14T22:52:27Z,0,0,0,0,0,0,13.9,851.3,14.2,14.3,76.4,260,254,0,0,131,0,0,14,11.7,9.8
2026-08-14T23:07:52Z,0,0,0,0,0,0,13.3,851,13.7,13.9,77.2,260,253,0,0,131,0,0,13.6,11.3,9.4
2026-08-14T23:23:01Z,0,0,0,0,0,0,13,851.1,13.2,13.4,79.1,260,253,0,0,131,0,0,13.2,11.1,8.9
2026-08-14T23:38:11Z,0,0,0,0,0,0,12.6,851.1,12.9,13.1,80.5,260,253,0,0,131,0,0,12.8,10.9,8.6
2026-08-14T23:53:20Z,0,0,0,0,0,0,12.5,851.1,12.8,12.9,81.1,258,254,0,0,131,0,0,12.7,10.9,8.4
2026-08-15T00:00:25Z,0,0,0,0,0,0,12.4,851,12.7,12.9,81.6,259,252,0,0,131,0,0,12.6,10.8,8.3
2026-08-15T00:15:50Z,0,0,0,0,0,0,12.1,851.1,12.5,12.6,82.1,259,254,0,0,131,0,0,12.3,10.7,8.1
2026-08-15T00:31:00Z,0,0,0,0,0,0,11.9,851.2,12.2,12.4,83.6,260,252,0,0,131,0,0,12.1,10.6,7.8
2026-08-15T00:46:09Z,0,0,0,0,0,0,11.7,851.2,12,12.1,84.6,260,253,0,0,131,0,0,11.9,10.5,7.6
2026-08-15T01:01:19Z,0,0,0,0,0,0,11.7,851.2,12.1,12.3,84.8,260,254,0,0,131,0,0,12,10.6,7.7
2026-08-15T01:16:29Z,0,0,0,0,0,0,12,851.3,12.5,12.6,84.6,260,253,0,0,131,0,0,12.4,10.9,8.1
2026-08-15T01:31:52Z,0,0,0,0,0,0,12.3,851.5,12.7,12.8,84.3,260,253,0,0,131,0.2,0.2,12.6,11.1,8.3
2026-08-15T01:47:02Z,0,0,0,0,0,0,12.5,851.5,12.9,13,83.8,261,253,0,0,131,0,0,12.8,11.2,8.5
2026-08-15T02:02:11Z,0,0,0,0,0,0,12.7,851.5,13.1,13.2,82.7,260,253,0,0,131,0,0,12.9,11.3,8.7
2026-08-15T02:17:20Z,0,0,0,0,0,0,12.8,851.6,13.2,13.3,83.7,259,253,0,0,131,0,0,13.1,11.5,8.8
2026-08-15T02:32:30Z,0,0,0,0,0,0,13,851.9,13.3,13.5,83.1,261,254,0,0,131,0,0,13.3,11.6,9.1
2026-08-15T02:47:55Z,0,0,0,0,0,0,13.1,852,13.5,13.6,83.2,260,254,0,0.1,131,0.4,0.4,13.4,11.7,9.2
2026-08-15T03:03:04Z,0,0,0,0,0,0,13.2,852.2,13.5,13.6,82.5,261,254,0,0,131,0.2,0.2,13.4,11.7,9.2
2026-08-15T03:18:04Z,0,0,0,0,0,0,13.1,852.2,13.3,13.5,82.3,262,254,0,0,131,0,0,13.2,11.5,9
2026-08-15T03:33:13Z,0,0,0,0,0,0,13.1,852.4,13.4,13.5,82.6,261,263,0,0,131,0.2,0.2,13.3,11.6,9.1
2026-08-15T03:48:22Z,0,0,0,0.1,0,0,13.1,852.6,13.4,13.6,82.1,266,299,0,0,131,0,0,13.4,11.6,9.1
2026-08-15T04:03:32Z,0,0,0,0.1,0,0,13.3,852.7,13.6,13.7,82.2,270,351,0,0,131,0,0,13.5,11.8,9.3
2026-08-15T04:18:59Z,0,0,0,0.1,0,0,13.4,852.8,13.8,13.9,81.6,276,413,0,0,300,0,0,13.7,11.8,9.5
2026-08-15T04:34:07Z,0,0,0,0.1,0,0,13.7,852.7,14.1,14.1,80.7,282,506,0,0.2,305,0.7,0.7,13.9,12,9.7
2026-08-15T04:49:16Z,0,0,0,0.2,0,0,14,852.9,14.3,14.4,80.6,295,655,0,0,303,0.4,0.4,14.3,12.3,10
2026-08-15T05:04:25Z,0,0,0,0.4,0,0,14.7,853.1,14.9,15.1,78.7,324,958,0,0.3,303,0.7,0.7,14.9,12.7,10.7
2026-08-15T05:19:33Z,0,0,0,1.1,0,0,15.7,853.2,16,16,75.8,465,2832,0,0.7,344,1.3,1.3,15.8,13.2,11.6
2026-08-15T05:35:00Z,0,0,0,0.6,0,0,17.2,853.5,17.1,17.2,72.4,367,1470,0,0,346,0.2,0.2,17.1,14,12.8
2026-08-15T05:50:09Z,0,0,0,0.8,0,0,17.4,853.6,17.2,17.5,72.1,399,1749,0,0.5,346,1.3,1.3,17.3,14.2,13.1
2026-08-15T06:05:17Z,0,0,0,1.4,0,0,19.4,853.7,19.4,19.2,67.7,519,3125,0,0.1,346,0.4,0.4,19.1,15.3,14.7
2026-08-15T06:20:26Z,0,0,0,2.2,0,0,20.5,853.7,20.2,20,64.3,662,4917,0,0.5,346,1.7,1.7,19.9,15.6,15.5
2026-08-15T06:35:35Z,0,0,0,1.3,0,0,20.2,853.8,20.2,19.9,64.1,499,2830,0,0.2,346,0.7,0.7,19.7,15.4,15.3
2026-08-15T06:51:33Z,0,0,0,1.6,0,0,19.5,853.7,18.9,19,65.5,557,3538,0,0.9,275,1.5,1.5,18.8,14.8,14.5
2026-08-15T07:06:42Z,0,0,0,1.2,0,0,20.6,853.6,20.5,20.4,59.8,478,2635,0,0.3,335,0.7,0.7,20.2,15.3,15.8
2026-08-15T07:22:05Z,0,0,0,1.3,0,0,21.6,853.6,21.8,21.9,55.6,506,2973,0,0.3,335,0.9,0.9,21.7,16.1,17.1
2026-08-15T07:37:14Z,0,0,0,1.2,0,0,20,853.5,20.5,20.7,58.5,488,2771,0,0.4,118,1.3,1.3,20.6,15.5,16.1
2026-08-15T07:52:23Z,0,0,0,1.1,0,0,20.2,853.3,20.8,20.8,56.9,459,2468,0,0.8,184,1.1,1.1,20.6,15.3,16.1
2026-08-15T08:07:31Z,0,0,0,1.5,0,0,20.5,853.3,20.9,20.8,57.6,537,3329,0,0.3,181,1.1,1.1,20.6,15.4,16.1
2026-08-15T08:22:40Z,0,0,0,1.4,0,0,20.8,853.2,21.5,21.3,55.3,508,2999,0,1.2,185,2,2,21.1,15.5,16.5
2026-08-15T08:37:49Z,0,0,0,1.6,0,0,20.8,853,21.3,21.2,54.7,549,3448,0,0.8,214,1.3,1.3,21,15.4,16.4
2026-08-15T08:53:10Z,0,0,0,1.6,0,0,21.2,852.9,21.6,21.3,55.7,563,3586,0,0.2,240,1.1,1.1,21.1,15.6,16.6
2026-08-15T09:08:19Z,0,0,0,2,0,0,21,852.8,21.4,21.4,56.5,628,4276,0,1,242,1.5,1.5,21.2,15.8,16.6
2026-08-15T09:23:28Z,0,0,0,2.3,0,0,21.5,852.6,21.9,21.9,53.9,686,4914,0,0.3,120,1.1,1.1,21.7,15.9,17.1
2026-08-15T09:38:37Z,0,0,0,2.9,0,0,22.7,852.3,23.1,22.6,52.3,801,6243,0,0.9,244,2.2,2.2,22.5,16.3,17.7
2026-08-15T09:53:46Z,0,0,0,2.8,0,0,23.3,852,23.9,23.8,49.5,776,5912,0,1.1,256,2.1,2.1,23.7,16.9,18.7
2026-08-15T10:09:14Z,0,0,0,3.5,0,0,23.1,851.7,23.6,23.3,50.2,905,8017,0,0.8,257,1.3,1.3,23.1,16.5,18.2
2026-08-15T10:24:20Z,0,0,0,1.3,0,0,23.4,851.5,24,23.8,50.1,497,2810,0,0.4,172,1.3,1.3,23.6,16.9,18.7
2026-08-15T10:40:20Z,0,0,0,1.4,0,0,22.6,851.3,23.1,23.2,54.8,516,3035,0,0.9,112,2.1,2.1,23.1,17.2,18.3
2026-08-15T10:55:29Z,0,0,0,1,0,0,22.3,851.1,22.4,22.9,54.2,452,2370,0,0.4,80,1.3,1.3,22.8,16.8,18
2026-08-15T11:10:37Z,0,0,0,3.2,0,0,23.4,850.9,23.6,24,51.4,851,7200,0,0.8,60,1.8,1.8,24,17.4,18.9
2026-08-15T11:25:46Z,0,0,0,1.8,0,0,23.3,850.7,23.4,24,51.6,588,3828,0,0.6,103,1.1,1.1,23.9,17.4,18.9
2026-08-15T11:41:15Z,0,0,0,1.2,0,0,23.2,850.5,23.4,23.9,51.5,483,2715,0,0.4,116,1.3,1.3,23.8,17.3,18.8
2026-08-15T11:56:24Z,0,0,0,1.4,0,0,23.3,850.3,23.6,24,51.1,524,3211,0,0.1,67,0.4,0.4,23.9,17.3,18.9
2026-08-15T12:11:33Z,0,0,0,1.2,0,0,23.9,850.1,23.9,24.5,50.5,489,2748,0,0.4,69,1.3,1.3,24.4,17.6,19.3
2026-08-15T12:26:41Z,0,0,0,0.6,0,0,23.5,850,23.8,24.2,50.7,375,1539,0,0.8,114,2.2,2.2,24.2,17.5,19.1
2026-08-15T12:41:49Z,0,0,0,0.9,0,0,22.6,849.9,22.9,23.1,52.8,423,2032,0,1.3,72,2.6,2.6,23,16.8,18.1
2026-08-15T12:57:11Z,0,0,0,0.9,0,0,22.7,849.8,23.1,23.3,51.9,433,2125,0,0.9,164,1.7,1.7,23.2,16.8,18.3
2026-08-15T13:12:20Z,0,0,0,1.6,0,0,23.8,849.4,24.1,24.5,49,559,3801,0,1.4,74,2.6,2.6,24.4,17.4,19.3
2026-08-15T13:27:28Z,0,0,0,0.6,0,0,23.8,849.5,24.2,24.6,49.1,360,1345,0,0.1,72,0.7,0.7,24.6,17.6,19.4
2026-08-15T13:42:37Z,0,0,0,0.3,0,0,23.5,849.5,23.6,24,50.2,321,932,0,0.1,134,0.4,0.4,23.9,17.2,18.9
2026-08-15T13:57:46Z,0,0,0,0.4,0,0,23.1,849.5,23.3,23.6,51.1,324,956,0,0,119,0.4,0.4,23.5,17,18.5
2026-08-15T14:13:20Z,0,0,0,0.3,0,0,23.2,849.6,23.4,23.6,51.2,322,936,0,0.4,163,2,2,23.5,17,18.6
2026-08-15T14:28:29Z,0,0,0,0.2,0,0,22.8,849.6,23.1,23.3,52.6,302,709,0,0.1,162,0.9,0.9,23.2,16.9,18.3
2026-08-15T14:43:37Z,0,0,0,0.2,0,0,22.3,849.6,22.5,22.8,53.9,300,684,0,0.5,162,1.3,1.3,22.6,16.6,17.8
2026-08-15T14:58:46Z,0,0,0,0.2,0,0,22.3,849.6,22.4,22.7,54.3,288,548,0,0.3,82,1.3,1.3,22.6,16.6,17.8
2026-08-15T15:13:55Z,0,0,0,0.1,0,0,22.1,849.7,22.3,22.5,55.4,271,367,0,0,160,0,0,22.4,16.6,17.6
2026-08-15T15:29:18Z,0,0,0,0,0,0,21.8,850,22,22.2,56,263,279,0,0.2,106,0.9,0.9,22.1,16.4,17.4
2026-08-15T15:44:26Z,0,0,0,0,0,0,21.4,850.2,21.6,21.8,57.1,260,259,0,0.2,141,0.7,0.7,21.6,16.2,17
2026-08-15T15:59:35Z,0,0,0,0,0,0,21.3,850.5,21.4,21.6,57.6,260,255,0,0,156,0,0,21.5,16.1,16.9
2026-08-15T16:14:44Z,0,0,0,0,0,0,21.1,850.5,21.3,21.4,57.7,261,253,0,0.4,114,1.3,1.3,21.3,16,16.7
2026-08-15T16:30:26Z,0,0,0,0,0,0,20.7,850.7,20.9,21.1,59,260,253,0,0.1,194,0.7,0.7,21,15.9,16.4
2026-08-15T16:45:34Z,0,0,0,0,0,0,20.6,850.7,20.8,20.9,59.8,260,253,0,0,139,0,0,20.8,15.8,16.3
2026-08-15T17:00:43Z,0,0,0,0,0,0,20.5,850.8,20.6,20.8,60.5,258,253,0,0,139,0,0,20.7,15.8,16.2
2026-08-15T17:15:52Z,0,0,0,0,0,0,20.4,851.1,20.6,20.7,60.8,260,254,0,0,139,0,0,20.6,15.8,16.1
2026-08-15T17:31:01Z,0,0,0,0,0,0,20.3,851,20.4,20.7,60.8,259,253,0,0,139,0.2,0.2,20.5,15.7,16
2026-08-15T17:46:24Z,0,0,0,0,0,0,20.2,851,20.4,20.6,60.7,261,252,0,0.6,93,1.5,1.5,20.4,15.6,15.9
2026-08-15T18:01:33Z,0,0,0,0,0,0,20.2,851.1,20.4,20.5,60.7,260,253,0,0,122,0,0,20.4,15.6,15.9
2026-08-15T18:16:42Z,0,0,0,0,0,0,20.1,851.2,20.2,20.5,60.7,259,253,0,0.1,160,0.9,0.9,20.3,15.5,15.9
2026-08-15T18:31:51Z,0,0,0,0,0,0,20,851.4,20.1,20.3,60.9,260,253,0,0.2,137,1,1,20.2,15.4,15.7
2026-08-15T18:47:00Z,0,0,0,0,0,0,19.7,851.4,19.9,20.1,62.2,260,254,0,0.3,129,1.3,1.3,19.9,15.4,15.5
2026-08-15T19:02:28Z,0,0,0,0,0,0,19.3,851.6,19.4,19.6,64.1,260,253,0,0,124,0.4,0.4,19.5,15.2,15.1
2026-08-15T19:17:43Z,0,0,0,0,0,0,19.3,851.6,19.4,19.6,64.8,262,253,0,0,149,0.2,0.2,19.5,15.3,15.1
2026-08-15T19:33:36Z,0,0,0,0,0,0,18.7,851.8,18.9,19.1,69,260,254,0,1,179,2.2,2.2,19,15.3,14.7
2026-08-15T19:48:44Z,0,0,0,0,0,0,18.2,851.8,18.4,18.6,72.7,261,253,0,0.4,158,1.7,1.7,18.5,15.3,14.2
2026-08-15T20:04:38Z,0,0,0,0,0,0,17.6,851.8,17.8,18,75.2,260,253,0,0.5,122,1.3,1.3,18,15.1,13.7
2026-08-15T20:19:46Z,0,0,0,0,0,0,17.1,851.7,17.3,17.6,78.8,260,254,0,0.1,159,0.4,0.4,17.5,15.1,13.3
2026-08-15T20:35:35Z,0,0,0,0,0,0,16.7,851.6,16.9,17.2,81.4,261,254,0,0.4,109,1.5,1.5,17.2,15,12.9
2026-08-15T20:50:59Z,0,0,0,0,0,0,16.5,851.7,16.7,16.9,83.2,259,254,0,0,196,0,0,16.9,15,12.7
2026-08-15T21:06:08Z,0,0,0,0,0,0,16.4,851.6,16.6,16.8,84.1,259,253,0,0.8,175,2,2,16.8,14.9,12.6
2026-08-15T21:21:17Z,0,0,0,0,0,0,16.5,851.6,16.6,16.9,83.9,259,253,0,0.7,189,2,2,16.8,15,12.6
2026-08-15T21:36:25Z,0,0,0,0,0,0,16.3,851.6,16.6,16.8,84,260,253,0,0,180,0,0,16.7,14.9,12.5
2026-08-15T21:51:34Z,0,0,0,0,0,0,16.2,851.6,16.3,16.6,84.7,262,253,0,0,181,0.2,0.2,16.6,14.8,12.4
2026-08-15T22:06:42Z,0,0,0,0,0,0,15.9,851.5,16.2,16.3,85.8,261,253,0,0,181,0.2,0.2,16.3,14.7,12.1
2026-08-15T22:22:04Z,0,0,0,0,0,0,15.6,851.5,16,16,86.7,261,253,0,0,180,0,0,16,14.5,11.8
2026-08-15T22:37:13Z,0,0,0,0,0,0,15.7,851.6,16.1,16.1,87.4,260,253,0,0,180,0,0,16.1,14.6,11.9
2026-08-15T22:52:22Z,0,0,0,0,0,0,16,851.7,16.2,16.3,86.8,260,253,0,0,180,0,0,16.3,14.8,12.1
2026-08-15T23:07:31Z,0,0,0,0,0,0,16.1,851.5,16.2,16.5,86.5,261,253,0,0,180,0,0,16.4,14.9,12.2
2026-08-15T23:22:40Z,0,0,0,0,0,0,16.1,851.4,16.3,16.5,86.2,260,253,0,0.1,181,0.7,0.7,16.5,14.9,12.3
2026-08-15T23:38:09Z,0,0,0,0,0,0,16.1,851.3,16.2,16.5,86,260,253,0,0,180,0,0,16.5,14.9,12.3
2026-08-15T23:53:18Z,0,0,0,0,0,0,16.1,851.2,16.2,16.5,86.5,260,253,0,0.1,181,0.4,0.4,16.5,14.9,12.3
2026-08-16T00:00:23Z,0,0,0,0,0,0,16.2,851.2,16.3,16.6,86.3,260,254,0,0.1,181,0.7,0.7,16.5,15,12.3
2026-08-16T00:15:32Z,0,0,0,0,0,0,16.2,851.3,16.3,16.6,86.4,261,253,0,0,181,0.2,0.2,16.6,15,12.4
2026-08-16T00:30:42Z,0,0,0,0,0,0,16.2,851.3,16.3,16.6,86.5,260,252,0,0.4,112,1.1,1.1,16.6,15,12.3
2026-08-16T00:46:07Z,0,0,0,0,0,0,16.1,851.3,16.2,16.5,86.8,261,253,0,0,129,0.2,0.2,16.5,14.9,12.3
2026-08-16T01:01:17Z,0,0,0,0,0,0,16,851.4,16.3,16.5,87.2,260,253,0,0.3,152,0.9,0.9,16.4,15,12.2
2026-08-16T01:17:14Z,0,0,0,0,0,0,16.1,851.5,16.2,16.5,87,260,254,0,0.9,116,2,2,16.5,15,12.3
2026-08-16T01:32:23Z,0,0,0,0,0,0,16,851.5,16.2,16.5,87.4,260,253,0,0.1,120,0.9,0.9,16.4,15,12.2
2026-08-16T01:47:32Z,0,0,0,0,0,0,16.1,851.7,16.2,16.5,87.3,260,253,0,0.1,116,0.7,0.7,16.5,15,12.2
2026-08-16T02:02:41Z,0,0,0,0,0,0,16,851.8,16.3,16.5,87.7,260,252,0,0.1,130,0.7,0.7,16.4,15,12.2
2026-08-16T02:17:49Z,0,0,0,0,0,0,15.8,851.9,16.2,16.3,88.5,259,254,0,0,122,0.2,0.2,16.3,14.9,12.1
2026-08-16T02:33:11Z,0,0,0,0,0,0,15.7,851.9,16.1,16.2,89,260,252,0,0.8,131,1.5,1.5,16.2,14.9,12
2026-08-16T02:48:20Z,0,0,0,0,0,0,15.8,851.9,16.1,16.2,89.2,259,254,0,1,175,2.1,2.1,16.2,15,12
2026-08-16T03:03:28Z,0,0,0,0,0,0,15.7,851.9,16,16.1,89.5,260,253,0,0.1,215,0.7,0.7,16.1,14.9,11.9
2026-08-16T03:18:36Z,0,0,0,0,0,0,15.5,852,15.9,15.9,90.3,260,254,0,0,189,0.2,0.2,15.9,14.8,11.7
2026-08-16T03:33:45Z,0,0,0,0,0,0,15.3,852.1,15.8,15.8,90.7,261,258,0,0.9,182,1.3,1.3,15.8,14.7,11.6
2026-08-16T03:49:13Z,0,0,0,0,0,0,15.3,852.2,15.6,15.8,91.2,261,276,0,0.5,185,1.5,1.5,15.8,14.7,11.6
2026-08-16T04:04:22Z,0,0,0,0.1,0,0,15.3,852.4,15.6,15.7,91.2,269,350,0,0.3,142,1.5,1.5,15.7,14.7,11.5
2026-08-16T04:19:31Z,0,0,0,0.1,0,0,15.4,852.5,15.8,15.8,90.7,277,436,0,0.1,143,0.4,0.4,15.8,14.7,11.6
2026-08-16T04:34:40Z,0,0,0,0.1,0,0,15.5,852.7,15.9,15.9,89.4,277,433,0,0.1,136,0.7,0.7,15.9,14.7,11.7
2026-08-16T04:49:50Z,0,0,0,0.2,0,0,15.7,852.9,16.1,16.1,88.6,284,530,0,0.2,136,1.1,1.1,16.1,14.8,11.9
2026-08-16T05:05:15Z,0,0,0,0.1,0,0,15.9,853.2,16.2,16.3,87.7,278,440,0,0.4,177,1.3,1.3,16.3,14.9,12.1
2026-08-16T05:20:24Z,0,0,0,0.1,0,0,15.8,853.3,16.2,16.3,87.5,281,454,0,0.7,178,1.7,1.7,16.3,14.8,12.1
2026-08-16T05:35:33Z,0,0,0,0.2,0,0,15.9,853.6,16.2,16.3,88.3,285,523,0,0.2,177,0.9,0.9,16.3,15,12.1
2026-08-16T05:50:42Z,0,0,0,0.3,0,0,15.9,853.7,16.2,16.4,89.5,309,787,0,0.1,177,0.4,0.4,16.4,15.1,12.2
2026-08-16T06:06:25Z,0,0,0,0.7,0,0,16.1,853.7,16.3,16.6,88.7,393,1746,0,0.2,177,1.1,1.1,16.6,15.2,12.4
2026-08-16T06:21:33Z,0,0,0,0.5,0,0,16.7,853.6,16.8,17.2,85.3,349,1213,0,0.7,138,1.1,1.1,17.2,15.4,12.9
2026-08-16T06:36:42Z,0,0,0,0.3,0,0,16.6,853.5,16.9,17.1,85.4,318,870,0,0,138,0,0,17.1,15.4,12.9
2026-08-16T06:51:51Z,0,0,0,0.3,0,0,17.1,853.5,17.2,17.5,83.9,322,924,0,0.7,138,1.3,1.3,17.5,15.6,13.2
2026-08-16T07:07:00Z,0,0,0,0.3,0,0,16.9,853.6,17.1,17.4,83.7,318,856,0,0.2,138,0.4,0.4,17.4,15.4,13.1
2026-08-16T07:22:21Z,0,0,0,0.2,0,0,17.2,853.6,17.3,17.6,84.4,301,679,0,0.3,138,1.3,1.3,17.7,15.8,13.4
2026-08-16T07:37:31Z,0,0,0,0.5,0,0,17.3,853.6,17.4,17.7,84.8,357,1287,0,0.3,73,0.9,0.9,17.7,15.9,13.5
2026-08-16T07:52:40Z,0,0,0,0.5,0,0,17.5,853.4,17.6,18,83.7,349,1229,0,0.9,73,1.3,1.3,18,16,13.7
2026-08-16T08:07:49Z,0,0,0,0.9,0,0,17.7,853.4,17.8,18.2,82.9,422,2027,0,0.4,77,1.1,1.1,18.2,16.1,13.9
2026-08-16T08:23:32Z,0,0,0,1.3,0,0,19,853.3,19.1,19.3,79.5,507,2935,0,0,108,0,0,19.4,16.8,15
2026-08-16T08:38:41Z,0,0,0,0.8,0,0,19.2,853.3,19.6,19.7,75.3,396,1706,0,0,109,0,0,19.7,16.7,15.3
2026-08-16T08:53:50Z,0,0,0,0.3,0,0,18.6,853.2,18.9,19.3,76.7,312,805,0,0,142,0,0,19.3,16.5,14.9
2026-08-16T09:09:18Z,0,0,0,0.4,0,0,18.5,853.1,18.6,18.9,78.1,340,1118,0,0.2,141,0.7,0.7,18.9,16.3,14.6
2026-08-16T09:24:27Z,0,0,0,0.5,0,0,19.1,852.8,19.1,19.4,76.5,358,1293,0,0,141,0.2,0.2,19.4,16.5,15
2026-08-16T09:39:37Z,0,0,0,0.4,0,0,19.2,852.7,19.1,19.5,74.9,337,1055,0,0.4,141,0.9,0.9,19.5,16.4,15.1
2026-08-16T09:54:45Z,0,0,0,0.3,0,0,19.1,852.5,19.1,19.5,75.6,310,776,0,0.2,141,0.7,0.7,19.4,16.5,15.1
2026-08-16T10:09:54Z,0,0,0,0.3,0,0,19.1,852.3,19.1,19.4,74.9,314,844,0,0.2,141,0.4,0.4,19.4,16.3,15
2026-08-16T10:25:21Z,0,0,0,0.3,0,0,19.1,852.2,19.2,19.5,74.3,320,903,0,0,141,0,0,19.5,16.4,15.1
2026-08-16T10:40:30Z,0,0,0,0.3,0,0,19.1,852,19.4,19.5,75,306,741,0,0,142,0,0,19.5,16.5,15.1
2026-08-16T10:55:39Z,0,0,0,0.3,0,0,18.9,851.8,19.2,19.4,74.6,316,840,0,0.1,142,0.7,0.7,19.4,16.3,15
2026-08-16T11:10:48Z,0,0,0,0.4,0,0,19,851.7,19.2,19.4,74.4,335,1049,0,0.3,172,1.1,1.1,19.4,16.3,15
2026-08-16T11:25:57Z,0,0,0,0.3,0,0,19.3,851.4,19.5,19.6,73.7,317,867,0,0.6,233,1.5,1.5,19.6,16.4,15.2
2026-08-16T11:41:24Z,0,0,0,0.4,0,0,19.2,851.2,19.4,19.5,74.9,329,986,0,0.3,258,0.9,0.9,19.5,16.4,15.1
2026-08-16T11:56:31Z,0,0,0,0.4,0,0,19.4,851.1,19.6,19.6,74.4,336,1080,0,0,260,0.2,0.2,19.6,16.5,15.2
2026-08-16T12:11:40Z,0,0,0,0.2,0,0,19.3,851,19.4,19.6,75.7,296,627,0,0.1,235,0.4,0.4,19.6,16.6,15.2
2026-08-16T12:27:33Z,0,0,0,0.2,0,0,19.3,850.9,19.5,19.6,75.7,295,605,0,0.1,235,0.4,0.4,19.6,16.7,15.2
2026-08-16T12:42:42Z,0,0,0,0.3,0,0,19.3,850.8,19.4,19.6,75.3,313,812,0,0,332,0.2,0.2,19.6,16.6,15.2
2026-08-16T12:57:50Z,0,0,0,0.3,0,0,19.5,850.8,19.6,19.8,74.1,311,808,0,0,331,0,0,19.8,16.6,15.3
2026-08-16T13:12:59Z,0,0,0,0.3,0,0,19.7,850.6,19.8,20,74.3,306,747,0,0,332,0.2,0.2,20.1,16.9,15.6
2026-08-16T13:28:34Z,0,0,0,0.2,0,0,19.6,850.6,19.6,20,74.6,302,721,0,0,333,0.2,0.2,20,16.8,15.5
2026-08-16T13:43:43Z,0,0,0,0.2,0,0,19.6,850.9,19.8,20,74.9,296,641,0,0,332,0,0,20,16.9,15.6
2026-08-16T13:58:52Z,0,0,0,0.2,0,0,19.5,851,19.6,19.9,75.6,284,511,0,0,333,0.2,0.2,19.9,16.8,15.4
2026-08-16T14:14:35Z,0,0,0,0.1,0,0,19.2,851,19.2,19.4,77.1,279,463,0,0.1,332,0.4,0.4,19.4,16.6,15.1
2026-08-16T14:29:44Z,0,0,0,0.1,0,0,19,851,19.1,19.3,77.5,271,363,0,0.1,332,0.4,0.4,19.3,16.6,14.9
2026-08-16T14:44:53Z,0,0,0,0.1,0,0,18.9,851,19,19.2,78,270,343,0,0,331,0,0,19.2,16.6,14.9
2026-08-16T15:00:02Z,0,0,0,0,0,0,18.8,851.1,18.9,19.1,78.7,265,320,0,0,332,0,0,19.1,16.5,14.7
2026-08-16T15:15:11Z,0,0,0,0,0,0,18.6,851.1,18.8,19,78.9,265,288,0,0,332,0,0,19,16.5,14.7
2026-08-16T15:30:34Z,0,0,0,0,0,0,18.3,851.4,18.5,18.8,79.3,261,267,0,0.3,67,0.9,0.9,18.8,16.3,14.4
2026-08-16T15:45:42Z,0,0,0,0,0,0,18.2,851.5,18.4,18.6,78.4,261,259,0,0,68,0.2,0.2,18.6,16,14.3
2026-08-16T16:00:50Z,0,0,0,0,0,0,18,851.6,18.2,18.4,78.7,260,254,0,0,68,0,0,18.3,15.8,14
2026-08-16T16:15:59Z,0,0,0,0,0,0,18,851.8,18.2,18.4,78.9,260,254,0,0.2,64,0.9,0.9,18.4,15.9,14.1
2026-08-16T16:31:07Z,0,0,0,0,0,0,17.9,851.9,18,18.3,79.4,260,253,0,0.6,59,0.9,0.9,18.3,15.8,14
2026-08-16T16:46:15Z,0,0,0,0,0,0,17.8,852.1,18,18.2,79.7,260,254,0,0.1,65,0.4,0.4,18.2,15.8,13.9
2026-08-16T17:01:36Z,0,0,0,0,0,0,17.9,852.3,18.1,18.3,79.5,259,255,0,0.1,66,0.4,0.4,18.2,15.8,13.9
2026-08-16T17:16:45Z,0,0,0,0,0,0,17.9,852.4,18.1,18.3,79.5,259,254,0,0,66,0,0,18.2,15.8,13.9
2026-08-16T17:31:54Z,0,0,0,0,0,0,17.8,852.6,18,18.2,79.4,260,253,0,0.1,66,0.4,0.4,18.2,15.7,13.9
2026-08-16T17:47:02Z,0,0,0,0,0,0,17.6,852.7,17.7,18,79.4,260,255,0,0.7,69,1.1,1.1,17.9,15.5,13.7
2026-08-16T18:02:11Z,0,0,0,0,0,0,17.2,852.9,17.3,17.6,81.3,258,253,0,0.4,76,0.7,0.7,17.6,15.4,13.3
2026-08-16T18:17:39Z,0,0,0,0,0,0,16.9,852.8,17.1,17.3,82.3,260,253,0,0.2,87,1.1,1.1,17.3,15.2,13
2026-08-16T18:32:47Z,0,0,0,0,0,0,16.9,853,17,17.3,82.5,260,253,0,0.5,79,0.9,0.9,17.2,15.2,13
2026-08-16T18:47:56Z,0,0,0,0,0,0,16.9,853,17,17.2,81.6,260,253,0,0.5,85,1.1,1.1,17.2,15.1,12.9
2026-08-16T19:03:04Z,0,0,0,0,0,0,16.9,853,17,17.2,80,261,253,0,0.2,82,1,1,17.1,14.8,12.9
2026-08-16T19:18:27Z,0,0,0,0,0,0,17,853.1,17.1,17.3,78.3,260,253,0,0.1,81,0.4,0.4,17.2,14.7,13
2026-08-16T19:33:51Z,0,0,0,0,0,0,17.1,853.1,17.2,17.4,77.4,260,252,0,0,81,0,0,17.3,14.7,13.1
2026-08-16T19:48:59Z,0,0,0,0,0,0,17.2,853.1,17.4,17.5,76.2,261,253,0,0,81,0,0,17.4,14.7,13.2
2026-08-16T20:04:00Z,0,0,0,0,0,0,17.3,853.1,17.5,17.6,75.1,260,254,0,0,80,0.2,0.2,17.5,14.6,13.2
2026-08-16T20:19:08Z,0,0,0,0,0,0,17.4,853.1,17.6,17.8,74.2,261,253,0,0.2,80,1.1,1.1,17.7,14.7,13.4
2026-08-16T20:34:16Z,0,0,0,0,0,0,17.5,853.2,17.7,17.9,73.7,261,253,0,0,81,0,0,17.7,14.7,13.5
2026-08-16T20:49:23Z,0,0,0,0,0,0,17.5,853.2,17.7,17.9,73,261,253,0,0,192,0,0,17.8,14.7,13.5
2026-08-16T21:04:31Z,0,0,0,0,0,0,17.4,853.1,17.6,17.8,73.3,260,253,0,0,192,0,0,17.7,14.6,13.4
2026-08-16T21:19:55Z,0,0,0,0,0,0,17.3,852.9,17.5,17.7,73.8,261,254,0,0,192,0,0,17.6,14.6,13.3
2026-08-16T21:35:03Z,0,0,0,0,0,0,17.3,852.6,17.4,17.6,74.3,261,253,0,0.1,193,0.9,0.9,17.5,14.6,13.2
2026-08-16T21:50:11Z,0,0,0,0,0,0,17,852.5,17.1,17.4,75.4,261,253,0,0,192,0,0,17.3,14.5,13
2026-08-16T22:05:18Z,0,0,0,0,0,0,16.8,852.4,16.9,17.2,76.3,260,253,0,0,193,0.4,0.4,17.1,14.4,12.9
2026-08-16T22:20:26Z,0,0,0,0,0,0,16.7,852.2,16.8,17.1,76.9,259,254,0,0,191,0,0,17,14.4,12.8
2026-08-16T22:35:34Z,0,0,0,0,0,0,16.6,852.1,16.8,17,77.4,260,252,0,0.3,192,0.7,0.7,16.9,14.4,12.7
2026-08-16T22:50:59Z,0,0,0,0,0,0,16.5,852,16.6,16.9,77.7,260,254,0,0.2,192,1.2,1.2,16.8,14.3,12.5
2026-08-16T23:06:07Z,0,0,0,0,0,0,16.4,851.8,16.6,16.8,78,260,253,0,0.5,192,1.1,1.1,16.7,14.2,12.5
2026-08-16T23:21:14Z,0,0,0,0,0,0,16.2,851.8,16.4,16.6,78.5,260,252,0,0.1,177,0.7,0.7,16.5,14.1,12.3
2026-08-16T23:36:22Z,0,0,0,0,0,0,16,851.6,16.2,16.5,79.6,259,252,0,0.2,128,0.9,0.9,16.3,14.1,12.1
2026-08-16T23:52:15Z,0,0,0,0,0,0,15.9,851.5,16.2,16.3,80.4,261,254,0,0.4,135,1.1,1.1,16.2,14,12
2026-08-17T00:00:19Z,0,0,0,0,0,0,15.8,851.6,16.2,16.2,80.8,260,254,0,0.6,135,1.3,1.3,16.1,14,11.9
2026-08-17T00:15:26Z,0,0,0,0,0,0,15.7,851.6,16.1,16.1,81.3,260,254,0,0.2,135,0.7,0.7,16,13.9,11.8
2026-08-17T00:30:34Z,0,0,0,0,0,0,15.5,851.6,15.9,15.9,81.6,259,252,0,0.3,135,0.9,0.9,15.8,13.8,11.6
2026-08-17T00:45:42Z,0,0,0,0,0,0,15.4,851.7,15.8,15.9,82,261,253,0,0.1,135,0.7,0.7,15.7,13.8,11.5
2026-08-17T01:01:08Z,0,0,0,0,0,0,15.3,851.8,15.7,15.7,82.6,260,253,0,0,135,0,0,15.6,13.7,11.4
2026-08-17T01:16:16Z,0,0,0,0,0,0,15.3,851.8,15.6,15.7,82,259,253,0,0.1,57,0.7,0.7,15.6,13.6,11.4
2026-08-17T01:31:24Z,0,0,0,0,0,0,15.3,851.9,15.6,15.7,81.8,260,254,0,0.4,57,0.9,0.9,15.6,13.6,11.4
2026-08-17T01:46:33Z,0,0,0,0,0,0,15.3,852,15.6,15.7,81.3,260,252,0,0.3,59,0.4,0.4,15.6,13.5,11.4
2026-08-17T02:01:41Z,0,0,0,0,0,0,15.2,852,15.6,15.7,81.2,261,253,0,0.3,59,0.9,0.9,15.5,13.5,11.3
2026-08-17T02:16:49Z,0,0,0,0,0,0,15.3,852.1,15.6,15.7,81.2,261,253,0,0.1,69,0.7,0.7,15.6,13.5,11.4
2026-08-17T02:32:10Z,0,0,0,0,0,0,15.3,852,15.6,15.7,81.5,260,254,0,0,69,0,0,15.6,13.6,11.4
2026-08-17T02:47:18Z,0,0,0,0,0,0,15.3,852.1,15.6,15.7,81.8,261,254,0,0,69,0.2,0.2,15.5,13.6,11.3
2026-08-17T03:02:26Z,0,0,0,0,0,0,15.2,852.2,15.6,15.6,81.8,260,254,0,0,69,0,0,15.5,13.5,11.3
2026-08-17T03:17:34Z,0,0,0,0,0,0,15.3,852.5,15.6,15.7,81.5,260,254,0,0.2,69,0.7,0.7,15.6,13.6,11.4
2026-08-17T03:32:42Z,0,0,0,0,0,0,15.3,852.5,15.6,15.7,81.8,261,261,0,0,69,0,0,15.6,13.6,11.4
2026-08-17T03:48:21Z,0,0,0,0,0,0,15.3,852.5,15.6,15.7,81.3,264,298,0,0,69,0,0,15.6,13.6,11.4
2026-08-17T04:03:29Z,0,0,0,0.1,0,0,15.3,852.6,15.7,15.8,81.4,271,372,0,0,69,0,0,15.6,13.6,11.4
2026-08-17T04:18:37Z,0,0,0,0.1,0,0,15.5,852.7,15.9,15.9,81.6,279,461,0,0,69,0,0,15.8,13.8,11.6
2026-08-17T04:33:45Z,0,0,0,0.2,0,0,15.6,852.7,16,16,80.9,288,540,0,0,69,0,0,15.9,13.8,11.7
2026-08-17T04:49:08Z,0,0,0,0.1,0,0,15.7,853,15.9,16,80.8,279,468,0,0,69,0.2,0.2,15.9,13.8,11.7
2026-08-17T05:04:16Z,0,0,0,0.2,0,0,15.6,853.2,15.9,15.9,81,286,529,0,0,69,0,0,15.8,13.7,11.6
2026-08-17T05:19:24Z,0,0,0,0.2,0,0,15.6,853.4,16,16,81.9,299,673,0,0,69,0,0,15.9,13.9,11.7
2026-08-17T05:34:32Z,0,0,0,0.2,0,0,15.8,853.6,16.1,16.1,82,298,646,0,0.2,21,1.3,1.3,16,14,11.8
2026-08-17T05:49:40Z,0,0,0,0.4,0,0,15.7,853.8,16.1,16,83.6,337,1107,0,0.2,341,0.4,0.4,15.9,14.1,11.7
2026-08-17T06:04:48Z,0,0,0,0.6,0,0,16.2,853.8,16.3,16.5,82.7,373,1504,0,0,340,0,0,16.5,14.5,12.2
2026-08-17T06:20:12Z,0,0,0,0.8,0,0,17.2,853.8,17.2,17.6,78.5,414,1970,0,0.1,341,0.4,0.4,17.5,15.1,13.3
2026-08-17T06:35:19Z,0,0,0,0.9,0,0,17.7,853.8,17.7,17.8,77.4,432,2158,0,0.2,341,0.9,0.9,17.7,15.1,13.4
2026-08-17T06:50:27Z,0,0,0,0.9,0,0,18.3,853.8,18.2,18.5,75.1,421,2023,0,0,57,0,0,18.5,15.5,14.2
2026-08-17T07:05:35Z,0,0,0,0.9,0,0,18.5,853.7,18.7,18.9,74.2,433,2166,0,0,263,0,0,18.8,15.7,14.5
2026-08-17T07:20:42Z,0,0,0,0.9,0,0,18.4,853.6,18.8,18.7,74.4,435,2181,0,0.1,204,0.7,0.7,18.7,15.6,14.3
2026-08-17T07:35:50Z,0,0,0,1.1,0,0,18.5,853.7,18.9,19.1,72.2,469,2560,0,0.4,204,0.9,0.9,19.1,15.8,14.7
2026-08-17T07:51:20Z,0,0,0,1.2,0,0,19.7,853.7,20.1,20.2,68.7,475,2628,0,0.3,204,0.9,0.9,20.2,16.3,15.7
2026-08-17T08:06:27Z,0,0,0,1.3,0,0,19.4,853.5,20,19.8,70,503,2905,0,0.6,204,1.3,1.3,19.7,16.1,15.3
2026-08-17T08:21:34Z,0,0,0,1.3,0,0,20,853.4,20.3,20.5,68.5,497,2836,0,0.4,113,1.1,1.1,20.4,16.5,15.9
2026-08-17T08:36:41Z,0,0,0,1,0,0,19.5,853.4,20.1,20.1,68.3,439,2206,0,0,186,0.2,0.2,20,16.2,15.6
2026-08-17T08:52:26Z,0,0,0,1.1,0,0,20.4,853.3,20.4,21,65.3,459,2407,0,0.2,117,1,1,20.9,16.6,16.3
2026-08-17T09:07:34Z,0,0,0,1.3,0,0,20.6,853.1,21,20.9,65.1,496,2817,0,0.7,123,1.1,1.1,20.8,16.5,16.3
2026-08-17T09:22:41Z,0,0,0,1.2,0,0,20.7,853,20.7,21.2,64.2,479,2649,0,0.3,65,0.9,0.9,21.1,16.6,16.5
2026-08-17T09:37:49Z,0,0,0,1.4,0,0,21.1,852.7,21.2,21.4,63.8,518,3114,0,1.2,64,1.5,1.5,21.3,16.8,16.7
2026-08-17T09:52:57Z,0,0,0,1.6,0,0,22.1,852.4,22.1,22.4,61,555,3494,0,0.7,67,1.1,1.1,22.3,17.3,17.6
2026-08-17T10:08:20Z,0,0,0,1.7,0,0,22.4,852.1,23,22.7,61.9,581,3695,0,0,65,0,0,22.7,17.7,17.9
2026-08-17T10:23:28Z,0,0,0,3.4,0,0,21.7,851.7,22.5,22.3,61.1,896,7268,0,0,188,0,0,22.3,17.2,17.5
2026-08-17T10:38:36Z,0,0,0,3.3,0,0,23.3,851.4,23.6,23.9,56.1,867,6948,0,0.7,69,1.6,1.6,23.9,18,18.9
2026-08-17T10:53:44Z,0,0,0,2,0,0,23.4,851.1,24.2,24.1,54,633,4087,0,1,192,1.7,1.7,24.1,17.9,19
2026-08-17T11:08:51Z,0,0,0,0.8,0,0,23.8,850.9,24.2,24.6,53.3,413,1832,0,0.7,107,1.7,1.7,24.6,18.2,19.4
2026-08-17T11:23:58Z,0,0,0,1.4,0,0,23.4,850.7,23.5,24.1,54.5,509,2750,0,0,80,0.4,0.4,24.1,17.9,19
2026-08-17T11:39:25Z,0,0,0,1,0,0,24.5,850.4,24.8,24.9,53.8,451,2310,0,0.1,70,0.4,0.4,24.8,18.4,19.6
2026-08-17T11:54:32Z,0,0,0,0.6,0,0,23.1,850.4,23.4,23.8,55.5,379,1562,0,0.8,82,2,2,23.8,17.8,18.8
2026-08-17T12:09:40Z,0,0,0,0.8,0,0,22.9,850.3,23.1,23.4,56.7,407,1869,0,0.2,113,0.7,0.7,23.3,17.6,18.4
2026-08-17T12:24:49Z,0,0,0,0.9,0,0,23.1,850,23.1,23.7,54.9,434,2133,0,0.6,90,0.9,0.9,23.6,17.6,18.6
2026-08-17T12:39:56Z,0,0,0,0.9,0,0,23.4,849.9,23.6,23.9,55.5,415,1952,0,0.3,73,1.1,1.1,23.9,17.9,18.9
2026-08-17T12:55:04Z,0,0,0,0.8,0,0,24,849.8,23.9,24.3,54,412,1907,0,0.3,24,0.9,0.9,24.2,18,19.2
2026-08-17T13:10:28Z,0,0,0,0.6,0,0,23.5,849.8,23.5,23.9,55.1,366,1420,0,0.8,94,2.2,2.2,23.9,17.8,18.9
2026-08-17T13:25:36Z,0,0,0,0.7,0,0,23.8,849.8,23.8,24.1,54.4,392,1718,0,0.8,57,1.3,1.3,24.1,17.9,19
2026-08-17T13:40:44Z,0,0,0,1.2,0,0,24,849.7,24.2,24.7,53.7,475,2858,0,0.3,80,1.1,1.1,24.7,18.3,19.5
2026-08-17T13:55:51Z,0,0,0,0.9,0,0,24.4,849.7,24.6,25.4,51.3,417,2266,0,0.9,85,2.1,2.1,25.4,18.6,20.1
2026-08-17T14:10:59Z,0,0,0,0.3,0,0,23.3,849.7,23.5,24,54.7,314,827,0,0.2,124,1.1,1.1,23.9,17.8,18.9
2026-08-17T14:26:07Z,0,0,0,0.2,0,0,22.9,850,23.1,23.4,56.3,294,611,0,0.1,66,0.4,0.4,23.3,17.5,18.4
2026-08-17T14:41:32Z,0,0,0,0.2,0,0,22.7,850,22.8,23,56.8,297,646,0,1.1,64,1.5,1.5,23,17.3,18.1
2026-08-17T14:56:40Z,0,0,0,0.1,0,0,22.5,850.1,22.7,22.9,57,279,453,0,0.4,67,0.9,0.9,22.8,17.2,18
2026-08-17T15:11:48Z,0,0,0,0.1,0,0,22.4,850.2,22.5,22.7,57.1,268,322,0,1,62,1.7,1.7,22.6,17.1,17.8
2026-08-17T15:26:55Z,0,0,0,0,0,0,22.1,850.5,22.2,22.4,58,263,291,0,1.3,80,2.8,2.8,22.3,16.9,17.6
2026-08-17T15:42:03Z,0,0,0,0,0,0,21.8,850.5,21.9,22.1,59.8,260,258,0,0.1,122,0.7,0.7,22.1,16.9,17.4
2026-08-17T15:57:10Z,0,0,0,0,0,0,21.3,850.6,21.5,21.7,61.4,261,254,0,0.3,119,1.3,1.3,21.6,16.7,17
2026-08-17T16:12:36Z,0,0,0,0,0,0,21.1,850.7,21.2,21.4,62.1,261,254,0,0.9,132,2.4,2.4,21.4,16.6,16.7
2026-08-17T16:27:43Z,0,0,0,0,0,0,20.3,851.1,20.5,20.8,65.9,262,254,0,1.3,148,2.8,2.8,20.7,16.4,16.2
2026-08-17T16:42:51Z,0,0,0,0,0,0,19.7,851.2,20,20.2,67.9,261,252,0,0.8,108,3.1,3.1,20.1,16.2,15.7
2026-08-17T16:57:59Z,0,0,0,0,0,0,19.5,851.5,19.7,19.9,68.8,260,254,0,0.9,193,2,2,19.8,16,15.4
2026-08-17T17:13:07Z,0,0,0,0,0,0,19.3,851.5,19.4,19.7,69.4,261,254,0,0.4,136,1.3,1.3,19.6,15.9,15.2
2026-08-17T17:28:15Z,0,0,0,0,0,0,19,851.7,19.2,19.5,69.9,261,254,0,0.1,127,0.7,0.7,19.4,15.8,15
2026-08-17T17:43:48Z,0,0,0,0,0,0,18.7,851.7,18.8,19.1,71.1,261,254,0,0,74,0,0,19,15.6,14.7
2026-08-17T17:58:55Z,0,0,0,0,0,0,18.4,851.9,18.6,18.8,71.8,260,254,0,0.1,74,0.7,0.7,18.7,15.4,14.4
2026-08-17T18:13:56Z,0,0,0,0,0,0,18.3,852.1,18.5,18.7,72.1,262,254,0,0.4,73,1.3,1.3,18.6,15.3,14.3
2026-08-17T18:29:21Z,0,0,0,0,0,0,18.3,852.2,18.5,18.7,72.1,261,254,0,0.6,118,1.3,1.3,18.6,15.3,14.3
2026-08-17T18:44:29Z,0,0,0,0,0,0,18.3,852.4,18.4,18.7,72.1,261,254,0,0.4,126,1.1,1.1,18.6,15.3,14.2
2026-08-17T18:59:38Z,0,0,0,0,0,0,18.1,852.6,18.4,18.6,72.4,260,253,0,0.2,135,0.7,0.7,18.5,15.2,14.2
2026-08-17T19:14:46Z,0,0,0,0,0,0,18.1,852.6,18.2,18.5,72.6,261,254,0,0.7,107,1.5,1.5,18.4,15.2,14.1
2026-08-17T19:29:55Z,0,0,0,0,0,0,18,852.8,18.1,18.4,73.5,261,254,0,0.3,106,1.3,1.3,18.3,15.2,14
2026-08-17T19:45:23Z,0,0,0,0,0,0,17.8,852.8,18,18.2,74.6,260,253,0,0.2,158,0.7,0.7,18.2,15.2,13.9
2026-08-17T20:00:32Z,0,0,0,0,0,0,17.7,852.8,17.9,18.1,75.7,259,253,0,0.2,168,0.9,0.9,18.1,15.2,13.8
2026-08-17T20:15:40Z,0,0,0,0,0,0,17.5,852.6,17.7,18,77,259,253,0,0,145,0.9,0.9,17.9,15.2,13.6
2026-08-17T20:30:48Z,0,0,0,0,0,0,17.5,852.8,17.6,17.9,77.9,261,255,0,0.1,186,0.7,0.7,17.8,15.2,13.5
2026-08-17T20:45:57Z,0,0,0,0,0,0,17.4,852.7,17.6,17.8,78.5,260,253,0,0.4,79,1.1,1.1,17.8,15.3,13.5
2026-08-17T21:01:25Z,0,0,0,0,0,0,17.4,852.7,17.5,17.8,79.1,259,254,0,0.4,79,0.7,0.7,17.7,15.3,13.4
2026-08-17T21:16:34Z,0,0,0,0,0,0,17.3,852.4,17.4,17.7,79.7,260,253,0,0,79,0,0,17.7,15.3,13.4
2026-08-17T21:31:42Z,0,0,0,0,0,0,17.2,852.3,17.4,17.6,80.2,261,254,0,0,79,0,0,17.6,15.3,13.4
2026-08-17T21:46:51Z,0,0,0,0,0,0,17.2,852.1,17.4,17.6,81.1,261,253,0,0.1,79,0.7,0.7,17.6,15.4,13.3
2026-08-17T22:01:59Z,0,0,0,0,0,0,17.2,852,17.4,17.6,81.4,259,253,0,0,80,0.2,0.2,17.6,15.4,13.3
2026-08-17T22:17:08Z,0,0,0,0,0,0,17.1,851.8,17.2,17.5,81.7,260,254,0,0,128,0.4,0.4,17.5,15.3,13.2
2026-08-17T22:32:30Z,0,0,0,0,0,0,17.1,851.8,17.2,17.5,81.9,260,253,0,0,128,0.2,0.2,17.5,15.4,13.3
2026-08-17T22:47:38Z,0,0,0,0,0,0,17,851.8,17.1,17.4,81.5,260,252,0,0.1,342,0.7,0.7,17.4,15.2,13.1
2026-08-17T23:02:46Z,0,0,0,0,0,0,17,851.7,17,17.3,81.7,260,253,0,0.1,342,0.4,0.4,17.3,15.2,13
2026-08-17T23:17:54Z,0,0,0,0,0,0,16.7,851.6,16.8,17.1,83.1,259,253,0,0.1,75,0.4,0.4,17.1,15.1,12.9
2026-08-17T23:33:03Z,0,0,0,0,0,0,16.5,851.6,16.6,16.9,85.2,259,253,0,0.2,78,0.7,0.7,16.9,15.2,12.7
2026-08-17T23:48:12Z,0,0,0,0,0,0,16.2,851.7,16.4,16.6,87.7,261,253,0,0,170,0,0,16.6,15.2,12.4
2026-08-18T00:00:32Z,0,0,0,0,0,0,16,851.6,16.2,16.4,88.1,260,253,0,0,170,0,0,16.4,15,12.1
2026-08-18T00:15:40Z,0,0,0,0,0,0,15.7,851.4,16,16.2,89.6,259,254,0,0,170,0,0,16.2,14.9,12
2026-08-18T00:30:47Z,0,0,0,0,0,0,15.5,851.5,15.8,16,91.1,261,252,0,0,61,0,0,16,15,11.8
2026-08-18T00:46:41Z,0,0,0,0,0,0,15.4,851.6,15.7,15.9,91.7,260,252,0,0.2,61,0.7,0.7,15.9,14.9,11.7
2026-08-18T01:01:49Z,0,0,0,0,0,0,15.4,851.5,15.7,15.9,91.8,260,254,0,0,61,0,0,15.9,14.9,11.7
2026-08-18T01:16:57Z,0,0,0,0,0,0,15.5,851.5,15.8,15.9,91.6,261,254,0,0,61,0,0,15.9,14.9,11.7
2026-08-18T01:32:05Z,0,0,0,0,0,0,15.6,851.6,15.9,16,90.6,260,255,0,0,61,0,0,16,14.9,11.8
2026-08-18T01:47:13Z,0,0,0,0,0,0,15.7,851.7,16.1,16.1,90.1,261,253,0,0,61,0.2,0.2,16.1,14.9,11.9
2026-08-18T02:02:36Z,0,0,0,0,0,0,15.8,851.7,16.1,16.1,89.6,259,254,0,0,61,0,0,16.2,14.9,12
2026-08-18T02:17:44Z,0,0,0,0,0,0,16,851.7,16.2,16.3,89.2,259,253,0,0,140,0.4,0.4,16.3,15.1,12.1
2026-08-18T02:32:52Z,0,0,0,0,0,0,16,851.9,16.2,16.4,88.4,260,254,0,0,140,0,0,16.4,15,12.2
2026-08-18T02:48:00Z,0,0,0,0,0,0,15.9,851.8,16.2,16.3,88.3,260,254,0,0.5,140,1.7,1.7,16.3,15,12.1
2026-08-18T03:03:09Z,0,0,0,0,0,0,15.9,852.1,16.2,16.3,88.4,260,253,0,0.1,184,0.4,0.4,16.3,14.9,12.1
2026-08-18T03:18:17Z,0,0,0,0,0,0,15.8,852.2,16.2,16.2,88.7,261,252,0,0.1,185,0.4,0.4,16.2,14.9,12
2026-08-18T03:33:39Z,0,0,0,0,0,0,15.8,852.2,16.2,16.2,88.9,260,260,0,0,184,0,0,16.3,14.9,12
2026-08-18T03:48:47Z,0,0,0,0,0,0,15.8,852.4,16.1,16.2,89,263,278,0,0,184,0,0,16.2,14.9,12
2026-08-18T04:03:56Z,0,0,0,0,0,0,15.8,852.7,16.1,16.2,89,264,302,0,0.2,185,1.1,1.1,16.2,14.9,12
2026-08-18T04:19:04Z,0,0,0,0.1,0,0,15.8,852.9,16.1,16.2,89.2,267,329,0,0.3,184,0.7,0.7,16.3,15,12
2026-08-18T04:34:12Z,0,0,0,0.1,0,0,15.9,853.1,16.2,16.2,89.2,269,347,0,0,183,0,0,16.3,15,12
2026-08-18T04:49:21Z,0,0,0,0.1,0,0,15.9,853.2,16.2,16.3,89.1,274,395,0,0,183,0,0,16.3,15,12.1
2026-08-18T05:04:43Z,0,0,0,0.2,0,0,16,853.4,16.3,16.4,89,286,529,0,0.2,184,1.1,1.1,16.4,15.1,12.2
2026-08-18T05:19:51Z,0,0,0,0.2,0,0,16.1,853.6,16.2,16.5,88.3,301,700,0,0.3,133,0.7,0.7,16.5,15.1,12.3
2026-08-18T05:34:59Z,0,0,0,0.2,0,0,16.3,853.8,16.4,16.7,88.6,285,518,0,0.4,133,0.7,0.7,16.8,15.4,12.5
2026-08-18T05:50:08Z,0,0,0,0.2,0,0,16.1,854.1,16.3,16.5,89.2,299,659,0,0.7,133,1.1,1.1,16.6,15.3,12.4
2026-08-18T06:05:16Z,0,0,0,0.2,0,0,16.4,854.2,16.4,16.8,88.6,291,567,0,0,134,0.2,0.2,16.8,15.4,12.6
2026-08-18T06:20:24Z,0,0,0,0.2,0,0,16.5,854.3,16.6,16.9,87.9,288,538,0,0,134,0,0,16.9,15.4,12.7
2026-08-18T06:35:45Z,0,0,0,0.2,0,0,16.7,854.3,16.8,17.1,87.1,302,690,0,0.3,133,0.7,0.7,17.1,15.5,12.9
2026-08-18T06:50:54Z,0,0,0,0.3,0,0,16.9,854,16.9,17.2,88.2,309,764,0,0,134,0.4,0.4,17.2,15.8,13
2026-08-18T07:05:54Z,0,0,0,0.3,0,0,17,854,17,17.3,87.2,309,784,0,0,134,0.2,0.2,17.4,15.8,13.1
2026-08-18T07:21:02Z,0,0,0,0.3,0,0,17.1,853.9,17,17.3,87.8,317,869,0,0,134,0,0,17.3,15.8,13.1
2026-08-18T07:36:11Z,0,0,0,0.7,0,0,17.4,853.8,17.4,17.7,86.7,385,1630,0,0,134,0.2,0.2,17.7,16.1,13.5
2026-08-18T07:51:19Z,0,0,0,1.3,0,0,18.1,853.7,18.1,18.3,84.9,493,2805,0,0.1,63,0.4,0.4,18.3,16.5,14
2026-08-18T08:06:28Z,0,0,0,0.8,0,0,18.6,853.7,18.7,18.7,82.7,397,1776,0,0,243,0,0,18.8,16.6,14.5
2026-08-18T08:21:51Z,0,0,0,0.4,0,0,18.6,853.5,18.8,18.8,82.2,333,1091,0,0.5,335,1.1,1.1,18.8,16.6,14.5
2026-08-18T08:37:00Z,0,0,0,0.5,0,0,18.4,853.4,18.6,18.6,82.9,349,1256,0,0,203,0,0,18.7,16.6,14.3
2026-08-18T08:52:09Z,0,0,0,1.1,0,0,18.8,853.1,18.9,19,80.6,461,2445,0,0.1,260,0.4,0.4,19.1,16.7,14.7
2026-08-18T09:07:17Z,0,0,0,1.1,0,0,19.9,853,19.7,19.9,77.6,469,2536,0,0.1,255,0.7,0.7,19.9,17.1,15.5
2026-08-18T09:22:26Z,0,0,0,1.3,0,0,19.7,852.7,19.7,20.1,76.1,492,2790,0,0.2,202,0.7,0.7,20.2,17.2,15.7
2026-08-18T09:37:53Z,0,0,0,1.1,0,0,20.3,852.6,20.4,21,70.7,468,2498,0,1,67,1.7,1.7,21,17.3,16.4
2026-08-18T09:52:59Z,0,0,0,0.9,0,0,20.4,852.5,20.6,21,72.9,419,1969,0,0,67,0,0,21,17.6,16.4
2026-08-18T10:08:07Z,0,0,0,0.7,0,0,20.3,852.2,20.2,20.8,72.3,387,1650,0,0,67,0,0,20.8,17.3,16.3
2026-08-18T10:23:15Z,0,0,0,0.6,0,0,20.1,851.9,20.3,20.6,72.2,365,1420,0,0,68,0,0,20.6,17.1,16.1
2026-08-18T10:38:23Z,0,0,0,0.9,0,0,20.2,851.7,20.4,20.5,69.9,426,2061,0,0.7,103,1.5,1.5,20.5,16.8,16
2026-08-18T10:53:31Z,0,0,0,1,0,0,21.1,851.5,21.2,21.5,67.1,445,2278,0,0.9,74,1.7,1.7,21.4,17.3,16.8
2026-08-18T11:08:57Z,0,0,0,0.9,0,0,21.5,851.4,21.6,21.9,65.6,424,2058,0,0.9,75,2,2,21.9,17.5,17.2
2026-08-18T11:24:05Z,0,0,0,0.9,0,0,21.1,851.3,21.2,21.7,66.7,426,2085,0,0,113,0,0,21.7,17.5,17.1
2026-08-18T11:39:13Z,0,0,0,1.4,0,0,21.3,851,21.8,21.8,65.3,515,3050,0,0.6,133,1.3,1.3,21.8,17.4,17.1
2026-08-18T11:54:21Z,0,0,0,1.7,0,0,22.7,850.7,22.9,23.2,62.3,573,3634,0,0,123,0,0,23.2,18.2,18.3
2026-08-18T12:09:29Z,0,0,0,1.1,0,0,22.7,850.5,22.9,23.3,60.8,460,2424,0,0.6,101,1.5,1.5,23.3,18.1,18.4
2026-08-18T12:24:37Z,0,0,0,0.3,0,0,21.9,850.3,22.2,22.5,63.1,313,851,0,0.1,197,0.4,0.4,22.4,17.6,17.7
2026-08-18T12:39:59Z,0,0,0,0.2,0,0,21,850.4,21.4,21.3,66.6,299,684,0,0.7,170,1.5,1.5,21.2,17,16.7
2026-08-18T12:55:07Z,0,0,0,0.4,0,0,20.9,850.2,21.1,21.3,67.1,341,1134,0,0.3,226,0.9,0.9,21.2,17.1,16.6
2026-08-18T13:10:15Z,0,0,0,0.6,0,0,21.4,850.2,21.5,21.8,65.2,363,1397,0,0.1,195,1.1,1.1,21.7,17.3,17.1
2026-08-18T13:25:23Z,0,0,0,0.3,0,0,21.3,850.2,21.5,21.7,65.2,320,916,0,0.2,144,0.9,0.9,21.7,17.3,17.1
2026-08-18T13:40:30Z,0,0,0,0.2,0,0,21.1,850.1,21.3,21.5,65.7,301,690,0,0,179,0.2,0.2,21.4,17.1,16.8
2026-08-18T13:55:55Z,0,0,0,0.2,0,0,21,850.4,21.2,21.5,65.4,284,502,0,0.4,153,1.1,1.1,21.4,17,16.8
2026-08-18T14:11:03Z,0,0,0,0.1,0,0,21,850.5,21.2,21.4,66.2,274,407,0,0,135,0.2,0.2,21.3,17.1,16.7
2026-08-18T14:26:10Z,0,0,0,0,0,0,20.5,850.5,20.7,20.9,67.3,263,298,0,0.5,125,1.3,1.3,20.9,16.8,16.3
2026-08-18T14:41:18Z,0,0,0,0.1,0,0,20.3,850.5,20.5,20.7,68.2,268,351,0,0.1,151,0.7,0.7,20.7,16.7,16.1
2026-08-18T14:56:26Z,0,0,0,0.1,0,0,20.3,850.3,20.4,20.7,68.2,283,495,0,0.3,135,1.1,1.1,20.6,16.7,16.1
2026-08-18T15:11:35Z,0,0,0,0.1,0,0,20.2,850.2,20.4,20.6,68.2,278,456,0,0.7,130,1.7,1.7,20.5,16.6,16
2026-08-18T15:26:58Z,0,0,0,0.1,0,0,20.1,850.4,20.2,20.5,69,266,324,0,0.3,130,1.3,1.3,20.4,16.6,15.9
2026-08-18T15:42:06Z,0,0,0,0,0,0,19.8,850.4,19.9,20.1,70,262,263,0,0,150,0.2,0.2,20.1,16.4,15.6
2026-08-18T15:57:15Z,0,0,0,0,0,0,19.7,850.6,19.8,20,70.6,259,253,0,0,133,0,0,20,16.4,15.5
2026-08-18T16:12:23Z,0,0,0,0,0,0,19.6,850.7,19.8,20,70.3,261,254,0,0.1,71,0.4,0.4,19.9,16.3,15.5
2026-08-18T16:27:31Z,0,0,0,0,0,0,19.6,850.8,19.8,20,70.1,262,253,0,0.8,102,2,2,19.9,16.2,15.5
2026-08-18T16:42:39Z,0,0,0,0,0,0,19.5,850.9,19.6,19.8,70.5,261,254,0,0.3,149,1.1,1.1,19.8,16.2,15.3
2026-08-18T16:58:54Z,0,0,0,0,0,0,19.3,851.4,19.4,19.6,71.2,259,252,0,0,119,0,0,19.6,16.1,15.2
2026-08-18T17:14:19Z,0,0,0,0,0,0,19.2,851.4,19.3,19.5,71.5,261,253,0,0.4,175,1.5,1.5,19.5,16,15.1
2026-08-18T17:30:22Z,0,0,0,0,0,0,19,851.6,19.1,19.4,72.1,259,252,0,0.7,125,2.2,2.2,19.3,16,15
2026-08-18T17:45:30Z,0,0,0,0,0,0,18.8,851.9,19,19.2,72.9,261,254,0,0.1,125,0.7,0.7,19.2,15.9,14.8
2026-08-18T18:00:39Z,0,0,0,0,0,0,18.7,852,18.9,19.1,74.2,261,254,0,0,188,0,0,19.1,16,14.7
2026-08-18T18:15:47Z,0,0,0,0,0,0,18.3,852.1,18.5,18.7,75.4,259,253,0,1,128,4.2,4.2,18.7,15.8,14.4
2026-08-18T18:30:55Z,0,0,0,0,0,0,18.4,852.2,18.6,18.8,75.7,260,254,0,1.8,182,2.4,2.4,18.7,15.8,14.4
2026-08-18T18:46:23Z,0,0,0,0,0,0,18.3,852.3,18.4,18.7,76.8,259,253,0,0.5,170,1.3,1.3,18.6,15.9,14.3
2026-08-18T19:01:32Z,0,0,0,0,0,0,18.2,852.5,18.4,18.6,77.6,259,253,0,1.5,186,3.1,3.1,18.5,15.9,14.2
2026-08-18T19:16:40Z,0,0,0,0,0,0,18,852.5,18.2,18.5,78.9,259,253,0,0.6,166,1.7,1.7,18.4,15.9,14.1
2026-08-18T19:31:49Z,0,0,0,0,0,0,17.8,852.6,17.9,18.2,80.3,260,254,0,0.7,130,1.1,1.1,18.2,15.9,13.9
2026-08-18T19:46:57Z,0,0,0,0,0,0,17.7,852.5,17.9,18,81.2,261,253,0,0.3,155,0.9,0.9,18,15.8,13.8
2026-08-18T20:02:24Z,0,0,0,0,0,0,17.6,852.8,17.8,18,81.6,259,253,0,0.2,141,0.9,0.9,18,15.8,13.7
2026-08-18T20:17:33Z,0,0,0,0,0,0,17.4,852.8,17.6,17.8,82.4,261,253,0,0.8,143,1.5,1.5,17.8,15.7,13.5
2026-08-18T20:32:41Z,0,0,0,0,0,0,17.3,852.7,17.4,17.6,82.1,260,254,0,1.4,183,3.1,3.1,17.6,15.5,13.4
2026-08-18T20:47:49Z,0,0,0,0,0,0,17,852.7,17.2,17.4,82.5,261,253,0,0.3,184,0.9,0.9,17.4,15.4,13.2
2026-08-18T21:02:58Z,0,0,0,0,0,0,17,852.7,17.2,17.4,82.4,260,253,0,1.6,185,2.4,2.4,17.4,15.3,13.1
2026-08-18T21:18:07Z,0,0,0,0,0,0,16.7,852.7,16.8,17.2,84.7,260,254,0,0.3,134,1.3,1.3,17.2,15.4,12.9
2026-08-18T21:33:28Z,0,0,0,0,0,0,16.2,852.6,16.4,16.7,87.6,259,253,0,0.6,158,2.6,2.6,16.7,15.2,12.5
2026-08-18T21:48:36Z,0,0,0,0,0,0,16.2,852.4,16.3,16.6,87.2,259,254,0,1.7,166,3.3,3.3,16.6,15.1,12.4
2026-08-18T22:03:45Z,0,0,0,0,0,0,16.3,852.3,16.4,16.7,86.9,259,253,0,0,201,0.2,0.2,16.7,15.2,12.5
2026-08-18T22:18:53Z,0,0,0,0,0,0,16.4,852.3,16.6,16.8,86.5,260,252,0,0.2,126,0.7,0.7,16.8,15.2,12.5
2026-08-18T22:34:01Z,0,0,0,0,0,0,16.5,852.3,16.6,16.8,86.3,261,252,0,0.9,185,2.4,2.4,16.8,15.2,12.6
2026-08-18T22:49:09Z,0,0,0,0,0,0,16.5,852.1,16.6,16.9,86.5,260,253,0,0.4,192,1.3,1.3,16.9,15.3,12.7
2026-08-18T23:04:31Z,0,0,0,0,0,0,16.3,852.2,16.6,16.7,87.2,261,253,0,0.5,182,1.3,1.3,16.7,15.2,12.5
2026-08-18T23:19:40Z,0,0,0,0,0,0,16.2,852.2,16.3,16.6,88.8,260,254,0,0.2,136,0.9,0.9,16.6,15.3,12.4
2026-08-18T23:34:48Z,0,0,0,0,0,0,16,852.2,16.3,16.4,90.1,261,253,0,0,181,0,0,16.4,15.2,12.2
2026-08-18T23:49:56Z,0,0,0,0,0,0,15.9,852,16.1,16.3,90.6,259,254,0,0.3,182,0.9,0.9,16.3,15.2,12.1
2026-08-19T00:00:02Z,0,0,0,0,0,0,15.8,851.9,16.1,16.2,90.3,260,254,0,0.7,126,1.3,1.3,16.2,15.1,12
2026-08-19T00:15:57Z,0,0,0,0,0,0,15.8,852,16.1,16.2,90.1,261,254,0,1.3,182,2.4,2.4,16.2,15.1,12
2026-08-19T00:31:06Z,0,0,0,0,0,0,15.8,852,16.1,16.2,90.2,261,253,0,0.4,129,1.3,1.3,16.2,15.1,12
2026-08-19T00:46:31Z,0,0,0,0,0,0,15.7,852.1,16.1,16.1,90.2,260,253,0,0.2,121,0.7,0.7,16.1,14.9,11.9
2026-08-19T01:01:51Z,0,0,0,0,0,0,15.6,852.2,15.9,16,90.4,260,253,0,0,170,0.2,0.2,16.1,14.9,11.9
2026-08-19T01:16:59Z,0,0,0,0,0,0,15.6,852.3,15.9,16,90.6,260,252,0,0.1,170,0.4,0.4,16,14.9,11.8
2026-08-19T01:32:08Z,0,0,0,0,0,0,15.5,852.5,15.8,15.9,90.8,260,254,0,0.7,158,1.5,1.5,15.9,14.8,11.7
2026-08-19T01:47:35Z,0,0,0,0,0,0,15.5,852.6,15.8,15.9,90.8,260,253,0,0,128,0,0,15.9,14.9,11.8
2026-08-19T02:02:43Z,0,0,0,0,0,0,15.5,852.6,15.8,15.9,90.9,261,252,0,0.1,128,0.7,0.7,15.9,14.8,11.7
2026-08-19T02:17:52Z,0,0,0,0,0,0,15.5,852.6,15.8,15.9,91.1,261,253,0,0.1,89,0.4,0.4,15.9,14.8,11.7
2026-08-19T02:33:01Z,0,0,0,0,0,0,15.4,852.6,15.8,15.9,91.1,260,253,0,0.5,105,0.9,0.9,15.9,14.8,11.7
2026-08-19T02:48:09Z,0,0,0,0,0,0,15.4,852.7,15.8,15.8,91.2,260,254,0,0.6,98,1.3,1.3,15.8,14.8,11.6
2026-08-19T03:03:37Z,0,0,0,0,0,0,15.4,852.7,15.8,15.8,91.4,260,254,0,0,60,0,0,15.8,14.8,11.6
2026-08-19T03:18:45Z,0,0,0,0,0,0,15.4,852.7,15.8,15.8,91.5,259,254,0,0.5,86,0.9,0.9,15.9,14.8,11.7
2026-08-19T03:33:54Z,0,0,0,0,0,0,15.3,852.8,15.6,15.8,91.9,260,260,0,0.6,78,1.3,1.3,15.8,14.8,11.6
2026-08-19T03:49:02Z,0,0,0,0,0,0,15.2,852.9,15.5,15.6,92,268,335,0,1.1,85,2.2,2.2,15.7,14.7,11.5
2026-08-19T04:04:10Z,0,0,0,0.2,0,0,15.2,853.3,15.5,15.6,92.4,286,603,0,0.3,77,0.7,0.7,15.6,14.7,11.4
2026-08-19T04:19:18Z,0,0,0,0.3,0,0,15.3,853.4,15.6,15.8,91.6,314,913,0,0.2,61,0.7,0.7,15.8,14.8,11.6
2026-08-19T04:34:40Z,0,0,0,0.4,0,0,15.6,853.5,15.9,16,90.8,339,1238,0,0.6,35,0.9,0.9,16,14.9,11.8
2026-08-19T04:49:49Z,0,0,0,0.4,0,0,16.2,853.6,16.3,16.6,88.4,341,1194,0,0.2,75,0.4,0.4,16.6,15.3,12.4
2026-08-19T05:04:57Z,0,0,0,0.6,0,0,16.4,853.8,16.5,16.9,86.9,364,1459,0,0,74,0,0,16.9,15.3,12.6
2026-08-19T05:20:05Z,0,0,0,0.5,0,0,16.6,853.8,16.9,17.1,85.4,342,1186,0,0.2,120,0.7,0.7,17.1,15.3,12.8
2026-08-19T05:35:49Z,0,0,0,0.7,0,0,16.9,853.9,17,17.3,84,386,1632,0,0.4,132,1.3,1.3,17.3,15.4,13.1
2026-08-19T05:50:57Z,0,0,0,1,0,0,17.3,854,17.6,17.7,82.7,440,2230,0,0.5,171,1.5,1.5,17.7,15.6,13.4
2026-08-19T06:06:04Z,0,0,0,1.8,0,0,18,854,18.4,18.4,80.3,596,4157,0,0.5,190,1.3,1.3,18.4,16,14.1
2026-08-19T06:21:12Z,0,0,0,1,0,0,17.9,854.3,18.3,18.5,78.5,445,2322,0,0.8,142,1.5,1.5,18.5,16,14.2
2026-08-19T06:36:19Z,0,0,0,1.2,0,0,18.4,854.4,18.8,18.8,76.9,484,2711,0,1.3,84,1.7,1.7,18.8,16,14.5
2026-08-19T06:51:46Z,0,0,0,0.9,0,0,19.2,854.3,19.3,19.8,73.5,424,2052,0,0.7,34,1.1,1.1,19.8,16.5,15.3
2026-08-19T07:06:55Z,0,0,0,0.9,0,0,18.9,854.3,18.9,19.5,75,430,2136,0,0.9,39,1.7,1.7,19.5,16.4,15.1
2026-08-19T07:22:04Z,0,0,0,1,0,0,18.5,854.4,18.7,19.1,75.6,442,2266,0,0.8,87,1.3,1.3,19.1,16.1,14.7
2026-08-19T07:37:12Z,0,0,0,0.6,0,0,19,854.3,19.1,19.5,75.9,375,1543,0,0.2,39,0.7,0.7,19.5,16.6,15.1
2026-08-19T07:52:20Z,0,0,0,0.7,0,0,19.3,854.2,19.4,19.8,73.3,388,1661,0,0.3,79,1.1,1.1,19.7,16.5,15.3
2026-08-19T08:07:27Z,0,0,0,0.9,0,0,19.4,854,19.5,19.8,72.2,415,1987,0,0.5,12,2,2,19.8,16.4,15.4
2026-08-19T08:22:49Z,0,0,0,0.7,0,0,20,854,20.1,20.4,70.3,386,1653,0,0,36,0.2,0.2,20.3,16.7,15.8
2026-08-19T08:37:58Z,0,0,0,0.6,0,0,19.9,853.9,19.9,20.3,69.5,374,1520,0,0.4,35,1,1,20.3,16.5,15.8
2026-08-19T08:53:06Z,0,0,0,0.9,0,0,20.1,853.9,20.2,20.7,67.9,426,2085,0,0.9,35,1.5,1.5,20.6,16.7,16.1
2026-08-19T09:08:14Z,0,0,0,1,0,0,20.1,853.8,20.2,20.7,67.3,436,2179,0,0.2,70,0.7,0.7,20.6,16.6,16.1
2026-08-19T09:23:22Z,0,0,0,0.9,0,0,20.7,853.7,20.8,21.3,65.5,430,2134,0,0.1,108,0.7,0.7,21.2,16.9,16.6
2026-08-19T09:38:30Z,0,0,0,1.3,0,0,21.1,853.3,21.4,21.7,63.7,505,2983,0,0.2,72,0.7,0.7,21.7,17.1,17
2026-08-19T09:53:53Z,0,0,0,1.7,0,0,21.9,853.1,21.8,22.1,62.6,582,3766,0,0.5,68,1.3,1.3,22.1,17.3,17.4
2026-08-19T10:09:00Z,0,0,0,4,0,0,22.5,852.7,22.5,23.2,57.4,996,8559,0,0.8,37,1.3,1.3,23.2,17.5,18.3
2026-08-19T10:24:08Z,0,0,0,3.7,0,0,24.9,852.5,25,25.5,54.1,941,7804,0,0,156,0.4,0.4,25.5,19.1,20.2
2026-08-19T10:39:16Z,0,0,0,3.5,0,0,24.7,852.2,25.1,25.5,50.5,910,7435,0,0.7,163,2,2,25.5,18.5,20.1
2026-08-19T10:54:24Z,0,0,0,1.8,0,0,25.2,851.9,25.2,26.1,50,586,3612,0,0.2,142,1.1,1.1,26.1,18.9,20.6
2026-08-19T11:09:31Z,0,0,0,1.4,0,0,24.5,851.9,24.3,25.5,50,519,2992,0,0.6,87,1.7,1.7,25.4,18.4,20.1
2026-08-19T11:24:57Z,0,0,0,0.9,0,0,23,851.7,23.6,23.7,55.2,429,2119,0,1.1,170,2,2,23.7,17.7,18.7
2026-08-19T11:40:06Z,0,0,0,2.9,0,0,23.2,851.5,23.6,23.7,55.8,805,6659,0,0.3,159,0.7,0.7,23.7,17.8,18.7
2026-08-19T11:55:14Z,0,0,0,1.2,0,0,23.6,851.4,24.2,24.4,52.3,476,2552,0,1.1,161,2,2,24.4,17.8,19.2
2026-08-19T12:10:22Z,0,0,0,1.1,0,0,23.2,851.3,23.6,23.8,55.3,464,2489,0,1.1,148,2.2,2.2,23.8,17.8,18.8
2026-08-19T12:25:30Z,0,0,0,2.1,0,0,23.4,850.9,23.9,24.1,55.2,647,4603,0,0.9,176,2.3,2.3,24,18,19
2026-08-19T12:40:38Z,0,0,0,0.6,0,0,24.5,850.8,24.8,25.3,50.4,363,1383,0,0.6,36,1.5,1.5,25.3,18.3,20
2026-08-19T12:56:02Z,0,0,0,0.7,0,0,24.3,850.6,24.3,24.8,51.5,390,1681,0,0.9,49,1.3,1.3,24.7,18,19.5
2026-08-19T13:11:10Z,0,0,0,0.5,0,0,23.6,850.5,23.8,24.1,53.1,352,1276,0,0.8,81,1.5,1.5,24.1,17.7,19
2026-08-19T13:26:18Z,0,0,0,0.4,0,0,23.1,850.5,23.4,23.6,54.2,325,974,0,0.5,139,1.3,1.3,23.6,17.4,18.6
2026-08-19T13:41:27Z,0,0,0,0.4,0,0,23.1,850.4,23.2,23.5,54.9,333,1058,0,0.9,88,2,2,23.4,17.4,18.5
2026-08-19T13:56:35Z,0,0,0,0.6,0,0,22.8,850.5,23,23.3,55.3,365,1456,0,0.3,144,1.1,1.1,23.2,17.3,18.3
2026-08-19T14:11:43Z,0,0,0,0.2,0,0,23,850.5,23.1,23.6,54.2,292,583,0,0.9,89,3.1,3.1,23.5,17.4,18.6
2026-08-19T14:27:06Z,0,0,0,0.2,0,0,22.3,850.8,22.4,22.7,56.9,296,650,0,0.2,133,0.7,0.7,22.6,17,17.8
2026-08-19T14:42:14Z,0,0,0,0.1,0,0,22,850.9,22.1,22.3,58,273,407,0,0.8,71,2.4,2.4,22.2,16.8,17.5
2026-08-19T14:57:23Z,0,0,0,0.1,0,0,21.8,851.1,21.9,22.1,58.7,268,319,0,0.1,129,0.7,0.7,22,16.8,17.3
2026-08-19T15:12:32Z,0,0,0,0.1,0,0,21.5,851.2,21.7,21.9,60.5,267,309,0,0.7,177,2,2,21.8,16.8,17.1
2026-08-19T15:27:40Z,0,0,0,0,0,0,21.2,851.3,21.4,21.6,61.4,263,280,0,0.2,134,0.9,0.9,21.5,16.6,16.9
2026-08-19T15:42:47Z,0,0,0,0,0,0,21,851.2,21.2,21.4,61.8,260,258,0,0.3,132,1.5,1.5,21.3,16.5,16.7
2026-08-19T15:58:38Z,0,0,0,0,0,0,20.8,851.3,20.9,21.1,63.1,260,252,0,1.1,170,2.4,2.4,21,16.4,16.5
2026-08-19T16:14:03Z,0,0,0,0,0,0,20.6,851.5,20.8,21,63.7,260,253,0,1.2,119,2.4,2.4,20.9,16.4,16.3
2026-08-19T16:29:11Z,0,0,0,0,0,0,20.4,851.5,20.6,20.8,64.4,260,252,0,1,143,3.5,3.5,20.7,16.3,16.2
2026-08-19T16:44:20Z,0,0,0,0,0,0,20.3,851.5,20.4,20.6,64.6,260,252,0,0.2,165,1.1,1.1,20.6,16.2,16.1
2026-08-19T16:59:29Z,0,0,0,0,0,0,19.9,851.7,20.1,20.3,64.3,260,253,0,0.5,166,1.3,1.3,20.2,15.9,15.7
2026-08-19T17:14:38Z,0,0,0,0,0,0,19.6,851.9,19.7,19.9,64.9,259,254,0,0.9,157,2.2,2.2,19.8,15.6,15.4
2026-08-19T17:30:05Z,0,0,0,0,0,0,19.4,852.1,19.6,19.8,65.4,260,254,0,0.3,105,0.9,0.9,19.7,15.5,15.3
2026-08-19T17:45:14Z,0,0,0,0,0,0,19.3,852.3,19.4,19.6,65,259,252,0,0.6,142,1.5,1.5,19.5,15.3,15.1
2026-08-19T18:00:23Z,0,0,0,0,0,0,19.1,852.5,19.2,19.5,65.6,260,253,0,0.8,201,1.5,1.5,19.3,15.3,15
2026-08-19T18:15:31Z,0,0,0,0,0,0,18.9,852.8,19.2,19.3,65.2,260,253,0,1.7,194,2.6,2.6,19.2,15,14.8
2026-08-19T18:30:40Z,0,0,0,0,0,0,18.8,853,18.9,19.1,65.9,260,253,0,0.1,99,0.7,0.7,19,15,14.6
2026-08-19T18:46:09Z,0,0,0,0,0,0,18.4,853.2,18.6,18.8,66.4,260,254,0,1.3,162,2.2,2.2,18.7,14.8,14.4
2026-08-19T19:01:19Z,0,0,0,0,0,0,18.2,853.2,18.3,18.6,67.2,262,255,0,0.3,100,0.7,0.7,18.4,14.6,14.1
2026-08-19T19:17:15Z,0,0,0,0,0,0,18,853.4,18.2,18.5,66.8,259,253,0,0.6,100,1.3,1.3,18.3,14.5,14
2026-08-19T19:32:23Z,0,0,0,0,0,0,17.8,853.5,18,18.2,67.7,261,253,0,1.2,191,3.3,3.3,18,14.3,13.8
2026-08-19T19:47:31Z,0,0,0,0,0,0,17.6,853.6,17.8,18,68.7,260,254,0,0.3,177,0.9,0.9,17.8,14.2,13.5
2026-08-19T20:02:40Z,0,0,0,0,0,0,17.3,853.5,17.4,17.7,69.5,260,253,0,0.3,130,1.1,1.1,17.5,14.1,13.3
2026-08-19T20:17:50Z,0,0,0,0,0,0,17.1,853.6,17.2,17.5,70.1,261,254,0,0.1,111,0.4,0.4,17.3,13.9,13
2026-08-19T20:33:15Z,0,0,0,0,0,0,16.9,853.5,17.1,17.3,70.6,260,254,0,0.2,122,0.7,0.7,17.1,13.8,12.9
2026-08-19T20:48:24Z,0,0,0,0,0,0,16.6,853.5,16.8,17,71.3,261,253,0,0.3,164,0.7,0.7,16.8,13.7,12.6
2026-08-19T21:03:33Z,0,0,0,0,0,0,16.4,853.3,16.6,16.9,72.2,260,254,0,0.2,165,1.1,1.1,16.7,13.6,12.5
2026-08-19T21:18:42Z,0,0,0,0,0,0,16.2,853.3,16.4,16.7,72.4,261,253,0,0,136,0.2,0.2,16.5,13.4,12.3
2026-08-19T21:33:52Z,0,0,0,0,0,0,16.1,853.4,16.3,16.5,73.2,259,253,0,0.1,136,0.4,0.4,16.3,13.4,12.1
2026-08-19T21:49:19Z,0,0,0,0,0,0,16.1,853.2,16.2,16.5,73.3,259,253,0,0,158,0.2,0.2,16.3,13.4,12.1
2026-08-19T22:04:28Z,0,0,0,0,0,0,16,853.1,16.3,16.5,73.2,261,253,0,0.1,175,0.5,0.5,16.3,13.3,12.1
2026-08-19T22:19:38Z,0,0,0,0,0,0,16,852.9,16.3,16.4,72.9,260,253,0,0.3,175,1.1,1.1,16.2,13.3,12
2026-08-19T22:34:47Z,0,0,0,0,0,0,15.9,852.8,16.2,16.3,72.9,260,254,0,0.1,175,0.2,0.2,16.1,13.2,11.9
2026-08-19T22:50:14Z,0,0,0,0,0,0,15.8,852.6,16.1,16.2,73.2,260,254,0,0,175,0.4,0.4,16,13.1,11.8
2026-08-19T23:05:24Z,0,0,0,0,0,0,15.8,852.5,16.1,16.2,73.6,261,253,0,0.1,175,0.3,0.3,16,13.1,11.8
2026-08-19T23:20:33Z,0,0,0,0,0,0,15.7,852.5,16,16.1,73.7,260,253,0,0,175,0,0,15.9,13.1,11.7
2026-08-19T23:35:43Z,0,0,0,0,0,0,15.6,852.4,15.9,16,74.1,261,253,0,0,175,0,0,15.8,13,11.6
2026-08-19T23:50:52Z,0,0,0,0,0,0,15.5,852.4,15.9,15.9,74.3,260,254,0,0.3,175,0.7,0.7,15.7,13,11.5
2026-08-20T00:00:58Z,0,0,0,0,0,0,15.5,852.2,15.8,15.9,74.6,260,253,0,0,175,0,0,15.7,13,11.5
2026-08-20T00:16:34Z,0,0,0,0,0,0,15.4,852.2,15.8,15.8,75.7,261,254,0,0,175,0,0,15.6,13,11.4
2026-08-20T00:31:43Z,0,0,0,0,0,0,15.3,852.3,15.7,15.7,76,260,254,0,0,175,0,0,15.5,13,11.3
2026-08-20T00:46:53Z,0,0,0,0,0,0,15.3,852.3,15.7,15.7,76.1,260,254,0,0,175,0,0,15.5,13,11.3
2026-08-20T01:02:02Z,0,0,0,0,0,0,15.3,852.3,15.6,15.7,76.4,261,253,0,0,175,0,0,15.5,13,11.3
2026-08-20T01:17:25Z,0,0,0,0,0,0,15.1,852.4,15.4,15.4,77.2,261,254,0,0,175,0,0,15.3,12.9,11.1
2026-08-20T01:32:33Z,0,0,0,0,0,0,14.7,852.5,15,15,79,260,253,0,0,175,0,0,14.8,12.6,10.6
2026-08-20T01:47:42Z,0,0,0,0,0,0,14.2,852.6,14.4,14.5,81.4,262,252,0,0,175,0,0,14.3,12.4,10.1
2026-08-20T02:02:51Z,0,0,0,0,0,0,13.9,852.8,14.1,14.3,82,261,253,0,0,175,0,0,14.1,12.3,9.9
2026-08-20T02:17:59Z,0,0,0,0,0,0,13.8,852.9,14.1,14.2,83.4,260,253,0,0,175,0,0,14.1,12.4,9.9
2026-08-20T02:33:08Z,0,0,0,0,0,0,13.9,853.1,14.1,14.3,83.1,259,254,0,0,175,0,0,14.1,12.4,9.9
2026-08-20T02:48:30Z,0,0,0,0,0,0,14,853.2,14.3,14.4,83,260,253,0,0,175,0,0,14.3,12.5,10.1
2026-08-20T03:03:38Z,0,0,0,0,0,0,14.1,853.3,14.4,14.6,82.9,260,253,0,0,175,0,0,14.4,12.6,10.2
2026-08-20T03:18:47Z,0,0,0,0,0,0,14.2,853.3,14.5,14.7,81.9,260,255,0,0,175,0,0,14.5,12.6,10.3
2026-08-20T03:33:55Z,0,0,0,0,0,0,14.1,853.4,14.4,14.6,81.9,262,272,0,0,175,0.2,0.2,14.4,12.5,10.2
2026-08-20T03:49:04Z,0,0,0,0.1,0,0,14.1,853.7,14.3,14.5,81.7,269,342,0,0,175,0,0,14.3,12.5,10.1
2026-08-20T04:04:33Z,0,0,0,0.1,0,0,14.1,853.9,14.4,14.6,81.7,278,444,0,0,175,0,0,14.4,12.5,10.2
2026-08-20T04:19:41Z,0,0,0,0.2,0,0,14.3,854.1,14.6,14.7,81.2,290,568,0,0.2,79,0.7,0.7,14.6,12.6,10.4
2026-08-20T04:34:50Z,0,0,0,0.2,0,0,14.6,854.2,14.8,14.9,80.6,302,731,0,0,79,0,0,14.8,12.7,10.6
2026-08-20T04:49:58Z,0,0,0,0.3,0,0,14.9,854.4,15.3,15.3,78.1,311,842,0,0,79,0,0,15.1,12.8,10.9
2026-08-20T05:05:06Z,0,0,0,0.4,0,0,15.5,854.6,15.8,15.9,77.1,324,975,0,0,79,0,0,15.7,13.2,11.5
2026-08-20T05:20:29Z,0,0,0,0.5,0,0,16,854.7,16.1,16.2,74.8,343,1182,0,0.1,74,0.4,0.4,16,13.3,11.8
2026-08-20T05:35:38Z,0,0,0,0.6,0,0,16.1,854.8,16.3,16.3,76,368,1499,0,0,74,0,0,16.1,13.5,11.9
2026-08-20T05:50:46Z,0,0,0,0.5,0,0,16.1,854.8,16.3,16.3,76.3,353,1326,0,0,176,0,0,16.2,13.6,12
2026-08-20T06:05:55Z,0,0,0,0.8,0,0,16.4,854.8,16.6,16.6,76.6,396,1804,0,0,176,0,0,16.5,13.9,12.3
2026-08-20T06:21:03Z,0,0,0,0.7,0,0,16.8,854.9,16.9,17,74.1,381,1638,0,0.9,176,1.3,1.3,16.8,13.9,12.6
2026-08-20T06:36:32Z,0,0,0,0.8,0,0,17.2,855,17.4,17.4,73.6,405,1892,0,0,176,0,0,17.3,14.3,13
2026-08-20T06:51:40Z,0,0,0,0.9,0,0,17.6,855,17.8,18.1,70.2,420,2085,0,0.1,176,0.4,0.4,18,14.6,13.7
2026-08-20T07:06:49Z,0,0,0,0.9,0,0,17.9,855.1,18.3,18.4,70.4,432,2209,0,0.1,176,0.4,0.4,18.2,14.8,13.9
2026-08-20T07:21:57Z,0,0,0,1.5,0,0,18.8,854.9,19.1,19.2,67,546,3495,0,0.6,176,1.3,1.3,19,15.1,14.7
2026-08-20T07:37:06Z,0,0,0,1.1,0,0,19.3,855,19.8,19.6,65.4,470,2615,0,0.4,176,1.1,1.1,19.5,15.4,15.1
2026-08-20T07:52:34Z,0,0,0,3.1,0,0,19.3,854.8,19.8,19.5,65.5,835,6922,0,0,176,0.2,0.2,19.3,15.2,15
2026-08-20T08:07:43Z,0,0,0,1.4,0,0,19.9,854.7,20.6,20.6,61.4,510,2608,0,0.8,176,1.3,1.3,20.4,15.7,16
2026-08-20T08:22:52Z,0,0,0,3.3,0,0,22.4,854.4,22.9,22.6,58.2,875,7145,0,0.3,181,0.9,0.9,22.5,17.1,17.7
2026-08-20T08:38:00Z,0,0,0,3.4,0,0,21.5,854.2,21.6,22.4,55.4,886,7425,0,1.4,73,1.7,1.7,22.3,16.5,17.5
2026-08-20T08:53:09Z,0,0,0,3.6,0,0,22,854,22.2,22.2,56.5,925,7952,0,0.1,188,0.7,0.7,22.1,16.6,17.4
2026-08-20T09:08:37Z,0,0,0,3.5,0,0,22.2,853.7,22.4,22.5,56,903,7456,0,0.3,347,0.7,0.7,22.3,16.7,17.6
2026-08-20T09:23:41Z,0,0,0,3.5,0,0,22.2,853.5,23,23.1,53.3,910,7587,0,0.7,184,1.9,1.9,22.9,16.8,18.1
2026-08-20T09:38:49Z,0,0,0,3.6,0,0,23.4,853.2,23.9,24.2,50.2,933,7801,0,1.4,195,2.3,2.3,24.1,17.3,19
2026-08-20T09:53:58Z,0,0,0,1,0,0,23.3,853,23.4,23.6,51.5,450,2107,0,0.7,108,2,2,23.5,17,18.5
2026-08-20T10:09:06Z,0,0,0,3.6,0,0,23.6,852.6,24.1,24.2,49.7,926,7735,0,1.4,182,3.7,3.7,24.1,17.2,19
2026-08-20T10:24:15Z,0,0,0,3.7,0,0,24.8,852.4,25,25.6,46.5,941,7970,0,0.8,86,2,2,25.6,18,20.2
2026-08-20T10:39:41Z,0,0,0,3.4,0,0,24.4,852.2,24.4,25.4,46.3,884,7363,0,2.4,87,3.1,3.1,25.3,17.8,20
2026-08-20T10:54:49Z,0,0,0,2.7,0,0,24,852.1,24.4,24.9,47.1,757,6011,0,0.3,91,1.1,1.1,24.7,17.4,19.6
2026-08-20T11:09:57Z,0,0,0,3.1,0,0,23.4,851.8,23.9,24.1,49.8,828,6940,0,0.8,140,1.7,1.7,24,17.2,19
2026-08-20T11:25:05Z,0,0,0,2.9,0,0,23.6,851.6,23.8,24.3,49.8,790,6437,0,1.7,80,2.9,2.9,24.2,17.3,19.1
2026-08-20T11:40:13Z,0,0,0,2.8,0,0,24.3,851.6,24.7,25.1,47.7,789,6385,0,0.3,167,1.3,1.3,25.1,17.8,19.8
2026-08-20T11:55:21Z,0,0,0,1.2,0,0,24.8,851.4,25.1,25.8,46.1,489,2561,0,0.8,95,2.1,2.1,25.7,18,20.3
2026-08-20T12:10:43Z,0,0,0,2.7,0,0,24.9,851.3,25.3,26,45.7,764,6150,0,0.6,153,1.5,1.5,25.9,18.1,20.5
2026-08-20T12:25:51Z,0,0,0,0.8,0,0,24.4,851.4,24.4,25.2,47.2,410,1811,0,0.4,63,1.1,1.1,25.1,17.7,19.8
2026-08-20T12:41:00Z,0,0,0,2.1,0,0,23.7,851.1,24.2,24.4,48.2,645,4783,0,1.5,181,3.1,3.1,24.3,17.2,19.2
2026-08-20T12:56:08Z,0,0,0,1.9,0,0,24.7,851.1,25,25.5,45.6,609,4408,0,1.9,70,4.1,4.1,25.4,17.7,20.1
2026-08-20T13:11:17Z,0,0,0,0.7,0,0,23.7,851.1,23.9,24.2,49.1,393,1714,0,0.9,66,2,2,24.1,17.2,19.1
2026-08-20T13:26:25Z,0,0,0,0.8,0,0,24.4,851.1,24.5,25.1,46.4,413,1851,0,1.8,74,3.9,3.9,24.9,17.5,19.7
2026-08-20T13:41:47Z,0,0,0,0.6,0,0,24.2,851.1,24.3,24.8,46.6,372,1455,0,0.7,67,1.5,1.5,24.6,17.3,19.5
2026-08-20T13:56:55Z,0,0,0,0.6,0,0,23.7,851.1,24,24.3,48.1,359,1278,0,0.2,78,0.7,0.7,24.2,17.1,19.1
2026-08-20T14:12:04Z,0,0,0,0.4,0,0,23.5,851.2,23.6,24,48.9,333,951,0,0,61,0,0,23.9,17,18.9
2026-08-20T14:27:13Z,0,0,0,0.5,0,0,23.4,851.3,23.6,23.9,49.2,342,1147,0,0.2,70,0.7,0.7,23.7,16.9,18.7
2026-08-20T14:42:38Z,0,0,0,0.2,0,0,23.1,851.4,23.3,23.5,49.6,301,622,0,0.2,163,0.9,0.9,23.4,16.7,18.5
2026-08-20T14:58:02Z,0,0,0,0.2,0,0,22.5,851.5,22.7,22.9,50.7,291,599,0,0.2,73,0.9,0.9,22.8,16.3,18
2026-08-20T15:13:10Z,0,0,0,0.1,0,0,22.4,851.8,22.6,22.8,50.2,267,316,0,0.5,75,1.3,1.3,22.6,16.1,17.8
2026-08-20T15:28:19Z,0,0,0,0,0,0,22.4,851.8,22.6,22.7,50.3,262,271,0,0.4,79,1.1,1.1,22.5,16.1,17.7
2026-08-20T15:43:27Z,0,0,0,0,0,0,22.3,851.9,22.4,22.6,50.3,261,257,0,0.2,133,0.9,0.9,22.4,16,17.7
2026-08-20T15:58:35Z,0,0,0,0,0,0,22.1,852,22.2,22.5,50.7,260,254,0,0.7,175,2.6,2.6,22.3,15.9,17.5
2026-08-20T16:13:44Z,0,0,0,0,0,0,21.9,852.2,22.1,22.3,51.1,260,254,0,0.1,71,0.7,0.7,22.1,15.8,17.4
2026-08-20T16:29:07Z,0,0,0,0,0,0,21.6,852.2,21.8,22,51.8,261,254,0,0.4,71,1.5,1.5,21.8,15.7,17.1
2026-08-20T16:44:15Z,0,0,0,0,0,0,21.5,852.3,21.6,21.8,52.3,261,254,0,0.2,71,1.7,1.7,21.6,15.6,17
2026-08-20T16:59:23Z,0,0,0,0,0,0,21.3,852.6,21.4,21.6,52.6,259,252,0,0.2,71,0.9,0.9,21.4,15.5,16.8
2026-08-20T17:14:32Z,0,0,0,0,0,0,21,852.7,21.2,21.4,53.9,259,253,0,0,71,0.2,0.2,21.2,15.4,16.6
2026-08-20T17:29:40Z,0,0,0,0,0,0,20.6,852.7,20.8,21,55.3,261,254,0,0,71,0.2,0.2,20.8,15.3,16.3
2026-08-20T17:45:09Z,0,0,0,0,0,0,20.4,852.7,20.6,20.7,57.1,261,253,0,0,71,0,0,20.5,15.3,16
2026-08-20T18:00:17Z,0,0,0,0,0,0,20.4,852.9,20.6,20.8,56.3,260,254,0,0.1,71,0.4,0.4,20.6,15.2,16.1
2026-08-20T18:15:26Z,0,0,0,0,0,0,20.4,853.2,20.5,20.8,55.6,260,253,0,0.2,165,0.7,0.7,20.6,15.1,16.1
2026-08-20T18:30:36Z,0,0,0,0,0,0,20.2,853.2,20.3,20.6,55.6,261,253,0,0,78,0,0,20.4,14.9,15.9
2026-08-20T18:45:45Z,0,0,0,0,0,0,19.6,853.3,19.8,20,57,260,253,0,0.1,124,0.4,0.4,19.8,14.6,15.3
2026-08-20T19:01:12Z,0,0,0,0,0,0,19.2,853.5,19.4,19.6,58.6,260,254,0,0,179,0,0,19.4,14.5,15
2026-08-20T19:16:21Z,0,0,0,0,0,0,18.7,853.7,18.8,19,60.3,260,253,0,0.2,60,0.7,0.7,18.7,14.1,14.4
2026-08-20T19:31:30Z,0,0,0,0,0,0,18.6,853.7,18.7,19,61.3,260,252,0,0.1,130,0.4,0.4,18.7,14.3,14.4
2026-08-20T19:46:39Z,0,0,0,0,0,0,18.3,853.7,18.5,18.7,62.9,260,253,0,0.3,148,1.5,1.5,18.5,14.2,14.2
2026-08-20T20:01:47Z,0,0,0,0,0,0,17.9,853.7,18.1,18.3,64,261,253,0,0,148,0,0,18.1,14,13.8
2026-08-20T20:17:15Z,0,0,0,0,0,0,17.5,853.6,17.6,17.8,66.4,260,254,0,0,148,0,0,17.6,13.8,13.4
2026-08-20T20:32:24Z,0,0,0,0,0,0,16.9,853.7,17,17.3,68.2,260,255,0,0,148,0,0,17,13.5,12.8
2026-08-20T20:47:33Z,0,0,0,0,0,0,16.7,853.8,16.8,17,69.5,260,254,0,0,148,0.2,0.2,16.8,13.4,12.6
2026-08-20T21:02:41Z,0,0,0,0,0,0,16.5,853.8,16.7,16.8,69.9,260,254,0,0.7,50,2,2,16.6,13.3,12.4
2026-08-20T21:17:50Z,0,0,0,0,0,0,16.4,853.7,16.5,16.7,70.2,261,254,0,0,65,0,0,16.5,13.3,12.3
2026-08-20T21:33:19Z,0,0,0,0,0,0,15.8,853.6,16.1,16.2,71.8,260,253,0,0,65,0.2,0.2,16,12.9,11.8
2026-08-20T21:48:28Z,0,0,0,0,0,0,15.5,853.5,15.9,15.9,72.8,260,252,0,0,65,0,0,15.7,12.8,11.5
2026-08-20T22:03:36Z,0,0,0,0,0,0,15.1,853.6,15.4,15.5,74.5,260,252,0,0,65,0,0,15.3,12.6,11.1
2026-08-20T22:18:45Z,0,0,0,0,0,0,14.7,853.5,14.9,15,75.8,260,254,0,0,65,0,0,14.8,12.3,10.6
2026-08-20T22:33:54Z,0,0,0,0,0,0,14.4,853.4,14.8,14.9,75.4,259,253,0,0,65,0,0,14.6,12.1,10.4
2026-08-20T22:49:27Z,0,0,0,0,0,0,14.4,853.2,14.7,14.8,75.9,259,252,0,0,65,0.4,0.4,14.5,12,10.3
2026-08-20T23:04:37Z,0,0,0,0,0,0,15.1,853.1,15.4,15.4,71.9,260,253,0,0,174,0,0,15.2,12.2,11
2026-08-20T23:19:46Z,0,0,0,0,0,0,14.7,852.9,14.9,15.1,71.6,260,254,0,0.6,171,1.3,1.3,14.9,11.9,10.7
2026-08-20T23:34:55Z,0,0,0,0,0,0,14.3,852.9,14.6,14.8,72.9,261,253,0,0.1,71,0.7,0.7,14.5,11.7,10.3
2026-08-20T23:50:04Z,0,0,0,0,0,0,14,852.9,14.2,14.3,76.1,260,253,0,0,71,0,0,14.1,11.6,9.8
2026-08-21T00:00:23Z,0,0,0,0,0,0,13.6,852.8,13.9,14,78.2,260,253,0,0,71,0,0,13.8,11.6,9.5
2026-08-21T00:15:32Z,0,0,0,0,0,0,13.1,852.8,13.4,13.6,81.8,260,255,0,0,71,0,0,13.3,11.5,9.1
2026-08-21T00:30:42Z,0,0,0,0,0,0,13.3,852.8,13.7,13.8,81.7,259,254,0,0,71,0.2,0.2,13.6,11.8,9.4
2026-08-21T00:45:51Z,0,0,0,0,0,0,13.6,852.8,14.1,14.2,80.3,261,253,0,0,71,0,0,14,12,9.8
2026-08-21T01:01:46Z,0,0,0,0,0,0,13.8,852.7,14.2,14.3,78.3,260,254,0,0,71,0,0,14.1,11.9,9.9
2026-08-21T01:16:55Z,0,0,0,0,0,0,13.7,852.8,14,14.1,79.3,261,253,0,0,71,0,0,13.9,11.8,9.7
2026-08-21T01:32:04Z,0,0,0,0,0,0,13.3,852.8,13.6,13.7,80.8,261,253,0,0,71,0,0,13.5,11.6,9.2
2026-08-21T01:47:28Z,0,0,0,0,0,0,13,852.9,13.2,13.4,81.8,259,253,0,0,71,0,0,13.1,11.4,8.9
2026-08-21T02:02:30Z,0,0,0,0,0,0,12.5,853,12.8,13,84.2,261,253,0,0,71,0,0,12.8,11.3,8.5
2026-08-21T02:17:39Z,0,0,0,0,0,0,12.3,853.1,12.6,12.8,85.4,260,253,0,0,71,0,0,12.6,11.2,8.3
2026-08-21T02:32:48Z,0,0,0,0,0,0,12.3,853.1,12.6,12.8,86,261,254,0,0,71,0,0,12.6,11.3,8.3
2026-08-21T02:47:57Z,0,0,0,0,0,0,12.2,853.3,12.4,12.7,85.8,260,253,0,0,71,0,0,12.4,11.1,8.2
2026-08-21T03:03:06Z,0,0,0,0,0,0,12.2,853.5,12.6,12.7,85.9,261,253,0,0,71,0,0,12.5,11.2,8.2
2026-08-21T03:18:32Z,0,0,0,0,0,0,12.4,853.6,12.8,13,85.5,260,255,0,0,71,0,0,12.8,11.4,8.5
2026-08-21T03:33:40Z,0,0,0,0,0,0,12.7,853.6,13,13.2,84.9,261,268,0,0,71,0,0,13,11.5,8.7
2026-08-21T03:48:50Z,0,0,0,0,0,0,13.1,853.7,13.5,13.6,84.1,265,322,0,0,71,0,0,13.4,11.8,9.2
2026-08-21T04:03:59Z,0,0,0,0.1,0,0,13.5,853.9,13.9,13.9,82.9,275,401,0,0,71,0,0,13.7,12,9.5
2026-08-21T04:19:09Z,0,0,0,0.2,0,0,14,853.9,14.4,14.4,81.3,284,518,0,0,71,0,0,14.2,12.3,10
2026-08-21T04:34:35Z,0,0,0,0.2,0,0,14.5,854,14.8,14.9,78.7,299,677,0,0,71,0,0,14.7,12.5,10.5
2026-08-21T04:49:44Z,0,0,0,0.3,0,0,15,854.1,15.2,15.4,76.1,315,880,0,0,71,0,0,15.2,12.7,11
2026-08-21T05:04:53Z,0,0,0,0.4,0,0,15.4,854.2,15.8,15.9,73.8,340,1155,0,0,71,0,0,15.7,12.9,11.5
2026-08-21T05:20:03Z,0,0,0,0.4,0,0,16.2,854.5,16.3,16.6,72.2,334,1068,0,0.2,71,0.4,0.4,16.4,13.4,12.2
2026-08-21T05:35:12Z,0,0,0,0.5,0,0,16.3,854.7,16.4,16.8,70.6,346,1236,0,0.3,71,0.7,0.7,16.6,13.4,12.4
2026-08-21T05:50:37Z,0,0,0,0.6,0,0,16.4,854.8,16.5,17,70.6,369,1482,0,0.1,71,0.4,0.4,16.8,13.5,12.5
2026-08-21T06:05:46Z,0,0,0,0.8,0,0,16.7,855,16.8,17.3,68.9,398,1817,0,0,71,0.2,0.2,17.1,13.6,12.9
2026-08-21T06:20:55Z,0,0,0,0.9,0,0,17.7,855,18.1,18.2,67.5,429,2152,0,0,71,0,0,18,14.3,13.7
2026-08-21T06:36:03Z,0,0,0,0.9,0,0,18.5,855,18.5,18.9,63.8,433,2184,0,0.2,71,0.7,0.7,18.7,14.5,14.4
2026-08-21T06:51:12Z,0,0,0,1,0,0,18,855.1,18.4,18.6,65.1,442,2307,0,0,71,0,0,18.4,14.4,14.1
2026-08-21T07:06:40Z,0,0,0,1.1,0,0,19,854.9,19.3,19.7,61.2,472,2638,0,0.1,71,0.4,0.4,19.5,14.9,15.1
2026-08-21T07:21:49Z,0,0,0,1.7,0,0,19,854.8,19,19.7,62.2,573,3769,0,0.1,71,0.4,0.4,19.5,15,15.1
2026-08-21T07:36:58Z,0,0,0,1.8,0,0,21.3,854.8,21.4,21.7,54.7,589,3902,0,0.2,71,0.7,0.7,21.5,15.8,16.9
2026-08-21T07:52:49Z,0,0,0,2.4,0,0,20.9,854.6,20.2,20.3,58.3,706,5451,0,0.6,70,1.5,1.5,20.1,15,15.6
2026-08-21T08:07:57Z,0,0,0,1.8,0,0,20.7,854.6,21.2,21,56.7,590,3864,0,0.2,164,0.7,0.7,20.8,15.4,16.3
2026-08-21T08:23:05Z,0,0,0,2.3,0,0,21.6,854.5,22.4,22.3,52.2,689,4909,0,0.2,164,0.7,0.7,22.1,16,17.4
2026-08-21T08:38:14Z,0,0,0,1.6,0,0,22.1,854.2,21.9,22.4,52.5,565,3597,0,0,311,0,0,22.3,16.1,17.5
2026-08-21T08:53:51Z,0,0,0,1.5,0,0,21.5,854,21.6,21.3,54.8,546,3334,0,0,285,0.4,0.4,21.1,15.5,16.5
2026-08-21T09:08:59Z,0,0,0,1.3,0,0,21,853.7,21.6,21.5,53.6,507,2826,0,0.3,202,0.9,0.9,21.3,15.5,16.7
2026-08-21T09:24:08Z,0,0,0,1.3,0,0,22.5,853.5,22.8,22.5,51.9,506,2649,0,0.4,142,1.3,1.3,22.3,16.1,17.5
2026-08-21T09:39:16Z,0,0,0,3.7,0,0,22.8,853.2,23.2,22.9,52.1,955,8015,0,1.6,232,2.2,2.2,22.8,16.5,17.9
2026-08-21T09:54:24Z,0,0,0,3.8,0,0,23.6,852.9,23.4,23.5,49.4,959,8014,0,0.4,145,1.1,1.1,23.4,16.6,18.5
2026-08-21T10:09:49Z,0,0,0,3.7,0,0,23.6,852.7,23.8,24.5,46.9,951,7977,0,0,119,0.4,0.4,24.3,17.1,19.2
2026-08-21T10:24:59Z,0,0,0,3.5,0,0,24.3,852.5,25,24.8,44.6,906,7432,0,0.7,147,1.7,1.7,24.6,16.9,19.5
2026-08-21T10:40:07Z,0,0,0,3.5,0,0,24.7,852.2,24.7,25.4,43.6,912,7475,0,0.1,127,1.1,1.1,25.2,17.3,19.9
2026-08-21T10:55:15Z,0,0,0,3.2,0,0,25.6,851.9,25.9,26.4,42.3,860,6887,0,0.1,63,0.7,0.7,26.2,17.9,20.7
2026-08-21T11:10:23Z,0,0,0,3.1,0,0,25.5,851.5,25.8,26.4,40.7,830,6554,0,0.4,160,1.3,1.3,26.3,17.6,20.8
2026-08-21T11:25:51Z,0,0,0,2.8,0,0,25.3,851.3,26.1,26.1,41.1,785,6110,0,0.2,160,0.9,0.9,26,17.5,20.6
2026-08-21T11:40:59Z,0,0,0,2.7,0,0,25,851,25.8,25.6,43.1,756,5800,0,1.1,170,1.7,1.7,25.5,17.4,20.2
2026-08-21T11:56:08Z,0,0,0,2.5,0,0,27.1,850.7,27.9,27.9,38.7,717,5406,0,0.5,159,1.3,1.3,27.5,18.5,21.7
2026-08-21T12:11:15Z,0,0,0,2.3,0,0,27.1,850.7,27.6,28.1,36.7,684,5058,0,0.4,159,1.1,1.1,27.6,18.3,21.7
2026-08-21T12:26:23Z,0,0,0,2.1,0,0,26.3,850.6,26.4,27.2,39,655,4739,0,0.2,70,0.7,0.7,26.9,18,21.2
2026-08-21T12:41:47Z,0,0,0,1.9,0,0,27.8,850.5,28,28.9,35.3,614,4240,0,0.5,71,1.8,1.8,28.2,18.7,22.1
2026-08-21T12:56:55Z,0,0,0,1.7,0,0,27.1,850.2,27.6,28.5,36.2,579,3864,0,0.4,72,0.9,0.9,27.8,18.5,21.9
2026-08-21T13:12:03Z,0,0,0,1.5,0,0,26.2,850.2,26.9,27.1,38.5,528,3301,0,1.5,156,3.4,3.4,26.9,17.8,21.2
2026-08-21T13:27:11Z,0,0,0,1.3,0,0,25.8,850.1,26.2,26.5,38.9,494,2908,0,1.7,69,2.5,2.5,26.3,17.4,20.8
2026-08-21T13:42:34Z,0,0,0,1,0,0,26.3,850.1,27.1,27.4,36.3,445,2388,0,0.8,70,2,2,26.9,17.6,21.2
2026-08-21T13:57:59Z,0,0,0,0.8,0,0,27.1,850.1,27.7,28.6,34.8,407,1958,0,0.1,70,0.9,0.9,27.8,18.3,21.9
2026-08-21T14:13:07Z,0,0,0,0.5,0,0,26.3,850.2,26.8,27.5,37.5,344,1113,0,0.4,70,1.7,1.7,27.1,17.9,21.3
2026-08-21T14:28:15Z,0,0,0,0.3,0,0,25.5,850.3,25.8,26.1,40.3,313,728,0,0,77,0.2,0.2,25.9,17.3,20.5
2026-08-21T14:43:24Z,0,0,0,0.2,0,0,24.8,850.6,25,25.2,41.4,297,566,0,1.4,75,3.3,3.3,25.1,16.8,19.8
2026-08-21T14:58:32Z,0,0,0,0.2,0,0,24.4,850.7,24.6,24.8,42,287,479,0,0.4,69,1.5,1.5,24.6,16.5,19.4
2026-08-21T15:13:40Z,0,0,0,0.1,0,0,24,850.8,24.2,24.4,43.2,276,400,0,0.5,71,1.5,1.5,24.2,16.4,19.1
2026-08-21T15:29:03Z,0,0,0,0,0,0,23.5,850.9,23.8,23.9,44.6,265,302,0,0.3,149,1.3,1.3,23.7,16.2,18.7
2026-08-21T15:44:11Z,0,0,0,0,0,0,23.1,851.1,23.2,23.4,46,260,263,0,0.4,76,1.1,1.1,23.2,16,18.3
2026-08-21T15:59:19Z,0,0,0,0,0,0,22.6,851.2,22.7,22.9,47,261,254,0,0.2,120,0.7,0.7,22.7,15.7,17.9
2026-08-21T16:15:12Z,0,0,0,0,0,0,22.1,851.3,22.2,22.4,48.2,260,253,0,0.3,141,1.1,1.1,22.2,15.5,17.5
2026-08-21T16:30:33Z,0,0,0,0,0,0,21.8,851.6,21.9,22.1,49.2,261,253,0,0,141,0,0,21.9,15.4,17.2
2026-08-21T16:45:41Z,0,0,0,0,0,0,21.5,851.9,21.6,21.7,50.1,262,254,0,0,79,0,0,21.5,15.2,16.9
2026-08-21T17:01:06Z,0,0,0,0,0,0,21.2,852.1,21.4,21.5,50.8,261,253,0,0.4,79,0.7,0.7,21.2,15.1,16.7
2026-08-21T17:16:15Z,0,0,0,0,0,0,20.8,852.2,21,21.2,51.7,260,253,0,0.1,168,0.4,0.4,21,15,16.4
2026-08-21T17:31:23Z,0,0,0,0,0,0,20.5,852.3,20.6,20.8,52.9,260,254,0,0,168,0,0,20.6,14.8,16.1
2026-08-21T17:46:33Z,0,0,0,0,0,0,20.3,852.4,20.4,20.7,54.7,261,253,0,1.2,155,2.2,2.2,20.4,14.9,15.9
2026-08-21T18:01:41Z,0,0,0,0,0,0,20.2,852.6,20.3,20.6,57.3,260,253,0,1.5,183,4.4,4.4,20.4,15.2,15.9
2026-08-21T18:17:09Z,0,0,0,0,0,0,19.8,852.8,20,20.2,59.4,261,254,0,0,170,0,0,20.1,15.2,15.6
2026-08-21T18:32:17Z,0,0,0,0,0,0,19.6,853.1,19.7,19.9,61.3,261,254,0,0.1,210,0.7,0.7,19.8,15.1,15.3
2026-08-21T18:47:26Z,0,0,0,0,0,0,19.3,853.1,19.5,19.7,62.4,260,253,0,0.1,173,0.7,0.7,19.6,15.1,15.2
2026-08-21T19:02:34Z,0,0,0,0,0,0,19.2,853.6,19.3,19.6,63.2,259,255,0,0.4,173,0.9,0.9,19.4,15,15
2026-08-21T19:17:43Z,0,0,0,0,0,0,19.1,853.7,19.2,19.5,64.1,259,253,0,0,71,0.2,0.2,19.3,15.1,14.9
2026-08-21T19:32:51Z,0,0,0,0,0,0,19,853.8,19.2,19.4,64.7,261,254,0,0.1,71,0.4,0.4,19.3,15.1,14.9
2026-08-21T19:48:13Z,0,0,0,0,0,0,18.8,853.8,19,19.2,65.6,261,253,0,0.2,69,0.9,0.9,19.1,15,14.7
2026-08-21T20:03:22Z,0,0,0,0,0,0,18.6,853.8,18.8,19.1,66.7,260,254,0,0.1,170,0.4,0.4,18.9,15,14.6
2026-08-21T20:18:31Z,0,0,0,0,0,0,18.2,853.7,18.4,18.6,67.9,260,253,0,0.2,170,0.4,0.4,18.5,14.7,14.2
2026-08-21T20:33:40Z,0,0,0,0,0,0,17.8,853.8,17.9,18.2,69.2,260,253,0,0.1,170,0.7,0.7,18.1,14.5,13.8
2026-08-21T20:48:49Z,0,0,0,0,0,0,17.4,853.8,17.6,17.8,70.8,260,254,0,0,170,0.2,0.2,17.6,14.3,13.4
2026-08-21T21:04:20Z,0,0,0,0,0,0,17.1,853.8,17.2,17.4,72.4,260,252,0,0.4,170,0.7,0.7,17.3,14.2,13
2026-08-21T21:19:29Z,0,0,0,0,0,0,16.9,853.7,17.1,17.3,73.7,259,253,0,0,170,0,0,17.1,14.2,12.9
2026-08-21T21:34:37Z,0,0,0,0,0,0,16.7,853.6,16.9,17.1,74.8,259,253,0,0.2,170,0.7,0.7,16.9,14.1,12.7
2026-08-21T21:49:46Z,0,0,0,0,0,0,16.8,853.6,17,17.2,74.8,260,253,0,0,170,0,0,17.1,14.2,12.8
2026-08-21T22:05:20Z,0,0,0,0,0,0,16.8,853.4,16.9,17.2,74.9,260,253,0,0,69,0,0,17.1,14.3,12.9
2026-08-21T22:20:29Z,0,0,0,0,0,0,16.7,853.3,16.9,17.2,75.2,261,253,0,0.2,69,0.5,0.5,17,14.3,12.8
2026-08-21T22:35:38Z,0,0,0,0,0,0,16.7,853,16.8,17.1,75.7,260,253,0,0,69,0.2,0.2,17,14.2,12.8
2026-08-21T22:50:46Z,0,0,0,0,0,0,16.4,853,16.6,16.8,76.6,259,253,0,0.1,69,0.2,0.2,16.7,14.1,12.5
2026-08-21T23:06:14Z,0,0,0,0,0,0,16.3,852.9,16.4,16.7,77.5,259,253,0,0,69,0.4,0.4,16.6,14.1,12.4
2026-08-21T23:21:22Z,0,0,0,0,0,0,16.2,852.8,16.4,16.6,78.1,261,255,0,0,69,0,0,16.5,14.1,12.3
2026-08-21T23:36:31Z,0,0,0,0,0,0,16.1,852.7,16.2,16.5,79,259,253,0,0.5,57,1.5,1.5,16.4,14,12.2
2026-08-21T23:51:39Z,0,0,0,0,0,0,15.7,852.7,16.1,16.1,79.7,260,253,0,0,58,0,0,16,13.7,11.8
2026-08-22T00:00:44Z,0,0,0,0,0,0,15.5,852.7,15.8,15.9,80.7,259,253,0,0,58,0,0,15.7,13.6,11.5
2026-08-22T00:15:53Z,0,0,0,0,0,0,15.1,852.4,15.4,15.4,82.7,261,252,0,0,58,0,0,15.3,13.5,11.1
2026-08-22T00:31:22Z,0,0,0,0,0,0,14.7,852.3,15,15.1,84.1,260,255,0,0,58,0,0,15,13.3,10.8
2026-08-22T00:46:31Z,0,0,0,0,0,0,14.4,852.5,14.7,14.8,85.5,260,253,0,0,58,0,0,14.6,13.1,10.4
2026-08-22T01:01:40Z,0,0,0,0,0,0,14.1,852.5,14.2,14.4,86.4,261,254,0,0,58,0,0,14.3,12.9,10.1
2026-08-22T01:17:27Z,0,0,0,0,0,0,13.8,852.6,14.1,14.2,87.7,260,254,0,0,58,0,0,14.1,12.8,9.9
2026-08-22T01:32:35Z,0,0,0,0,0,0,13.6,852.7,13.9,14,88.5,260,253,0,0,58,0,0,13.9,12.7,9.7
2026-08-22T01:47:44Z,0,0,0,0,0,0,13.4,852.8,13.8,13.9,89.5,262,254,0,0,58,0,0,13.7,12.7,9.5
2026-08-22T02:02:52Z,0,0,0,0,0,0,13.3,853.1,13.7,13.8,89.3,259,253,0,0,58,0,0,13.7,12.6,9.4
2026-08-22T02:18:01Z,0,0,0,0,0,0,13.4,853.2,13.8,14,89.3,259,254,0,0,58,0,0,13.9,12.8,9.6
2026-08-22T02:33:27Z,0,0,0,0,0,0,13.6,853.3,13.9,14.1,88.5,260,253,0,0,58,0,0,14,12.8,9.8
2026-08-22T02:48:36Z,0,0,0,0,0,0,13.6,853.4,13.9,14,88.4,260,253,0,0,58,0,0,13.9,12.7,9.7
2026-08-22T03:03:45Z,0,0,0,0,0,0,13.3,853.4,13.6,13.7,89.6,259,253,0,0,58,0,0,13.6,12.5,9.3
2026-08-22T03:18:54Z,0,0,0,0,0,0,13.1,853.5,13.3,13.5,89.7,262,256,0,0,58,0,0,13.4,12.3,9.1
2026-08-22T03:34:03Z,0,0,0,0,0,0,12.7,853.6,12.9,13.1,89.9,264,283,0,0,58,0,0,13,12,8.8
2026-08-22T03:49:30Z,0,0,0,0.1,0,0,12.6,853.9,12.9,13.1,91.6,272,382,0,0,58,0,0,13,12.2,8.7
2026-08-22T04:04:39Z,0,0,0,0.2,0,0,13.1,853.9,13.5,13.6,91.2,290,615,0,0,58,0,0,13.6,12.6,9.3
2026-08-22T04:19:47Z,0,0,0,0.2,0,0,13.9,854,14.4,14.6,87.9,299,697,0,0,57,0,0,14.5,13.2,10.3
2026-08-22T04:34:56Z,0,0,0,0.2,0,0,14.7,854.3,15.1,15.2,85.4,301,706,0,0,57,0,0,15.1,13.5,10.9
2026-08-22T04:50:25Z,0,0,0,0.2,0,0,15.2,854.2,15.6,15.6,83.8,297,654,0,0.1,342,0.4,0.4,15.5,13.7,11.3
2026-08-22T05:05:34Z,0,0,0,0.3,0,0,15.6,854.5,16,16,83.2,306,774,0,0,332,0,0,15.9,14,11.7
2026-08-22T05:20:43Z,0,0,0,0.4,0,0,16,854.7,16.3,16.3,82.5,340,1171,0,0.3,325,0.7,0.7,16.2,14.3,12
2026-08-22T05:35:52Z,0,0,0,0.7,0,0,16.7,854.7,16.9,17.1,80.7,393,1750,0,0.2,237,0.9,0.9,17,14.8,12.8
2026-08-22T05:51:01Z,0,0,0,1,0,0,17.9,854.7,18.1,18,76.6,437,2229,0,0.7,275,1.5,1.5,18,15.2,13.7
2026-08-22T06:06:29Z,0,0,0,1.2,0,0,19,854.8,19.1,19.1,72.7,487,2816,0,0,287,0.4,0.4,19,15.8,14.7
2026-08-22T06:21:37Z,0,0,0,1.1,0,0,20.1,854.8,20.2,20,69.1,456,2430,0,0.3,73,1,1,20,16.2,15.5
2026-08-22T06:36:45Z,0,0,0,1.3,0,0,20.8,854.9,21,21.1,65.8,500,2891,0,0.1,73,0.4,0.4,21.1,16.8,16.5
2026-08-22T06:51:54Z,0,0,0,1.6,0,0,21.3,855,21.1,20.8,64.3,548,3410,0,0.8,334,1.1,1.1,20.7,16.3,16.2
2026-08-22T07:07:03Z,0,0,0,2.7,0,0,22.4,855,22.8,22.5,59.1,758,5794,0,0.4,76,0.9,0.9,22.4,17.1,17.7
2026-08-22T07:22:31Z,0,0,0,3,0,0,23.1,854.7,24.1,23.5,55.5,822,6525,0,0,76,0.2,0.2,23.4,17.5,18.5
2026-08-22T07:37:40Z,0,0,0,1.1,0,0,22.3,854.6,22.8,22.5,55.6,463,2387,0,0.6,172,1.2,1.2,22.4,16.6,17.6
2026-08-22T07:52:48Z,0,0,0,1.2,0,0,21.8,854.4,21.9,22.3,56.2,479,2645,0,0.7,191,1.1,1.1,22.1,16.5,17.4
2026-08-22T08:07:56Z,0,0,0,1.3,0,0,21.7,854.2,22.1,22.1,57.8,498,2780,0,0.1,150,0.7,0.7,22,16.6,17.3
2026-08-22T08:23:04Z,0,0,0,3.9,0,0,23.3,854.1,23.4,23.9,52.3,981,8400,0,1.1,79,1.7,1.7,23.8,17.4,18.8
2026-08-22T08:38:13Z,0,0,0,4,0,0,23.8,853.9,23.9,24.7,48.7,994,8616,0,1.1,107,1.7,1.7,24.6,17.5,19.4
2026-08-22T08:53:34Z,0,0,0,4,0,0,25.1,853.6,25.3,25.1,48.7,1005,8672,0,0.7,325,1.5,1.5,25,17.9,19.8
2026-08-22T09:08:42Z,0,0,0,1.2,0,0,24.4,853.4,24.6,24.1,49.9,477,2499,0,2.1,242,2.6,2.6,24,17.2,19
2026-08-22T09:23:50Z,0,0,0,1,0,0,23.1,853.1,23.4,23.1,53.8,445,2184,0,0.1,246,0.4,0.4,23,16.9,18.1
2026-08-22T09:38:58Z,0,0,0,3.8,0,0,24.4,852.8,24.8,24.8,48.5,974,8146,0,1.3,111,2,2,24.7,17.6,19.5
2026-08-22T09:54:06Z,0,0,0,3.7,0,0,25.8,852.5,25.6,26.1,44.7,938,7792,0,0.7,75,1.3,1.3,26,18.1,20.6
2026-08-22T10:09:14Z,0,0,0,0.9,0,0,26,852.3,26,25.5,46.6,435,2000,0,0.8,263,1.3,1.3,25.4,17.8,20
2026-08-22T10:24:38Z,0,0,0,3.7,0,0,25.2,851.9,25.6,25,46.5,948,7876,0,0.5,228,1.3,1.3,24.9,17.4,19.7
2026-08-22T10:39:47Z,0,0,0,0.9,0,0,25.5,851.7,25.9,25.7,45.9,423,1836,0,0.6,160,1.1,1.1,25.7,18,20.3
2026-08-22T10:54:55Z,0,0,0,3.5,0,0,27.7,851.5,28.1,28.2,41.2,908,7442,0,0.3,82,0.9,0.9,27.9,19.2,22
2026-08-22T11:10:03Z,0,0,0,3.2,0,0,26.9,851.1,27.4,27.6,40,846,6741,0,0.4,67,0.9,0.9,27.3,18.5,21.5
2026-08-22T11:25:11Z,0,0,0,3.1,0,0,27.2,851.1,27.2,27.8,39.7,831,6542,0,0.3,68,0.7,0.7,27.5,18.6,21.7
2026-08-22T11:40:18Z,0,0,0,2.8,0,0,27.4,850.8,27.8,28.3,38.4,782,6081,0,0.5,160,1.5,1.5,27.8,18.8,21.9
2026-08-22T11:55:42Z,0,0,0,2.7,0,0,27.7,850.6,28.2,27.7,40,769,5868,0,0.4,243,1.7,1.7,27.4,18.6,21.6
2026-08-22T12:10:50Z,0,0,0,2.5,0,0,27,850.4,27.5,27.3,39.4,729,5463,0,1.2,171,2.8,2.8,27.1,18.2,21.3
2026-08-22T12:26:13Z,0,0,0,0.6,0,0,28.3,850.2,28.7,29,35.8,376,1275,0,0.7,84,1.3,1.3,28.3,18.8,22.2
2026-08-22T12:41:37Z,0,0,0,2.1,0,0,28.8,849.9,29.1,29.3,36,654,4657,0,0,82,0.2,0.2,28.6,19.1,22.4
2026-08-22T12:56:45Z,0,0,0,0.5,0,0,28.5,849.9,28.9,29.5,34.6,356,1107,0,0.2,174,0.7,0.7,28.6,19,22.5
2026-08-22T13:11:53Z,0,0,0,0.6,0,0,27.8,849.8,28.2,28.7,36.5,365,1207,0,1.6,175,3.1,3.1,28.1,18.7,22.1
2026-08-22T13:27:01Z,0,0,0,0.6,0,0,27.4,849.8,27.9,28.1,38,363,1241,0,0.8,153,1.7,1.7,27.7,18.6,21.8
2026-08-22T13:42:09Z,0,0,0,0.3,0,0,26.5,849.7,26.8,27.1,39,322,774,0,0.9,79,2,2,26.9,17.9,21.2
2026-08-22T13:57:17Z,0,0,0,1,0,0,26.5,850,26.7,27,39.7,445,2400,0,1.3,81,2.6,2.6,26.8,17.9,21.1
2026-08-22T14:12:42Z,0,0,0,0.6,0,0,27.3,849.9,27.7,28,38.9,367,1405,0,0.2,85,0.7,0.7,27.6,18.6,21.7
2026-08-22T14:27:51Z,0,0,0,0.3,0,0,26.8,850.1,27.1,27.3,40,315,768,0,0.3,168,0.9,0.9,27.1,18.3,21.4
2026-08-22T14:42:59Z,0,0,0,0.2,0,0,26.1,850.3,26.3,26.5,41.7,296,559,0,0.5,110,1.7,1.7,26.4,17.9,20.8
2026-08-22T14:58:49Z,0,0,0,0.2,0,0,25.5,850.4,25.6,25.9,42.7,287,477,0,0.9,75,3.1,3.1,25.8,17.6,20.4
2026-08-22T15:13:58Z,0,0,0,0.1,0,0,25.1,850.4,25.2,25.4,43.2,278,416,0,0,77,0.4,0.4,25.3,17.3,20
2026-08-22T15:29:06Z,0,0,0,0.1,0,0,24.7,850.5,24.9,25,44.2,267,292,0,0.3,78,1.3,1.3,24.9,17.1,19.7
2026-08-22T15:44:15Z,0,0,0,0,0,0,24.3,850.6,24.4,24.6,45.7,261,259,0,0.6,166,1.7,1.7,24.4,17,19.3
2026-08-22T15:59:23Z,0,0,0,0,0,0,23.8,850.8,23.9,24.1,46.8,260,253,0,0.6,77,1.7,1.7,23.9,16.7,18.9
2026-08-22T16:14:51Z,0,0,0,0,0,0,23.5,851,23.7,23.8,47.2,261,253,0,0.4,77,2,2,23.7,16.6,18.7
2026-08-22T16:29:59Z,0,0,0,0,0,0,23.4,851.1,23.5,23.7,47.7,260,254,0,0.3,81,0.9,0.9,23.5,16.5,18.6
2026-08-22T16:45:07Z,0,0,0,0,0,0,22.9,851,23.1,23.2,48.9,261,253,0,0.8,164,2.4,2.4,23.1,16.3,18.2
2026-08-22T17:00:16Z,0,0,0,0,0,0,22.5,851.1,22.6,22.8,50,259,253,0,0.3,130,1.1,1.1,22.6,16.1,17.8
2026-08-22T17:15:23Z,0,0,0,0,0,0,22.2,851.3,22.3,22.5,51.1,259,253,0,1,109,1.9,1.9,22.3,16,17.6
2026-08-22T17:30:48Z,0,0,0,0,0,0,22,851.5,22.1,22.2,52.9,261,254,0,0.3,131,1.3,1.3,22.1,16,17.4
2026-08-22T17:45:56Z,0,0,0,0,0,0,21.8,851.8,21.9,22.1,55.9,260,252,0,0.8,196,2.2,2.2,22,16.4,17.3
2026-08-22T18:01:05Z,0,0,0,0,0,0,21.5,851.8,21.7,21.9,60.6,259,253,0,1.8,171,3.7,3.7,21.8,16.8,17.1
2026-08-22T18:16:13Z,0,0,0,0,0,0,21,852.1,21.2,21.4,65.6,260,253,0,1.8,176,3.3,3.3,21.3,17,16.7
2026-08-22T18:31:22Z,0,0,0,0,0,0,20.3,852.4,20.5,20.7,72.3,259,254,0,1.7,162,3.7,3.7,20.7,17.3,16.2
2026-08-22T18:46:31Z,0,0,0,0,0,0,19.6,852.7,19.8,20,77.5,260,254,0,0.7,89,1.5,1.5,20.1,17.2,15.6
2026-08-22T19:01:52Z,0,0,0,0,0,0,19.3,853.2,19.4,19.7,79.5,260,254,0,0.2,154,0.4,0.4,19.8,17.2,15.3
2026-08-22T19:17:01Z,0,0,0,0,0,0,19.1,853.3,19.2,19.5,80.8,260,253,0,0.6,83,1.7,1.7,19.6,17.1,15.2
2026-08-22T19:32:09Z,0,0,0,0,0,0,18.9,853.6,19.1,19.4,81.1,261,254,0,1,112,3.1,3.1,19.4,17.1,15
2026-08-22T19:47:18Z,0,0,0,0,0,0,18.8,853.7,19,19.2,81.5,261,253,0,0.4,179,0.7,0.7,19.3,17,14.9
2026-08-22T20:02:26Z,0,0,0,0,0,0,18.7,853.6,18.8,19.1,81.8,260,253,0,0.2,89,0.7,0.7,19.1,16.9,14.8
2026-08-22T20:17:34Z,0,0,0,0,0,0,18.6,853.6,18.8,19,81.8,260,253,0,0.1,87,0.7,0.7,19,16.8,14.7
2026-08-22T20:32:57Z,0,0,0,0,0,0,18.4,853.4,18.6,18.9,82,260,254,0,0,87,0,0,18.9,16.7,14.6
2026-08-22T20:48:05Z,0,0,0,0,0,0,18.3,853.2,18.6,18.8,82.2,260,253,0,0.5,87,1.1,1.1,18.8,16.6,14.5
2026-08-22T21:03:13Z,0,0,0,0,0,0,18.2,853.2,18.4,18.6,82.9,259,253,0,0.1,146,1.3,1.3,18.7,16.6,14.3
2026-08-22T21:18:22Z,0,0,0,0,0,0,18.3,853.2,18.4,18.7,82.4,260,253,0,0.2,174,0.9,0.9,18.7,16.5,14.4
2026-08-22T21:33:30Z,0,0,0,0,0,0,18.2,853.1,18.4,18.6,82.2,259,253,0,1.3,172,2.4,2.4,18.7,16.5,14.3
2026-08-22T21:49:03Z,0,0,0,0,0,0,17.9,853,18.1,18.3,83.1,260,254,0,0,181,0.2,0.2,18.4,16.3,14.1
2026-08-22T22:04:12Z,0,0,0,0,0,0,17.6,852.9,17.8,18,84.4,260,254,0,1.2,121,2.8,2.8,18,16.1,13.8
2026-08-22T22:19:21Z,0,0,0,0,0,0,17.2,852.9,17.4,17.6,85.2,261,253,0,0.9,152,2.8,2.8,17.6,15.9,13.4
2026-08-22T22:34:30Z,0,0,0,0,0,0,17.2,852.8,17.3,17.5,85.5,260,254,0,1.1,177,2,2,17.6,15.8,13.3
2026-08-22T22:49:38Z,0,0,0,0,0,0,17.1,852.6,17.2,17.5,86.1,260,253,0,0.8,138,1.7,1.7,17.5,15.8,13.2
2026-08-22T23:05:04Z,0,0,0,0,0,0,17,852.4,17.2,17.4,86.5,260,254,0,0.1,171,0.2,0.2,17.4,15.8,13.2
2026-08-22T23:20:13Z,0,0,0,0,0,0,17,852.3,17.2,17.4,86.5,260,252,0,0.5,179,1.3,1.3,17.4,15.8,13.2
2026-08-22T23:35:22Z,0,0,0,0,0,0,17,852.3,17.2,17.4,86.2,259,253,0,1.9,172,2.8,2.8,17.4,15.7,13.1
2026-08-22T23:50:31Z,0,0,0,0,0,0,16.9,852.2,17.1,17.4,85.6,259,254,0,1.2,174,2.2,2.2,17.4,15.7,13.1
2026-08-23T00:00:37Z,0,0,0,0,0,0,16.9,852.3,17.1,17.3,85.4,261,253,0,1,181,2.2,2.2,17.3,15.6,13.1
2026-08-23T00:16:04Z,0,0,0,0,0,0,16.8,852.3,17,17.3,85.2,259,254,0,0.2,97,0.9,0.9,17.3,15.5,13
2026-08-23T00:31:14Z,0,0,0,0,0,0,16.8,852.4,17,17.3,85.2,261,254,0,0.4,99,1.1,1.1,17.3,15.5,13
2026-08-23T00:46:23Z,0,0,0,0,0,0,16.8,852.5,16.9,17.2,85.7,260,254,0,0.2,92,0.7,0.7,17.2,15.5,13
2026-08-23T01:01:32Z,0,0,0,0,0,0,16.7,852.4,16.8,17.1,86,260,253,0,0,92,0,0,17.1,15.5,12.9
2026-08-23T01:16:41Z,0,0,0,0,0,0,16.7,852.4,16.9,17.1,85.8,261,254,0,1.3,172,2.4,2.4,17.1,15.4,12.9
2026-08-23T01:32:07Z,0,0,0,0,0,0,16.6,852.4,16.7,17,86,260,253,0,0.5,172,1.1,1.1,17,15.4,12.8
2026-08-23T01:47:16Z,0,0,0,0,0,0,16.3,852.5,16.4,16.7,86.4,259,254,0,0.3,208,1.1,1.1,16.7,15.1,12.5
2026-08-23T02:02:26Z,0,0,0,0,0,0,16.1,852.5,16.3,16.6,86.5,259,254,0,0.3,107,1.3,1.3,16.6,15,12.4
2026-08-23T02:17:35Z,0,0,0,0,0,0,16.1,852.6,16.3,16.5,86.7,262,254,0,0.5,130,1.1,1.1,16.5,15,12.3
2026-08-23T02:32:44Z,0,0,0,0,0,0,16.2,852.8,16.4,16.6,86.3,258,254,0,0.6,190,1.7,1.7,16.6,15,12.4
2026-08-23T02:48:10Z,0,0,0,0,0,0,16.3,852.9,16.4,16.7,85.9,260,253,0,0.1,177,0.7,0.7,16.7,15,12.4
2026-08-23T03:03:20Z,0,0,0,0,0,0,16.3,853.2,16.4,16.7,85.8,260,254,0,0,177,0,0,16.7,15,12.5
2026-08-23T03:18:29Z,0,0,0,0,0,0,16.3,853.2,16.5,16.7,85.8,260,256,0,0.2,177,0.9,0.9,16.7,15,12.4
2026-08-23T03:33:38Z,0,0,0,0,0,0,16.2,853.4,16.3,16.6,85.9,262,275,0,0.3,177,1.3,1.3,16.5,14.9,12.3
2026-08-23T03:48:47Z,0,0,0,0.1,0,0,16.2,853.5,16.4,16.6,86,272,413,0,0.7,177,1.3,1.3,16.6,15,12.4
2026-08-23T04:04:13Z,0,0,0,0.1,0,0,16.3,853.8,16.4,16.7,85.6,271,369,0,0.1,177,0.4,0.4,16.7,15,12.5
2026-08-23T04:19:23Z,0,0,0,0.1,0,0,16.4,854.1,16.5,16.8,85.4,279,459,0,0.1,177,0.7,0.7,16.8,15.1,12.6
2026-08-23T04:34:32Z,0,0,0,0.2,0,0,16.6,854.2,16.7,17,85.1,288,566,0,0,95,0,0,17,15.2,12.8
2026-08-23T04:49:41Z,0,0,0,0.3,0,0,17,854.3,17.2,17.4,83.9,313,817,0,0,95,0,0,17.3,15.4,13.1
2026-08-23T05:04:50Z,0,0,0,0.5,0,0,17.5,854.7,17.6,17.9,81.9,343,1167,0,0,95,0,0,17.8,15.7,13.6
2026-08-23T05:20:16Z,0,0,0,0.4,0,0,17.8,854.8,17.9,18,81,337,1097,0,0.2,95,0.5,0.5,18,15.7,13.7
2026-08-23T05:35:25Z,0,0,0,0.7,0,0,18.2,855,18.2,18.5,79.9,384,1622,0,0,95,0,0,18.5,16,14.1
2026-08-23T05:50:34Z,0,0,0,0.7,0,0,18.9,855.1,19.1,19.3,76.7,386,1625,0,0,95,0,0,19.3,16.5,14.9
2026-08-23T06:05:43Z,0,0,0,0.9,0,0,19.2,855.2,19.5,19.7,74.9,415,1925,0,0.2,95,0.7,0.7,19.7,16.6,15.3
2026-08-23T06:20:51Z,0,0,0,1.2,0,0,20,855.1,20.2,20.2,73.6,491,2778,0,0.2,95,0.7,0.7,20.2,16.9,15.7
2026-08-23T06:36:20Z,0,0,0,1.4,0,0,19.6,855,19.9,19.6,74.6,525,3120,0,0.2,95,0.7,0.7,19.6,16.5,15.2
2026-08-23T06:51:38Z,0,0,0,1.7,0,0,20.8,855.1,21.2,20.9,71.4,582,3741,0,0.1,95,0.2,0.2,20.9,17.3,16.4
2026-08-23T07:06:47Z,0,0,0,1.5,0,0,21.8,855,22.1,21.7,68.3,544,3372,0,0.5,95,1.3,1.3,21.7,17.6,17.1
2026-08-23T07:21:55Z,0,0,0,1.3,0,0,22,855,21.9,22.4,64.4,505,2824,0,1,95,1.7,1.7,22.3,17.7,17.6
2026-08-23T07:37:23Z,0,0,0,1.3,0,0,23.6,854.7,23.8,23.2,62.9,505,2804,0,0.1,95,0.4,0.4,23.2,18.3,18.3
2026-08-23T07:52:31Z,0,0,0,1.1,0,0,22.8,854.7,22.5,22.4,63.7,469,2465,0,0.6,95,1.3,1.3,22.4,17.7,17.7
2026-08-23T08:07:40Z,0,0,0,1.2,0,0,22.7,854.6,22.9,22.5,62.6,484,2528,0,0.1,95,0.7,0.7,22.4,17.6,17.7
2026-08-23T08:22:49Z,0,0,0,1,0,0,22.8,854.4,22.7,22.9,62.7,442,2191,0,0.6,95,1.7,1.7,22.8,18,18
2026-08-23T08:37:58Z,0,0,0,1.4,0,0,23.6,854.2,23.8,23.8,58.6,525,3061,0,0.7,95,1.5,1.5,23.8,18.3,18.8
2026-08-23T08:53:26Z,0,0,0,1.5,0,0,23.4,853.9,23.3,23.5,58.2,537,3135,0,0.6,95,1.1,1.1,23.5,17.9,18.6
2026-08-23T09:08:34Z,0,0,0,1.3,0,0,25.1,853.5,25,25.3,53.1,505,2628,0,1,95,1.5,1.5,25.3,18.8,20
2026-08-23T09:23:43Z,0,0,0,4,0,0,25.4,853.5,25.3,25.9,51.4,1002,8506,0,0.7,74,1.7,1.7,25.9,19,20.5
2026-08-23T09:38:52Z,0,0,0,1.2,0,0,23.6,853.1,24.2,24.4,53.8,476,2432,0,0.4,83,1.3,1.3,24.3,18,19.2
2026-08-23T09:54:01Z,0,0,0,4,0,0,25.2,852.8,25.6,25.3,52.9,995,8272,0,0,83,0,0,25.2,18.7,20
2026-08-23T10:09:29Z,0,0,0,3.7,0,0,27.2,852.5,27.2,27.6,44.5,953,7715,0,0.7,79,1.1,1.1,27.6,19.3,21.7
2026-08-23T10:24:38Z,0,0,0,3.1,0,0,26.5,852.2,26.9,27.2,44.8,829,6333,0,0.1,84,1.1,1.1,27.3,19,21.5
2026-08-23T10:40:38Z,0,0,0,3.9,0,0,26.4,851.7,26.4,27.1,45,989,8259,0,0.2,82,1.4,1.4,27.2,18.9,21.4
2026-08-23T10:55:46Z,0,0,0,3.5,0,0,27.6,851.5,27.4,28.5,42.1,920,7788,0,1.7,64,2.4,2.4,28.2,19.6,22.2
2026-08-23T11:10:55Z,0,0,0,2.4,0,0,26.7,851.3,27.2,27.3,44.4,703,5051,0,0,81,0,0,27.3,19,21.5
2026-08-23T11:26:01Z,0,0,0,0.9,0,0,26,851.2,26.3,26.8,44.4,429,2091,0,0.3,86,1.2,1.2,26.9,18.6,21.2
2026-08-23T11:41:25Z,0,0,0,0.9,0,0,25.8,851,26.1,26.4,44,421,1961,0,0.5,86,1.1,1.1,26.3,18.2,20.7
2026-08-23T11:56:34Z,0,0,0,2.7,0,0,26.1,850.7,26.4,26.5,44.3,762,5844,0,1.4,86,2.6,2.6,26.5,18.4,20.9
2026-08-23T12:11:43Z,0,0,0,2.8,0,0,27,850.5,26.9,27.1,42.7,770,5903,0,1.6,70,3.3,3.3,27.1,18.6,21.4
2026-08-23T12:26:52Z,0,0,0,2.8,0,0,27.6,850.4,28.1,28.3,40.6,772,6006,0,1.5,114,2.6,2.6,28,19.2,22
2026-08-23T12:42:01Z,0,0,0,0.5,0,0,26.5,850.3,26.9,27.3,41.8,343,1078,0,0.6,96,1.3,1.3,27.2,18.6,21.4
2026-08-23T12:57:28Z,0,0,0,0.4,0,0,26.3,850.2,26.5,26.8,43.6,337,946,0,0,96,0.2,0.2,26.9,18.5,21.2
2026-08-23T13:12:36Z,0,0,0,1.9,0,0,27.2,850,27.9,28.1,39.9,608,4124,0,0.2,190,1.1,1.1,27.8,18.9,21.8
2026-08-23T13:27:44Z,0,0,0,1.7,0,0,27.7,850,28.1,28.6,39.8,572,3837,0,0.4,76,1.5,1.5,28.2,19.3,22.2
2026-08-23T13:42:52Z,0,0,0,0.3,0,0,26,850.1,26.4,26.5,44.2,316,746,0,0,179,0,0,26.5,18.3,20.9
2026-08-23T13:58:00Z,0,0,0,0.6,0,0,25.7,850.2,25.9,26.1,45.3,363,1352,0,0.2,81,0.9,0.9,26,18.2,20.5
2026-08-23T14:13:09Z,0,0,0,0.3,0,0,25.7,850.2,25.9,26.1,45.5,318,813,0,0.1,132,0.4,0.4,26,18.2,20.5
2026-08-23T14:28:31Z,0,0,0,0.4,0,0,25.6,850.3,25.8,26,45.2,330,988,0,1,125,3.7,3.7,25.9,18.1,20.5
2026-08-23T14:43:39Z,0,0,0,0.2,0,0,25.3,850.4,25.5,25.7,45.7,295,568,0,0.6,112,1.5,1.5,25.6,17.9,20.2
2026-08-23T14:58:47Z,0,0,0,0.1,0,0,24.9,850.5,25.1,25.2,47.5,276,379,0,0,163,0.4,0.4,25.1,17.8,19.9
2026-08-23T15:13:54Z,0,0,0,0.1,0,0,24.6,850.7,24.7,24.9,47.8,270,326,0,0.4,122,1.1,1.1,24.8,17.6,19.6
2026-08-23T15:29:02Z,0,0,0,0,0,0,24.1,850.8,24.2,24.5,49.3,265,280,0,0.6,123,2.4,2.4,24.4,17.4,19.3
2026-08-23T15:44:10Z,0,0,0,0,0,0,23.8,850.9,23.9,24.1,50.7,259,257,0,0.6,117,2,2,24,17.3,18.9
2026-08-23T15:59:35Z,0,0,0,0,0,0,23.3,850.9,23.4,23.6,52.1,261,253,0,0.1,131,0.9,0.9,23.5,17.1,18.6
2026-08-23T16:14:44Z,0,0,0,0,0,0,22.9,851.2,23.1,23.3,53.9,260,252,0,0.3,166,1.7,1.7,23.2,17.1,18.3
2026-08-23T16:29:53Z,0,0,0,0,0,0,22.7,851.4,22.9,23,55.1,262,253,0,1,129,1.7,1.7,22.9,17,18.1
2026-08-23T16:45:02Z,0,0,0,0,0,0,22.4,851.7,22.6,22.8,56.5,260,252,0,0.6,125,1.1,1.1,22.7,17,17.9
2026-08-23T17:00:12Z,0,0,0,0,0,0,22.2,851.9,22.3,22.5,58,262,253,0,0.6,167,1.5,1.5,22.4,17,17.6
2026-08-23T17:15:38Z,0,0,0,0,0,0,21.8,852.1,22,22.1,59.4,260,252,0,1,169,1.7,1.7,22,16.8,17.3
2026-08-23T17:30:47Z,0,0,0,0,0,0,21.4,852.3,21.6,21.8,60.7,261,255,0,0.1,166,0.7,0.7,21.7,16.7,17.1
2026-08-23T17:45:57Z,0,0,0,0,0,0,21.3,852.6,21.4,21.6,61.9,261,252,0,0.4,166,1.1,1.1,21.5,16.7,16.9
2026-08-23T18:01:06Z,0,0,0,0,0,0,21,852.9,21.1,21.3,64.6,261,253,0,1.3,175,3.1,3.1,21.2,16.8,16.7
2026-08-23T18:16:15Z,0,0,0,0,0,0,20.7,852.9,20.9,21.1,66.7,259,253,0,0.6,164,1.3,1.3,21,16.9,16.5
2026-08-23T18:31:47Z,0,0,0,0,0,0,20.5,853.1,20.6,20.9,68.2,260,254,0,0.5,158,1.1,1.1,20.8,16.9,16.3
2026-08-23T18:46:56Z,0,0,0,0,0,0,20.3,853.4,20.4,20.7,68.9,259,253,0,1,154,2.4,2.4,20.7,16.8,16.1
2026-08-23T19:02:05Z,0,0,0,0,0,0,20.1,853.8,20.2,20.5,69.5,262,252,0,0.1,156,0.4,0.4,20.4,16.6,15.9
2026-08-23T19:17:14Z,0,0,0,0,0,0,20.1,854,20.2,20.5,69.2,260,253,0,0.1,111,0.4,0.4,20.4,16.6,15.9
2026-08-23T19:32:24Z,0,0,0,0,0,0,20,854,20.1,20.3,69.1,260,252,0,0.1,119,0.4,0.4,20.3,16.5,15.8
2026-08-23T19:47:46Z,0,0,0,0,0,0,19.7,854.1,19.9,20.1,69.8,258,253,0,0.2,167,0.7,0.7,20.1,16.4,15.6
2026-08-23T20:02:55Z,0,0,0,0,0,0,19.4,854,19.6,19.8,71,259,255,0,0.9,105,2,2,19.8,16.2,15.3
2026-08-23T20:18:04Z,0,0,0,0,0,0,19.1,853.8,19.2,19.5,72.5,260,253,0,0.3,117,0.9,0.9,19.4,16.1,15
2026-08-23T20:33:13Z,0,0,0,0,0,0,18.7,853.8,18.9,19.2,73.9,260,254,0,0.5,126,1.3,1.3,19.1,16,14.8
2026-08-23T20:49:47Z,0,0,0,0,0,0,18.4,853.6,18.6,18.8,75.6,260,253,0,0,126,0.4,0.4,18.8,15.9,14.5
2026-08-23T21:04:56Z,0,0,0,0,0,0,18.1,853.3,18.3,18.6,76.9,260,254,0,0.1,121,0.2,0.2,18.5,15.8,14.2
2026-08-23T21:20:05Z,0,0,0,0,0,0,17.9,853.1,18,18.3,78.7,259,254,0,0,133,0,0,18.2,15.7,13.9
2026-08-23T21:35:15Z,0,0,0,0,0,0,17.5,853.1,17.7,17.9,79.9,261,252,0,0,133,0.2,0.2,17.9,15.5,13.6
2026-08-23T21:50:43Z,0,0,0,0,0,0,17.4,852.9,17.6,17.7,81.3,260,253,0,0,133,0,0,17.7,15.5,13.4
2026-08-23T22:05:53Z,0,0,0,0,0,0,17.4,852.8,17.6,17.7,81.4,260,253,0,0,133,0,0,17.7,15.5,13.4
2026-08-23T22:21:02Z,0,0,0,0,0,0,17.3,852.9,17.4,17.6,81.9,260,252,0,0.4,132,0.9,0.9,17.6,15.5,13.4
2026-08-23T22:36:12Z,0,0,0,0,0,0,17.3,852.8,17.5,17.6,81.8,261,254,0,0.2,121,1.2,1.2,17.6,15.5,13.4
2026-08-23T22:51:22Z,0,0,0,0,0,0,17.4,852.7,17.5,17.7,81.4,259,252,0,0.2,74,0.7,0.7,17.7,15.5,13.5
2026-08-23T23:06:45Z,0,0,0,0,0,0,17.2,852.5,17.4,17.6,81.5,260,253,0,0,127,0,0,17.6,15.4,13.3
2026-08-23T23:21:55Z,0,0,0,0,0,0,17,852.4,17.1,17.4,82.2,261,253,0,0,127,0,0,17.4,15.3,13.1
2026-08-23T23:37:05Z,0,0,0,0,0,0,16.6,852.4,16.8,17,83.4,259,254,0,0,127,0,0,17,15,12.7
2026-08-23T23:52:16Z,0,0,0,0,0,0,16.3,852.1,16.4,16.6,84.6,262,253,0,0,127,0,0,16.6,14.8,12.4
2026-08-24T00:00:21Z,0,0,0,0,0,0,16.2,852.2,16.3,16.5,85.6,261,254,0,0,127,0,0,16.5,14.8,12.3
2026-08-24T00:15:31Z,0,0,0,0,0,0,15.9,852.3,16.2,16.3,87,258,253,0,0,127,0,0,16.3,14.8,12.1
2026-08-24T00:30:53Z,0,0,0,0,0,0,16,852.3,16.2,16.3,87.5,260,253,0,0,127,0,0,16.3,14.8,12.1
2026-08-24T00:46:02Z,0,0,0,0,0,0,15.8,852.5,16.1,16.2,87.9,260,254,0,0,127,0,0,16.2,14.8,12
2026-08-24T01:01:11Z,0,0,0,0,0,0,16,852.6,16.2,16.5,87.8,261,252,0,0,127,0,0,16.5,15.1,12.3
2026-08-24T01:16:19Z,0,0,0,0,0,0,16.3,852.6,16.4,16.7,87.6,260,255,0,0,127,0,0,16.7,15.3,12.5
2026-08-24T01:31:27Z,0,0,0,0,0,0,16.4,852.6,16.5,16.8,87.7,262,253,0,0,127,0,0,16.8,15.3,12.6
2026-08-24T01:46:57Z,0,0,0,0,0,0,16.4,852.7,16.6,16.8,88.1,260,254,0,0,127,0,0,16.8,15.4,12.6
2026-08-24T02:02:06Z,0,0,0,0,0,0,16.5,852.8,16.7,16.9,88.6,261,255,0,0,127,0,0,16.9,15.5,12.7
2026-08-24T02:17:22Z,0,0,0,0,0,0,16.5,852.7,16.6,16.9,88.4,260,253,0,0,127,0,0,17,15.6,12.7
2026-08-24T02:32:31Z,0,0,0,0,0,0,16.6,852.8,16.7,16.9,88.5,260,253,0,0,127,0,0,17,15.6,12.7
2026-08-24T02:47:59Z,0,0,0,0,0,0,16.5,853,16.7,16.9,88.4,259,253,0,0,127,0,0,17,15.6,12.7
2026-08-24T03:03:09Z,0,0,0,0,0,0,16.6,853.1,16.6,16.9,88.4,261,253,0,0,127,0,0,16.9,15.5,12.7
2026-08-24T03:18:18Z,0,0,0,0,0,0,16.6,853.2,16.7,17,88.5,260,254,0,0,127,0,0,17,15.6,12.8
2026-08-24T03:33:27Z,0,0,0,0,0,0,16.6,853.4,16.7,17,88.6,261,274,0,0,127,0.2,0.2,17,15.6,12.8
2026-08-24T03:48:53Z,0,0,0,0.1,0,0,16.6,853.4,16.8,17,89,272,371,0,0.1,127,0.4,0.4,17,15.7,12.8
2026-08-24T04:04:02Z,0,0,0,0.2,0,0,16.7,853.5,16.9,17.1,88.9,287,565,0,0,127,0,0,17.1,15.8,12.9
2026-08-24T04:19:11Z,0,0,0,0.2,0,0,17,853.6,17.1,17.3,87.6,302,704,0,0.2,127,0.4,0.4,17.4,15.8,13.1
2026-08-24T04:34:20Z,0,0,0,0.4,0,0,17.4,853.8,17.6,17.7,85.5,324,961,0,0,127,0,0,17.8,16,13.5
2026-08-24T04:49:30Z,0,0,0,0.4,0,0,17.7,853.9,17.9,18.1,84.1,331,1046,0,0.3,127,0.7,0.7,18.1,16.2,13.8
2026-08-24T05:04:55Z,0,0,0,0.4,0,0,18,854,18.2,18.5,83.3,339,1117,0,0.1,127,0.4,0.4,18.5,16.4,14.2
2026-08-24T05:20:03Z,0,0,0,0.5,0,0,18.2,854.2,18.6,18.7,82.1,349,1223,0,0.4,127,1.1,1.1,18.8,16.6,14.4
2026-08-24T05:35:03Z,0,0,0,0.5,0,0,18.5,854.3,18.7,18.9,81.8,355,1295,0,0.1,127,0.4,0.4,19,16.7,14.6
2026-08-24T05:50:12Z,0,0,0,0.8,0,0,18.6,854.5,18.8,19.1,81.1,400,1785,0,0.4,127,1.1,1.1,19.1,16.8,14.8
2026-08-24T06:05:20Z,0,0,0,0.9,0,0,18.8,854.7,19,19.3,79.7,419,1994,0,0.5,123,0.9,0.9,19.3,16.8,15
2026-08-24T06:20:29Z,0,0,0,1,0,0,19,854.6,19.4,19.5,78.4,443,2250,0,0.7,169,1.1,1.1,19.6,16.9,15.2
2026-08-24T06:35:38Z,0,0,0,1.4,0,0,20,854.8,20.2,20.4,76.3,511,3018,0,0,169,0,0,20.5,17.5,16
2026-08-24T06:51:00Z,0,0,0,1.4,0,0,21.1,854.8,21.6,21.5,71.3,523,3093,0,0.4,123,0.9,0.9,21.5,17.8,16.9
2026-08-24T07:06:09Z,0,0,0,0.9,0,0,20.8,854.7,21.4,21.2,70.3,427,2052,0,0.6,122,1.3,1.3,21.2,17.5,16.6
2026-08-24T07:21:18Z,0,0,0,0.9,0,0,20.9,854.8,21.4,21.5,70.4,422,1944,0,0,184,0,0,21.5,17.7,16.9
2026-08-24T07:36:28Z,0,0,0,3.5,0,0,22.8,854.8,22.9,22.8,63.6,915,7507,0,0.9,160,1.3,1.3,22.8,18,18
2026-08-24T07:51:37Z,0,0,0,4,0,0,23.7,854.7,24.6,24.1,60.2,1000,8565,0,0.2,153,0.7,0.7,24.1,18.7,19.1
2026-08-24T08:07:03Z,0,0,0,4,0,0,25.6,854.5,26.1,26.2,50.8,996,8326,0,0.6,80,1.7,1.7,26.2,19.1,20.7
2026-08-24T08:22:11Z,0,0,0,2.7,0,0,23.7,854.2,23.6,23.2,59,758,5644,0,0.2,326,0.7,0.7,23.2,17.7,18.3
2026-08-24T08:37:20Z,0,0,0,3.9,0,0,25.1,853.9,25.4,24.9,54.5,993,8241,0,0.9,154,1.7,1.7,24.9,18.6,19.7
2026-08-24T08:52:28Z,0,0,0,4.3,0,0,25.5,853.7,25.9,25.7,48.3,1058,9005,0,0.3,172,1.1,1.1,25.6,18.3,20.2
2026-08-24T09:07:38Z,0,0,0,1.3,0,0,25.3,853.6,25.9,26,47.7,493,2724,0,0.9,154,1.7,1.7,26,18.5,20.5
2026-08-24T09:23:12Z,0,0,0,1,0,0,24.5,853.4,24.6,24.3,52.7,446,2214,0,1.5,261,2.2,2.2,24.2,17.8,19.1
2026-08-24T09:39:12Z,0,0,0,1.2,0,0,24.7,853.1,25.1,24.9,52.1,480,2466,0,0.1,231,0.9,0.9,24.8,18.2,19.6
2026-08-24T09:54:21Z,0,0,0,4,0,0,25.7,852.7,25.9,25.7,48.4,1008,8451,0,0.1,112,0.7,0.7,25.6,18.3,20.3
2026-08-24T10:10:17Z,0,0,0,4,0,0,25.7,852.3,26.1,26.3,45.3,1003,8390,0,1.2,107,2.2,2.2,26.3,18.4,20.7
2026-08-24T10:25:20Z,0,0,0,3.3,0,0,26.5,852.1,27.2,26.7,43.7,867,6784,0,0.5,152,1.1,1.1,26.6,18.4,21
2026-08-24T10:40:43Z,0,0,0,1.1,0,0,27.3,851.8,27.8,27.9,42,468,2282,0,0.2,90,0.7,0.7,27.7,19.1,21.8
2026-08-24T10:55:52Z,0,0,0,0.6,0,0,26.5,851.5,26.8,27.3,41.2,363,1186,0,1.3,154,2.8,2.8,27.1,18.4,21.4
2026-08-24T11:11:01Z,0,0,0,3.2,0,0,27.2,851.3,27.1,27.8,38.5,862,6776,0,1,68,2,2,27.4,18.4,21.6
2026-08-24T11:26:11Z,0,0,0,3.1,0,0,28.6,851,28.9,29.3,36.6,837,6508,0,0.5,51,1.3,1.3,28.6,19.2,22.5
2026-08-24T11:41:20Z,0,0,0,3,0,0,28,850.7,28.4,28.9,35.9,812,6261,0,1.1,92,2,2,28.1,18.7,22.1
2026-08-24T11:56:46Z,0,0,0,2.8,0,0,27.7,850.4,28.2,28.1,36.2,770,5832,0,0,263,0.2,0.2,27.5,18.2,21.7
2026-08-24T12:11:56Z,0,0,0,2.5,0,0,28.4,850.2,28.6,29.4,33.5,732,5395,0,0.4,182,1,1,28.4,18.6,22.3
2026-08-24T12:27:05Z,0,0,0,2.3,0,0,28.3,849.9,28.6,28.9,34.5,690,4954,0,0.3,152,0.9,0.9,28.1,18.5,22.1
2026-08-24T12:42:14Z,0,0,0,2.1,0,0,29.7,849.7,29.9,30.9,31.7,655,4607,0,0.2,204,2.8,2.8,29.8,19.4,23.2
2026-08-24T12:57:23Z,0,0,0,0.5,0,0,27.2,849.6,27.5,27.7,35,343,980,0,0.8,70,1.5,1.5,27.1,17.7,21.4
2026-08-24T13:12:49Z,0,0,0,1.7,0,0,28.2,849.6,28.8,29,32.6,573,3713,0,0.2,167,0.9,0.9,28,18.1,22
2026-08-24T13:27:54Z,0,0,0,1.5,0,0,28.1,849.6,28.6,29,33.1,536,3341,0,0.2,113,1.1,1.1,28.1,18.3,22.1
2026-08-24T13:43:03Z,0,0,0,1.2,0,0,28.1,849.7,28.4,29.2,35.2,476,2723,0,1.1,69,2.6,2.6,28.4,18.9,22.3
2026-08-24T13:58:12Z,0,0,0,0.9,0,0,27.9,849.7,28.3,29,34.4,428,2157,0,0.2,141,1.1,1.1,28.2,18.5,22.1
2026-08-24T14:13:21Z,0,0,0,0.4,0,0,27.2,849.9,27.6,28.2,37.1,334,995,0,0.2,138,0.9,0.9,27.6,18.4,21.7
2026-08-24T14:28:31Z,0,0,0,0.2,0,0,26.5,849.9,26.6,27,39.8,304,647,0,1.4,90,2,2,26.9,18,21.2
2026-08-24T14:43:52Z,0,0,0,0.2,0,0,25.7,850,25.8,26,41.6,289,468,0,1.1,92,2.6,2.6,25.9,17.5,20.5
2026-08-24T14:59:02Z,0,0,0,0.1,0,0,25.1,850.2,25.2,25.5,43.3,280,407,0,0.4,111,1.3,1.3,25.4,17.3,20
2026-08-24T15:14:12Z,0,0,0,0.1,0,0,24.6,850.3,24.8,24.9,44,274,349,0,0.4,77,0.9,0.9,24.7,17,19.6
2026-08-24T15:30:02Z,0,0,0,0.1,0,0,24.1,850.4,24.3,24.4,45.4,266,291,0,0.3,147,1.1,1.1,24.2,16.8,19.2
2026-08-24T15:45:12Z,0,0,0,0,0,0,23.7,850.4,23.9,24,46.1,262,258,0,0.4,172,1.5,1.5,23.8,16.6,18.8
2026-08-24T16:00:21Z,0,0,0,0,0,0,23.3,850.6,23.4,23.6,47.6,260,254,0,0.4,140,0.7,0.7,23.4,16.4,18.5
2026-08-24T16:16:02Z,0,0,0,0,0,0,22.9,850.8,23,23.2,49.6,260,254,0,0.3,116,1.5,1.5,23.1,16.4,18.2
2026-08-24T16:31:11Z,0,0,0,0,0,0,22.6,851.1,22.8,22.9,50.8,260,253,0,0,160,0,0,22.8,16.3,17.9
2026-08-24T16:46:20Z,0,0,0,0,0,0,22.3,851.3,22.4,22.6,51.9,260,254,0,0,178,0.2,0.2,22.5,16.2,17.7
2026-08-24T17:01:29Z,0,0,0,0,0,0,22,851.6,22.1,22.3,52.5,261,255,0,0.2,116,0.5,0.5,22.1,16,17.4
2026-08-24T17:16:51Z,0,0,0,0,0,0,21.7,851.8,21.9,22.1,54.1,260,253,0,0.9,147,2.4,2.4,21.9,16.1,17.2
2026-08-24T17:32:00Z,0,0,0,0,0,0,21.4,851.9,21.6,21.8,55.5,260,253,0,0.3,135,1.3,1.3,21.6,16,17
2026-08-24T17:47:09Z,0,0,0,0,0,0,20.8,852.2,21,21.2,57.3,260,253,0,0.9,169,3.1,3.1,21.1,15.8,16.5
2026-08-24T18:02:17Z,0,0,0,0,0,0,20.5,852.5,20.6,20.8,58.9,261,254,0,0.7,166,1.5,1.5,20.7,15.6,16.2
2026-08-24T18:17:25Z,0,0,0,0,0,0,20.2,852.8,20.4,20.6,59.7,260,253,0,0.1,147,0.7,0.7,20.5,15.5,16
2026-08-24T18:32:54Z,0,0,0,0,0,0,19.8,853.1,19.9,20.2,61,261,253,0,0.3,110,2,2,20.1,15.3,15.6
2026-08-24T18:48:02Z,0,0,0,0,0,0,19.6,853.3,19.8,20,61.7,260,253,0,0.1,191,0.7,0.7,19.9,15.3,15.4
2026-08-24T19:03:11Z,0,0,0,0,0,0,19.4,853.5,19.6,19.9,62.4,259,253,0,0.2,169,0.9,0.9,19.7,15.2,15.3
2026-08-24T19:18:19Z,0,0,0,0,0,0,18.9,853.5,19.1,19.4,63.8,260,253,0,0.3,122,1.3,1.3,19.2,14.9,14.8
2026-08-24T19:34:03Z,0,0,0,0,0,0,18.6,853.6,18.8,19,64.9,261,253,0,0.4,170,1.5,1.5,18.8,14.7,14.5
2026-08-24T19:49:12Z,0,0,0,0,0,0,18.4,853.6,18.5,18.8,65.9,259,254,0,0,153,0,0,18.6,14.6,14.3
2026-08-24T20:04:20Z,0,0,0,0,0,0,18,853.7,18.2,18.4,67.2,261,253,0,0,126,0,0,18.3,14.5,14
2026-08-24T20:19:29Z,0,0,0,0,0,0,17.7,853.8,17.9,18.1,68.5,261,253,0,0,74,0.2,0.2,17.9,14.3,13.7
2026-08-24T20:34:37Z,0,0,0,0,0,0,17.5,853.9,17.7,17.9,69.7,260,254,0,0.6,118,2.4,2.4,17.8,14.3,13.5
2026-08-24T20:50:00Z,0,0,0,0,0,0,17.4,853.7,17.6,17.8,70.2,260,252,0,0.5,164,0.9,0.9,17.6,14.2,13.4
2026-08-24T21:05:08Z,0,0,0,0,0,0,17.1,853.6,17.3,17.5,71.1,261,253,0,0.7,110,1.5,1.5,17.4,14.1,13.1
2026-08-24T21:20:18Z,0,0,0,0,0,0,16.8,853.6,17,17.3,72.2,260,255,0,0.1,126,0.9,0.9,17.1,14,12.9
2026-08-24T21:35:26Z,0,0,0,0,0,0,16.7,853.4,16.8,17,73.1,260,254,0,0.3,128,0.7,0.7,16.9,13.9,12.7
2026-08-24T21:50:35Z,0,0,0,0,0,0,16.4,853.2,16.6,16.8,74,260,254,0,0,128,0,0,16.6,13.8,12.4
2026-08-24T22:06:02Z,0,0,0,0,0,0,16.1,853.1,16.3,16.5,75.1,260,255,0,0,128,0,0,16.4,13.6,12.1
2026-08-24T22:21:12Z,0,0,0,0,0,0,16.1,853,16.3,16.5,75.1,261,253,0,0.1,128,0.7,0.7,16.4,13.6,12.2
2026-08-24T22:36:20Z,0,0,0,0,0,0,16,852.8,16.2,16.4,75.3,259,254,0,0,88,0,0,16.3,13.6,12
2026-08-24T22:51:30Z,0,0,0,0,0,0,15.8,852.6,16.1,16.2,76.2,261,252,0,0,79,0.2,0.2,16.1,13.5,11.9
2026-08-24T23:06:39Z,0,0,0,0,0,0,15.7,852.5,16.1,16.1,76.6,260,253,0,0.2,139,0.7,0.7,15.9,13.4,11.7
2026-08-24T23:22:06Z,0,0,0,0,0,0,15.4,852.3,15.7,15.8,77.6,259,253,0,0,139,0,0,15.6,13.2,11.4
2026-08-24T23:37:14Z,0,0,0,0,0,0,14.9,852.2,15.2,15.3,79.7,261,253,0,0,139,0,0,15.1,12.9,10.9
2026-08-24T23:52:23Z,0,0,0,0,0,0,14.6,852.1,14.9,15.1,80.8,260,253,0,0,139,0,0,14.9,12.9,10.7
2026-08-25T00:00:27Z,0,0,0,0,0,0,14.5,852.1,14.8,14.9,81.1,260,253,0,0,139,0,0,14.7,12.8,10.5
2026-08-25T00:15:35Z,0,0,0,0,0,0,14.2,851.9,14.5,14.7,82.4,259,253,0,0,139,0,0,14.5,12.7,10.3
2026-08-25T00:30:44Z,0,0,0,0,0,0,13.9,851.8,14.2,14.4,82.5,260,253,0,0,139,0,0,14.2,12.4,10
2026-08-25T00:46:06Z,0,0,0,0,0,0,13.7,852.1,14,14.2,83.5,260,253,0,0,139,0,0,14,12.3,9.8
2026-08-25T01:01:15Z,0,0,0,0,0,0,13.5,852.1,13.9,14,84.5,260,254,0,0,139,0,0,13.8,12.3,9.6
2026-08-25T01:16:24Z,0,0,0,0,0,0,13.3,852,13.7,13.8,85.6,259,252,0,0,139,0,0,13.6,12.2,9.4
2026-08-25T01:31:32Z,0,0,0,0,0,0,13.2,852.2,13.5,13.7,86.2,259,253,0,0,139,0,0,13.5,12.2,9.3
2026-08-25T01:46:41Z,0,0,0,0,0,0,13.2,852.1,13.4,13.6,86.4,260,253,0,0,139,0,0,13.4,12.1,9.2
2026-08-25T02:02:09Z,0,0,0,0,0,0,12.9,852.2,13.2,13.3,86.8,261,255,0,0,139,0,0,13.2,11.9,8.9
2026-08-25T02:17:17Z,0,0,0,0,0,0,12.7,852.3,13,13.1,87.6,259,253,0,0,139,0,0,13,11.8,8.7
2026-08-25T02:32:26Z,0,0,0,0,0,0,12.6,852.4,12.8,13,88.3,261,253,0,0,139,0,0,12.8,11.7,8.6
2026-08-25T02:47:34Z,0,0,0,0,0,0,12.4,852.6,12.7,12.9,88.6,261,253,0,0,139,0,0,12.7,11.6,8.5
2026-08-25T03:02:43Z,0,0,0,0,0,0,12.4,852.6,12.8,12.9,89,260,254,0,0,139,0,0,12.7,11.7,8.5
2026-08-25T03:17:51Z,0,0,0,0,0,0,12.5,852.8,12.9,13,88.8,259,255,0,0,139,0,0,12.9,11.8,8.6
2026-08-25T03:33:13Z,0,0,0,0,0,0,12.7,853,13.1,13.2,88.7,263,274,0,0,139,0,0,13,11.9,8.8
2026-08-25T03:48:22Z,0,0,0,0.1,0,0,12.9,853,13.2,13.3,88.4,273,410,0,0,139,0,0,13.2,12,8.9
2026-08-25T04:03:30Z,0,0,0,0.1,0,0,13.5,853.3,13.8,13.8,88.7,282,505,0,0,139,0,0,13.6,12.5,9.4
2026-08-25T04:18:39Z,0,0,0,0.2,0,0,14.2,853.5,14.5,14.5,87,301,734,0,0,139,0,0,14.4,13,10.2
2026-08-25T04:33:47Z,0,0,0,0.4,0,0,15.5,853.7,15.8,15.6,82.3,334,1104,0,0,139,0.2,0.2,15.5,13.6,11.3
2026-08-25T04:48:55Z,0,0,0,0.6,0,0,16.3,853.8,16.6,16.6,78.1,378,1647,0,0,139,0,0,16.5,14,12.3
2026-08-25T05:04:16Z,0,0,0,0.7,0,0,17.1,854.2,17,17.2,74.6,391,1754,0,0,61,0,0,17.1,14.2,12.8
2026-08-25T05:19:24Z,0,0,0,1.1,0,0,18.5,854.3,18.8,18.2,71.7,460,2607,0,0.2,151,1.1,1.1,18.1,14.9,13.8
2026-08-25T05:34:32Z,0,0,0,1.4,0,0,19.2,854.4,19.4,19,68.3,508,3101,0,0.1,85,0.4,0.4,18.9,15.2,14.6
2026-08-25T05:49:39Z,0,0,0,1.5,0,0,20.9,854.5,20.9,20.5,63.9,538,3430,0,0.1,98,0.4,0.4,20.4,16,15.9
2026-08-25T06:04:47Z,0,0,0,1.8,0,0,20.5,854.5,20.4,20.7,62.4,593,4027,0,0.5,101,1.3,1.3,20.6,16,16.1
2026-08-25T06:19:54Z,0,0,0,0.9,0,0,19.3,854.6,20.4,19.8,65,431,1994,0,0.4,168,1.3,1.3,19.6,15.4,15.2
2026-08-25T06:35:20Z,0,0,0,2.2,0,0,20,854.6,20.1,20.2,64.1,667,4892,0,0.1,54,0.7,0.7,20.1,15.7,15.6
2026-08-25T06:50:28Z,0,0,0,2.2,0,0,20,854.5,20.7,20.4,62.7,672,4931,0,0.4,122,1.1,1.1,20.3,15.7,15.8
2026-08-25T07:06:27Z,0,0,0,2.7,0,0,21.5,854.5,21.9,21.7,59.4,765,5917,0,0,10,0.4,0.4,21.6,16.5,17
2026-08-25T07:21:34Z,0,0,0,3,0,0,21.6,854.4,21.8,22.1,57.2,819,6515,0,0.3,124,1,1,22,16.5,17.3
2026-08-25T07:36:42Z,0,0,0,2.9,0,0,21.8,854.4,22.6,22.2,55.5,800,6258,0,0,155,0.2,0.2,22.1,16.4,17.3
2026-08-25T07:51:50Z,0,0,0,3.1,0,0,21.8,854.3,22.5,22.1,54,843,6725,0,0.1,143,0.7,0.7,22,16.1,17.3
2026-08-25T08:06:58Z,0,0,0,3.6,0,0,23.4,854.2,23.4,22.9,52.5,926,7636,0,0.5,254,1.5,1.5,22.8,16.6,18
2026-08-25T08:22:25Z,0,0,0,3.4,0,0,23,853.8,23.6,23.4,50.1,898,7326,0,1.2,228,2,2,23.3,16.7,18.4
2026-08-25T08:37:31Z,0,0,0,3.7,0,0,23,853.6,23.6,23.6,48.6,949,7882,0,0.1,170,0.4,0.4,23.4,16.6,18.5
2026-08-25T08:52:40Z,0,0,0,3.7,0,0,24.1,853.4,24.6,24.8,44.5,939,7695,0,0.9,94,1.3,1.3,24.6,16.9,19.4
2026-08-25T09:07:54Z,0,0,0,3.7,0,0,24.2,853.1,24.9,24,46.1,941,7705,0,1.4,243,2.4,2.4,23.9,16.6,18.9
2026-08-25T09:24:25Z,0,0,0,3.7,0,0,24.6,853,25.2,25.3,41.4,940,7722,0,1.3,72,2.6,2.6,25.2,16.9,19.9
2026-08-25T09:39:32Z,0,0,0,3.7,0,0,25,852.8,25.5,25.8,40.7,946,7776,0,0.6,80,1.5,1.5,25.6,17.1,20.2
2026-08-25T09:54:41Z,0,0,0,3.6,0,0,25.5,852.5,26,25.6,40.5,935,7650,0,1.4,224,2.2,2.2,25.5,17,20.1
2026-08-25T10:10:27Z,0,0,0,3.6,0,0,26.2,852.2,26.8,26.8,39,925,7553,0,1,216,2,2,26.7,17.7,21
2026-08-25T10:25:36Z,0,0,0,3.5,0,0,27.1,851.9,26.9,27.7,36.2,905,7323,0,1.2,80,2.2,2.2,27.2,17.9,21.4
2026-08-25T10:40:44Z,0,0,0,3.4,0,0,26.6,851.6,26.9,27.3,36.6,888,7142,0,0.5,178,1.1,1.1,26.9,17.6,21.2
2026-08-25T10:55:53Z,0,0,0,3.3,0,0,26.3,851.5,26.5,27.1,34.8,876,7014,0,0.9,106,2.4,2.4,26.7,17.2,21.1
2026-08-25T11:11:02Z,0,0,0,3.2,0,0,27,851.1,27.6,27.5,34.6,845,6685,0,0.1,114,1,1,26.9,17.4,21.2
2026-08-25T11:26:26Z,0,0,0,3,0,0,27.5,851,27.8,28.2,34,819,6384,0,0.1,139,1.1,1.1,27.4,17.8,21.6
2026-08-25T11:41:35Z,0,0,0,2.8,0,0,27.7,850.8,28.3,28.6,32.7,780,5978,0,0.4,146,1.5,1.5,27.7,17.9,21.8
2026-08-25T11:56:43Z,0,0,0,2.6,0,0,27.6,850.4,27.9,28,34.2,750,5646,0,0.9,55,2,2,27.3,17.7,21.5
2026-08-25T12:11:52Z,0,0,0,2.4,0,0,27.7,850.2,27.7,28.6,32.2,706,5193,0,1.2,74,2.4,2.4,27.7,17.8,21.8
2026-08-25T12:27:01Z,0,0,0,2.3,0,0,27.4,850,27.9,28,35.2,679,4871,0,0.8,191,1.5,1.5,27.3,17.9,21.5
2026-08-25T12:42:35Z,0,0,0,2,0,0,27.9,850,28.2,28.9,32.8,636,4400,0,0,103,0,0,28,18.1,22
2026-08-25T12:57:44Z,0,0,0,1.8,0,0,27.3,849.8,27.6,28.3,32.7,594,3954,0,0.2,106,0.7,0.7,27.5,17.7,21.6
2026-08-25T13:12:52Z,0,0,0,1.6,0,0,27.2,849.7,27.9,28,32.6,549,3488,0,0.3,166,1.3,1.3,27.3,17.4,21.5
2026-08-25T13:28:01Z,0,0,0,1.3,0,0,27.3,849.7,27.8,28.1,33,506,3006,0,0.1,99,0.7,0.7,27.4,17.6,21.6
2026-08-25T13:43:10Z,0,0,0,1.1,0,0,26.7,849.6,27.2,27.5,32,467,2568,0,1.9,172,3.3,3.3,26.8,16.9,21.1
2026-08-25T13:58:31Z,0,0,0,0.9,0,0,26.7,849.6,27.2,27.7,31.4,422,2104,0,0.7,201,1.7,1.7,26.9,16.9,21.2
2026-08-25T14:13:39Z,0,0,0,0.5,0,0,26.3,849.7,26.6,27.1,34.9,342,1115,0,0.9,135,3.1,3.1,26.7,17.2,21.1
2026-08-25T14:28:48Z,0,0,0,0.4,0,0,25.7,849.9,26,26.1,36.8,333,1040,0,0.9,104,2.4,2.4,26,16.7,20.5
2026-08-25T14:43:56Z,0,0,0,0.2,0,0,25.3,849.9,25.4,25.6,37.5,290,481,0,1.9,177,3.5,3.5,25.4,16.4,20
2026-08-25T14:59:05Z,0,0,0,0.1,0,0,24.8,850,24.9,25.2,40.1,283,434,0,1,163,2,2,25,16.5,19.7
2026-08-25T15:14:13Z,0,0,0,0.1,0,0,24.2,850.2,24.4,24.5,41.4,275,370,0,0.2,108,0.9,0.9,24.3,16.2,19.2
2026-08-25T15:29:34Z,0,0,0,0.1,0,0,23.7,850.3,23.9,24.1,42.5,267,303,0,0.2,108,0.7,0.7,23.9,16,18.8
2026-08-25T15:44:42Z,0,0,0,0,0,0,23.3,850.5,23.4,23.6,43.8,261,258,0,0.5,143,1.1,1.1,23.4,15.9,18.5
2026-08-25T15:59:51Z,0,0,0,0,0,0,22.8,850.7,23,23.2,44.8,260,255,0,0.9,114,2.6,2.6,22.9,15.6,18.1
2026-08-25T16:15:00Z,0,0,0,0,0,0,22.3,850.9,22.4,22.7,46,260,253,0,0.5,115,1.3,1.3,22.4,15.4,17.7
2026-08-25T16:30:09Z,0,0,0,0,0,0,21.9,850.9,22.1,22.3,47.5,260,253,0,0.2,115,0.9,0.9,22,15.3,17.3
2026-08-25T16:45:43Z,0,0,0,0,0,0,21.4,851,21.6,21.8,49,261,253,0,0.3,115,1.3,1.3,21.6,15.1,16.9
2026-08-25T17:00:52Z,0,0,0,0,0,0,21.2,851.2,21.4,21.5,50.5,258,253,0,0,120,0.2,0.2,21.3,15.1,16.7
2026-08-25T17:16:44Z,0,0,0,0,0,0,20.8,851.4,21,21.2,52,260,253,0,0.1,185,0.7,0.7,21,15,16.4
2026-08-25T17:31:52Z,0,0,0,0,0,0,20.5,851.6,20.7,20.9,52.8,260,254,0,0.9,118,1.7,1.7,20.6,14.8,16.1
2026-08-25T17:47:01Z,0,0,0,0,0,0,20.3,852,20.4,20.7,53.8,259,252,0,0.4,117,1.3,1.3,20.4,14.8,16
2026-08-25T18:02:10Z,0,0,0,0,0,0,19.9,852.1,20.1,20.3,55.3,261,254,0,0,117,0.2,0.2,20,14.7,15.6
2026-08-25T18:17:19Z,0,0,0,0,0,0,19.7,852.4,19.9,20.1,56,260,254,0,0.1,156,0.7,0.7,19.8,14.5,15.4
2026-08-25T18:32:42Z,0,0,0,0,0,0,19.5,852.6,19.7,19.9,56.6,260,254,0,0,104,0,0,19.6,14.4,15.2
2026-08-25T18:47:51Z,0,0,0,0,0,0,19.2,852.9,19.3,19.5,57.6,261,253,0,0.1,104,0.7,0.7,19.3,14.3,14.9
2026-08-25T19:03:00Z,0,0,0,0,0,0,19,853.2,19.2,19.4,58,261,254,0,0,102,0,0,19.1,14.2,14.8
2026-08-25T19:18:09Z,0,0,0,0,0,0,18.8,853.4,18.9,19.2,58.9,260,254,0,0.3,102,0.9,0.9,18.9,14.1,14.6
2026-08-25T19:33:18Z,0,0,0,0,0,0,18.5,853.7,18.7,18.9,60,261,254,0,0,107,0.2,0.2,18.6,14,14.3
2026-08-25T19:48:44Z,0,0,0,0,0,0,18.3,853.6,18.5,18.7,61,260,253,0,0,107,0.2,0.2,18.5,14,14.2
2026-08-25T20:03:53Z,0,0,0,0,0,0,18,853.9,18.2,18.4,62.4,260,253,0,0.3,107,0.7,0.7,18.2,13.9,13.9
2026-08-25T20:19:02Z,0,0,0,0,0,0,17.6,853.8,17.8,18,63.7,260,254,0,0,107,0,0,17.8,13.7,13.5
2026-08-25T20:34:11Z,0,0,0,0,0,0,17.2,853.7,17.4,17.6,64.9,260,253,0,0,107,0,0,17.4,13.4,13.1
2026-08-25T20:49:21Z,0,0,0,0,0,0,16.9,853.5,17.1,17.2,66.2,261,254,0,0,107,0,0,17,13.3,12.8
2026-08-25T21:04:48Z,0,0,0,0,0,0,16.4,853.4,16.6,16.8,67.9,261,253,0,0,107,0,0,16.5,13,12.3
2026-08-25T21:19:57Z,0,0,0,0,0,0,16.1,853.2,16.2,16.5,69.2,260,254,0,0,107,0,0,16.3,12.9,12.1
2026-08-25T21:35:06Z,0,0,0,0,0,0,15.7,852.9,15.9,16,71.1,261,253,0,0,107,0,0,15.8,12.7,11.6
2026-08-25T21:50:57Z,0,0,0,0,0,0,15.3,852.7,15.6,15.6,72.8,261,254,0,0,107,0,0,15.4,12.5,11.2
2026-08-25T22:06:07Z,0,0,0,0,0,0,14.9,852.6,15.2,15.2,74.2,261,253,0,0,107,0,0,15,12.3,10.8
2026-08-25T22:21:17Z,0,0,0,0,0,0,14.4,852.6,14.6,14.8,75.4,260,254,0,0,107,0,0,14.6,12,10.4
2026-08-25T22:36:26Z,0,0,0,0,0,0,14.1,852.7,14.4,14.5,77.2,261,253,0,0,107,0,0,14.2,11.9,10
2026-08-25T22:51:52Z,0,0,0,0,0,0,14,852.7,14.3,14.5,77.8,260,254,0,0,107,0,0,14.2,12,10
2026-08-25T23:07:01Z,0,0,0,0,0,0,13.7,852.5,13.9,14.2,78.7,260,252,0,0,107,0,0,13.9,11.8,9.7
2026-08-25T23:22:10Z,0,0,0,0,0,0,13.4,852.3,13.8,13.9,79.4,260,253,0,0,107,0,0,13.6,11.6,9.4
2026-08-25T23:37:19Z,0,0,0,0,0,0,13.2,852,13.6,13.8,80.7,260,253,0,0,107,0,0,13.5,11.6,9.3
2026-08-25T23:52:28Z,0,0,0,0,0,0,13.2,851.9,13.6,13.7,80.7,259,253,0,0,107,0,0,13.5,11.6,9.2
2026-08-26T00:00:50Z,0,0,0,0,0,0,13.3,851.9,13.7,13.8,80.2,260,254,0,0,107,0,0,13.6,11.6,9.4
2026-08-26T00:15:59Z,0,0,0,0,0,0,12.9,851.9,13.1,13.3,81,261,253,0,0,107,0,0,13,11.2,8.8
2026-08-26T00:31:08Z,0,0,0,0,0,0,12.4,851.9,12.7,12.8,82.3,260,254,0,0,107,0,0,12.6,10.9,8.3
2026-08-26T00:46:18Z,0,0,0,0,0,0,12,851.8,12.2,12.4,83.4,261,252,0,0,107,0,0,12.1,10.6,7.8
2026-08-26T01:01:27Z,0,0,0,0,0,0,11.7,851.9,11.9,12.1,84.9,260,253,0,0,107,0,0,11.9,10.5,7.5
2026-08-26T01:16:53Z,0,0,0,0,0,0,11.5,851.9,11.8,12,85.6,259,253,0,0,107,0,0,11.7,10.4,7.4
2026-08-26T01:32:01Z,0,0,0,0,0,0,11.2,851.9,11.6,11.8,86.4,260,254,0,0,107,0,0,11.5,10.3,7.1
2026-08-26T01:47:10Z,0,0,0,0,0,0,11.2,852,11.5,11.7,86.2,260,253,0,0,107,0,0,11.5,10.2,7.1
2026-08-26T02:02:19Z,0,0,0,0,0,0,11,852,11.2,11.5,87.4,259,254,0,0,107,0,0,11.3,10.1,6.9
2026-08-26T02:17:28Z,0,0,0,0,0,0,10.8,852.1,11.1,11.3,87.2,260,253,0,0,107,0,0,11.1,9.9,6.7
2026-08-26T02:32:56Z,0,0,0,0,0,0,10.5,852.2,10.9,11.1,87.8,261,253,0,0,107,0,0,10.8,9.7,6.4
2026-08-26T02:48:05Z,0,0,0,0,0,0,10.5,852.4,10.8,11,89.1,260,253,0,0,107,0,0,10.8,9.9,6.4
2026-08-26T03:03:14Z,0,0,0,0,0,0,10.5,852.5,10.9,11.1,88.1,259,253,0,0,107,0,0,10.8,9.8,6.4
2026-08-26T03:18:23Z,0,0,0,0,0,0,10.2,852.5,10.6,10.8,87.8,262,257,0,0,107,0,0,10.5,9.5,6.1
2026-08-26T03:33:32Z,0,0,0,0,0,0,9.9,852.6,10.2,10.4,88.9,264,288,0,0,172,0,0,10.2,9.3,5.7
2026-08-26T03:49:00Z,0,0,0,0.1,0,0,9.9,852.8,10.3,10.5,89.5,271,346,0,0,172,0,0,10.2,9.4,5.7
2026-08-26T04:04:09Z,0,0,0,0.1,0,0,10.2,853,10.6,10.8,89.6,279,400,0,0,172,0,0,10.5,9.7,6.1
2026-08-26T04:19:18Z,0,0,0,0.2,0,0,10.9,853.2,11.2,11.3,89.2,285,454,0,0.1,172,0.4,0.4,11.1,10.1,6.7
2026-08-26T04:34:26Z,0,0,0,0.2,0,0,11.9,853.3,12.5,12.6,85.8,296,570,0,0.2,172,0.7,0.7,12.3,11,8
2026-08-26T04:49:35Z,0,0,0,0.3,0,0,13.2,853.6,13.7,13.7,83.9,318,848,0,0.5,172,1.1,1.1,13.5,11.9,9.3
2026-08-26T05:04:43Z,0,0,0,0.8,0,0,15.4,853.7,15.8,15.3,81.4,398,1861,0,0.8,83,1.5,1.5,15.1,13.1,10.9
2026-08-26T05:20:05Z,0,0,0,1.1,0,0,17.5,853.9,17.5,17.1,76.1,461,2614,0,0.8,6,1.5,1.5,17,14.3,12.7
2026-08-26T05:35:24Z,0,0,0,1.3,0,0,18.7,854.1,18.1,17.8,74.6,505,3080,0,0.7,61,1.3,1.3,17.7,14.8,13.4
2026-08-26T05:50:32Z,0,0,0,1.5,0,0,19.7,854.2,19.4,19.4,67.4,540,3473,0,1.4,82,2,2,19.3,15.4,14.9
2026-08-26T06:06:15Z,0,0,0,1.8,0,0,21,854.2,20.9,20.4,63.9,585,3955,0,0.1,28,0.7,0.7,20.3,15.9,15.8
2026-08-26T06:21:23Z,0,0,0,2,0,0,21.6,854.3,21.4,20.9,61.9,638,4518,0,0.1,98,0.7,0.7,20.8,16.1,16.2
2026-08-26T06:36:31Z,0,0,0,2.3,0,0,21.6,854.5,21.4,21.7,58.6,683,5012,0,0.3,55,0.9,0.9,21.5,16.3,16.9
2026-08-26T06:51:39Z,0,0,0,2.5,0,0,21.6,854.5,22.1,21.8,58.9,716,5396,0,0.2,106,0.9,0.9,21.7,16.5,17
2026-08-26T07:06:48Z,0,0,0,2.7,0,0,22.7,854.5,22.2,22.1,56.7,759,5826,0,0.3,26,0.9,0.9,21.9,16.4,17.2
2026-08-26T07:22:10Z,0,0,0,2.9,0,0,22.9,854.4,22.8,23.4,52.8,795,6247,0,0,86,0.2,0.2,23.3,17.1,18.4
2026-08-26T07:37:18Z,0,0,0,3,0,0,22,854.3,22.9,22.8,47.7,825,6564,0,1.2,172,2.2,2.2,22.6,15.8,17.8
2026-08-26T07:52:27Z,0,0,0,3.1,0,0,21.7,854.1,22.6,22.2,50.7,828,6636,0,0.4,186,1.3,1.3,22,15.7,17.3
2026-08-26T08:07:31Z,0,0,0,3.2,0,0,22.9,854,23.6,23.2,48,855,6896,0,1.2,217,2.2,2.2,23,16.2,18.2
2026-08-26T08:22:55Z,0,0,0,3.4,0,0,23.8,853.9,24.5,23.9,47,893,7274,0,0.2,228,0.7,0.7,23.7,16.6,18.7
2026-08-26T08:38:03Z,0,0,0,3.4,0,0,24.2,853.7,24.6,24.9,42.7,892,7276,0,0.2,119,0.7,0.7,24.7,16.7,19.5
2026-08-26T08:53:11Z,0,0,0,3.6,0,0,24.4,853.5,24.9,25.2,38.2,924,7613,0,1.2,172,2.6,2.6,25,16.2,19.8
2026-08-26T09:08:19Z,0,0,0,3.6,0,0,24.7,853.2,25,25.2,38.5,929,7682,0,0.2,320,0.7,0.7,25,16.3,19.8
2026-08-26T09:24:05Z,0,0,0,3.7,0,0,24.9,852.9,25.4,25.4,35.3,945,7815,0,0.6,92,1.5,1.5,25.1,15.9,19.9
2026-08-26T09:39:13Z,0,0,0,3.7,0,0,25.1,852.7,25.7,25.8,36.4,954,7916,0,0.7,181,1.5,1.5,25.6,16.4,20.2
2026-08-26T09:54:21Z,0,0,0,3.6,0,0,25,852.4,25.2,25.7,37,930,7675,0,0.8,41,1.3,1.3,25.5,16.5,20.2
2026-08-26T10:09:29Z,0,0,0,3.6,0,0,26.1,852.2,26.8,26.6,35.8,925,7587,0,0.6,224,1.3,1.3,26.4,16.9,20.8
2026-08-26T10:24:37Z,0,0,0,3.5,0,0,27,851.6,27.4,27.7,33.1,917,7474,0,1,112,2,2,27,17.2,21.3
2026-08-26T10:40:02Z,0,0,0,3.5,0,0,27.8,851.3,28.3,28.4,32.4,902,7318,0,0.2,120,1.5,1.5,27.6,17.7,21.7
2026-08-26T10:55:10Z,0,0,0,3.3,0,0,27.2,851,27.8,27.8,30.1,883,7103,0,0.9,162,2.4,2.4,27,16.8,21.3
2026-08-26T11:11:07Z,0,0,0,3.2,0,0,26.9,850.7,27.4,27.1,31.7,848,6759,0,0.4,242,1.1,1.1,26.5,16.5,20.9
2026-08-26T11:26:16Z,0,0,0,3,0,0,27.3,850.5,27.8,28.1,32.8,815,6360,0,0.5,127,2.2,2.2,27.3,17.5,21.5
2026-08-26T11:41:17Z,0,0,0,2.8,0,0,27.7,850.3,27.9,28.5,31.6,785,6051,0,1.3,115,2.8,2.8,27.5,17.6,21.7
2026-08-26T11:56:26Z,0,0,0,2.6,0,0,28.3,850.1,28.8,29.1,31.6,742,5577,0,0,135,0.2,0.2,28,18,22.1
2026-08-26T12:11:34Z,0,0,0,2.5,0,0,27.7,850.1,28.1,28.5,29.1,720,5327,0,0.9,158,3.1,3.1,27.5,17.1,21.6
2026-08-26T12:26:43Z,0,0,0,2.2,0,0,27,850.2,27.4,27.7,29.5,670,4806,0,1.4,134,3.7,3.7,26.8,16.5,21.2
2026-08-26T12:42:06Z,0,0,0,2,0,0,27.5,850,27.9,28.3,27.7,640,4474,0,1.3,121,3.5,3.5,27.2,16.6,21.5
2026-08-26T12:57:14Z,0,0,0,1.8,0,0,27.7,849.9,28.4,28.5,26.5,599,4022,0,1.1,188,3.1,3.1,27.3,16.5,21.5
2026-08-26T13:12:22Z,0,0,0,1.6,0,0,27.3,849.8,27.7,28.1,28.2,559,3586,0,0.6,128,2,2,27.1,16.5,21.4
2026-08-26T13:27:31Z,0,0,0,1.4,0,0,26.9,849.8,27.4,27.8,29.4,519,3153,0,1.2,140,2.4,2.4,26.9,16.6,21.2
2026-08-26T13:43:18Z,0,0,0,1.1,0,0,27.4,849.7,27.8,28.5,29.7,469,2602,0,0.6,110,1.5,1.5,27.5,17.2,21.6
2026-08-26T13:58:26Z,0,0,0,0.9,0,0,26.7,849.6,27.3,27.6,30.9,425,2116,0,0.1,119,0.7,0.7,26.8,16.7,21.2
2026-08-26T14:13:34Z,0,0,0,0.5,0,0,26.7,849.8,27.2,27.7,31.3,346,1193,0,0.4,116,1.3,1.3,26.9,16.9,21.2
2026-08-26T14:29:17Z,0,0,0,0.4,0,0,25.8,849.8,26,26.3,33.3,336,1093,0,0.8,111,2.6,2.6,26.1,16.2,20.6
2026-08-26T14:44:25Z,0,0,0,0.2,0,0,25.2,849.9,25.4,25.6,35.3,286,455,0,0.4,120,1.3,1.3,25.3,16,20
2026-08-26T14:59:33Z,0,0,0,0.1,0,0,24.8,850.1,24.9,25.1,36.4,282,416,0,0.7,108,1.7,1.7,24.8,15.8,19.6
2026-08-26T15:14:41Z,0,0,0,0.1,0,0,24.3,850.2,24.5,24.6,38.4,274,354,0,0.4,131,1.5,1.5,24.4,15.8,19.3
2026-08-26T15:30:18Z,0,0,0,0.1,0,0,23.9,850.5,24.1,24.2,39.7,266,295,0,0.4,129,1.1,1.1,23.9,15.7,18.9
2026-08-26T15:45:26Z,0,0,0,0,0,0,23.4,850.5,23.5,23.7,39.8,262,260,0,0.4,136,1.5,1.5,23.4,15.3,18.5
2026-08-26T16:00:35Z,0,0,0,0,0,0,23,850.8,23.1,23.3,40.4,260,254,0,0.7,143,2,2,23,15,18.1
2026-08-26T16:15:43Z,0,0,0,0,0,0,22.5,851,22.7,22.8,41.2,261,253,0,0.4,133,2,2,22.5,14.8,17.7
2026-08-26T16:30:52Z,0,0,0,0,0,0,22,851.1,22.2,22.4,42.8,259,253,0,0.1,133,0.4,0.4,22.1,14.7,17.4
2026-08-26T16:46:14Z,0,0,0,0,0,0,21.5,851.2,21.8,21.9,44.2,261,254,0,0.2,133,0.7,0.7,21.6,14.5,17
2026-08-26T17:01:23Z,0,0,0,0,0,0,21.4,851.4,21.6,21.7,44.8,261,253,0,0.3,133,0.9,0.9,21.4,14.4,16.8
2026-08-26T17:16:33Z,0,0,0,0,0,0,21.1,851.7,21.2,21.4,46.1,261,253,0,0.3,133,1.3,1.3,21.1,14.3,16.5
2026-08-26T17:31:42Z,0,0,0,0,0,0,20.7,851.8,20.8,21,47,261,253,0,0.1,133,0.7,0.7,20.7,14.2,16.2
2026-08-26T17:46:51Z,0,0,0,0,0,0,20.6,852,20.8,20.9,47.9,261,253,0,0.4,135,0.9,0.9,20.6,14.2,16.1
2026-08-26T18:02:20Z,0,0,0,0,0,0,20.3,852.1,20.4,20.7,49,261,254,0,0.5,135,1.1,1.1,20.4,14.1,15.9
2026-08-26T18:17:29Z,0,0,0,0,0,0,20.2,852.2,20.4,20.5,50.3,260,253,0,0,188,0,0,20.3,14.2,15.8
2026-08-26T18:32:38Z,0,0,0,0,0,0,19.7,852.4,19.9,20.1,52,261,254,0,0.3,135,1.7,1.7,19.8,14.1,15.4
2026-08-26T18:47:48Z,0,0,0,0,0,0,19.7,852.4,19.8,20,53.2,261,254,0,0.4,119,1.3,1.3,19.7,14.1,15.3
2026-08-26T19:02:57Z,0,0,0,0,0,0,19.5,852.6,19.7,19.9,54.8,260,253,0,0.7,122,2.2,2.2,19.6,14.2,15.2
2026-08-26T19:18:20Z,0,0,0,0,0,0,19.2,852.8,19.4,19.6,56,260,254,0,0,122,0,0,19.3,14.1,15
2026-08-26T19:33:30Z,0,0,0,0,0,0,18.5,853,18.6,18.8,58.5,261,255,0,0,122,0,0,18.6,13.8,14.2
2026-08-26T19:48:39Z,0,0,0,0,0,0,17.9,853.1,18,18.1,60.7,261,254,0,0,122,0,0,17.9,13.4,13.6
2026-08-26T20:03:48Z,0,0,0,0,0,0,17.3,853.1,17.4,17.6,63.7,260,254,0,0,122,0,0,17.3,13.3,13.1
2026-08-26T20:18:58Z,0,0,0,0,0,0,17,853.1,17.3,17.5,63.8,260,254,0,0,122,0,0,17.2,13.2,13
2026-08-26T20:34:23Z,0,0,0,0,0,0,16.7,852.8,16.9,17.2,65,261,254,0,0,122,0,0,16.9,13.1,12.7
2026-08-26T20:49:33Z,0,0,0,0,0,0,16.3,852.8,16.5,16.7,67.1,260,253,0,0,122,0,0,16.4,12.9,12.2
2026-08-26T21:04:43Z,0,0,0,0,0,0,16,852.7,16.3,16.4,68.7,261,253,0,0,122,0.2,0.2,16.1,12.8,11.9
2026-08-26T21:19:52Z,0,0,0,0,0,0,15.7,852.7,15.9,16,69.7,260,254,0,0,122,0,0,15.8,12.6,11.6
2026-08-26T21:35:26Z,0,0,0,0,0,0,15.1,852.6,15.3,15.5,71.8,261,253,0,0,122,0,0,15.2,12.3,11
2026-08-26T21:50:35Z,0,0,0,0,0,0,15.2,852.5,15.4,15.6,73.2,261,254,0,0,122,0,0,15.4,12.6,11.2
2026-08-26T22:05:44Z,0,0,0,0,0,0,15,852.6,15.4,15.5,74.1,261,253,0,0,122,0,0,15.3,12.6,11.1
2026-08-26T22:20:53Z,0,0,0,0,0,0,14.9,852.4,15.2,15.4,74,259,254,0,0,122,0,0,15.2,12.4,11
2026-08-26T22:36:21Z,0,0,0,0,0,0,14.4,852.4,14.6,14.8,75.4,259,253,0,0,122,0,0,14.6,12.1,10.4
2026-08-26T22:51:30Z,0,0,0,0,0,0,14.1,852.4,14.6,14.6,77.6,260,253,0,0,122,0,0,14.4,12.1,10.2
2026-08-26T23:06:39Z,0,0,0,0,0,0,14.4,852,14.8,14.8,78.6,259,253,0,0,122,0,0,14.6,12.4,10.4
2026-08-26T23:21:48Z,0,0,0,0,0,0,14.6,852,15,15,80.2,261,254,0,0.5,122,1.3,1.3,14.8,12.8,10.6
2026-08-26T23:36:57Z,0,0,0,0,0,0,14.9,852,15.2,15.3,80.6,261,254,0,0.2,122,0.8,0.8,15.1,13.1,10.9
2026-08-26T23:52:25Z,0,0,0,0,0,0,14.7,851.9,15.1,15.2,81.3,260,253,0,0.1,122,0.8,0.8,15,13,10.8
2026-08-27T00:00:29Z,0,0,0,0,0,0,14.6,851.8,14.9,15,82.2,260,254,0,0.1,122,0.5,0.5,14.9,13,10.7
2026-08-27T00:15:38Z,0,0,0,0,0,0,14.4,851.9,14.8,14.8,83.1,259,254,0,0,122,0,0,14.7,12.9,10.5
2026-08-27T00:30:46Z,0,0,0,0,0,0,14.1,851.8,14.4,14.4,84.9,262,253,0,0,122,0,0,14.3,12.7,10.1
2026-08-27T00:45:55Z,0,0,0,0,0,0,13.7,852,14,14.1,85.3,261,254,0,0,122,0,0,14,12.5,9.8
2026-08-27T01:01:04Z,0,0,0,0,0,0,13,851.9,13.1,13.2,84.4,260,253,0,0,122,0,0,13,11.5,8.8
2026-08-27T01:16:32Z,0,0,0,0,0,0,12.3,852,12.5,12.7,84.5,261,254,0,0,122,0,0,12.5,11,8.2
2026-08-27T01:31:41Z,0,0,0,0,0,0,11.7,852,11.9,12.1,85.2,260,253,0,0,122,0.2,0.2,11.9,10.5,7.6
2026-08-27T01:46:51Z,0,0,0,0,0,0,11.4,852.3,11.7,11.9,86.5,261,254,0,0,122,0,0,11.6,10.4,7.3
2026-08-27T02:02:00Z,0,0,0,0,0,0,11.2,852.4,11.6,11.8,87.6,260,254,0,0,122,0,0,11.5,10.4,7.2
2026-08-27T02:17:10Z,0,0,0,0,0,0,11.1,852.6,11.4,11.6,87.8,261,253,0,0,122,0,0,11.4,10.3,7
2026-08-27T02:32:36Z,0,0,0,0,0,0,11.2,852.9,11.6,11.8,87.6,260,253,0,0.3,121,0.7,0.7,11.5,10.4,7.2
2026-08-27T02:47:46Z,0,0,0,0,0,0,11.7,853.1,12.1,12.3,85.8,260,252,0,0,122,0,0,12.1,10.7,7.8
2026-08-27T03:02:56Z,0,0,0,0,0,0,11.8,853.1,12.1,12.3,83.6,260,255,0,0,122,0.2,0.2,12,10.5,7.7
2026-08-27T03:18:06Z,0,0,0,0,0,0,11.4,853.2,11.6,11.9,84.8,261,256,0,0,122,0,0,11.6,10.2,7.2
2026-08-27T03:33:16Z,0,0,0,0,0,0,11.1,853.4,11.4,11.6,85.4,263,282,0,0,198,0,0,11.3,10,7
2026-08-27T03:48:40Z,0,0,0,0.1,0,0,11,853.5,11.3,11.5,86.4,272,364,0,0,198,0,0,11.2,10,6.9
2026-08-27T04:03:50Z,0,0,0,0.2,0,0,11.2,853.6,11.6,11.7,87.1,287,515,0,0,198,0,0,11.5,10.3,7.1
2026-08-27T04:19:00Z,0,0,0,0.2,0,0,11.9,853.8,12.3,12.2,87.6,300,681,0,0,198,0,0,12,10.9,7.7
2026-08-27T04:34:09Z,0,0,0,0.3,0,0,12.9,854,13.3,13.2,86.3,311,830,0,0,198,0,0,13,11.7,8.8
2026-08-27T04:49:18Z,0,0,0,0.4,0,0,14,854.2,14.4,14.4,83.3,325,987,0,0,199,0.2,0.2,14.2,12.5,10
2026-08-27T05:04:43Z,0,0,0,0.5,0,0,15.1,854.3,15.4,15.5,81.1,343,1180,0,0.1,199,0.4,0.4,15.4,13.4,11.2
2026-08-27T05:19:53Z,0,0,0,0.4,0,0,15.6,854.6,16,16,78.9,330,1040,0,0,198,0,0,15.8,13.5,11.6
2026-08-27T05:35:02Z,0,0,0,0.8,0,0,16.3,854.7,16.6,16.7,76.8,405,1896,0,0.3,199,0.9,0.9,16.6,14,12.4
2026-08-27T05:50:11Z,0,0,0,0.6,0,0,17,854.8,17.1,17.1,75.1,376,1583,0,0.4,199,1.3,1.3,17,14.2,12.7
2026-08-27T06:05:51Z,0,0,0,0.7,0,0,16.9,854.9,17.2,17.2,75.2,387,1676,0,0,198,0,0,17.1,14.3,12.9
2026-08-27T06:21:00Z,0,0,0,1,0,0,17.6,855.1,17.6,18.1,71.8,439,2243,0,0,198,0,0,17.9,14.7,13.7
2026-08-27T06:36:09Z,0,0,0,0.8,0,0,18,855,18.2,18.5,69.6,413,1966,0,0,198,0,0,18.4,14.9,14.1
2026-08-27T06:51:17Z,0,0,0,1.1,0,0,18.1,855.1,18.2,18.1,70.1,464,2491,0,1.1,199,2,2,17.9,14.5,13.7
2026-08-27T07:06:51Z,0,0,0,1.1,0,0,19,855,19.6,19.1,65.5,458,2332,0,0.9,199,2.1,2.1,19,14.9,14.6
2026-08-27T07:22:14Z,0,0,0,3.1,0,0,19.3,854.9,19.8,19.8,65,829,6779,0,0.1,199,0.4,0.4,19.6,15.4,15.2
2026-08-27T07:37:22Z,0,0,0,0.9,0,0,20.2,854.8,20.8,20.8,57.6,433,2059,0,0.4,199,1.3,1.3,20.7,15.4,16.1
2026-08-27T07:52:30Z,0,0,0,1,0,0,19.6,854.9,20.1,20,60,437,2103,0,0,198,0,0,19.8,15,15.4
2026-08-27T08:07:38Z,0,0,0,1,0,0,21,854.8,21.6,21.2,56.5,450,2202,0,0.1,199,0.4,0.4,21,15.6,16.5
2026-08-27T08:22:46Z,0,0,0,2,0,0,21.9,854.7,22.1,22.3,52.2,632,4201,0,1,63,1.7,1.7,22.2,16,17.4
2026-08-27T08:37:54Z,0,0,0,3.8,0,0,21.8,854.5,22.3,22.3,52.6,956,8026,0,0.4,151,1.1,1.1,22.2,16.1,17.5
2026-08-27T08:53:19Z,0,0,0,3.7,0,0,22.2,854.4,22.5,22.6,50.8,945,7861,0,0.2,104,1.1,1.1,22.5,16.1,17.7
2026-08-27T09:08:28Z,0,0,0,3.9,0,0,22.5,854.2,23.2,23.1,51.1,987,8331,0,1.1,117,3.3,3.3,22.9,16.5,18.1
2026-08-27T09:23:38Z,0,0,0,3.7,0,0,22.5,853.9,23.1,22.6,51.4,944,7869,0,0.1,200,0.7,0.7,22.4,16.1,17.6
2026-08-27T09:38:46Z,0,0,0,3.7,0,0,23.4,853.7,23.7,24.1,45.8,946,7842,0,0.6,147,1.5,1.5,23.9,16.6,18.9
2026-08-27T09:54:27Z,0,0,0,3.8,0,0,23.8,853.4,24.2,23.9,46.5,959,7975,0,1.2,65,2.4,2.4,23.7,16.5,18.7
2026-08-27T10:09:35Z,0,0,0,3.6,0,0,23.7,853.2,24.3,24.4,43.6,932,7686,0,0.8,184,2.2,2.2,24.2,16.5,19.1
2026-08-27T10:24:44Z,0,0,0,3.9,0,0,25.6,852.8,25.8,26.1,42.6,987,8340,0,0,203,0.2,0.2,26,17.7,20.5
2026-08-27T10:39:52Z,0,0,0,3.6,0,0,25.2,852.5,25.6,25.9,42.7,929,7642,0,0.7,79,1.5,1.5,25.7,17.5,20.3
2026-08-27T10:55:29Z,0,0,0,2.1,0,0,24.9,852.1,25.4,25.7,41.1,651,4352,0,1.4,193,2.4,2.4,25.5,17.1,20.2
2026-08-27T11:10:37Z,0,0,0,3.3,0,0,25.6,851.9,25.8,26.4,41.2,865,6976,0,0.9,57,2,2,26.3,17.7,20.7
2026-08-27T11:25:45Z,0,0,0,3.1,0,0,26.1,851.7,26.6,26.9,35.8,831,6529,0,1.3,157,3.5,3.5,26.6,17.1,21
2026-08-27T11:40:54Z,0,0,0,2.9,0,0,25.5,851.5,25.9,26.2,34.7,791,6115,0,1.8,178,3.9,3.9,26,16.4,20.5
2026-08-27T11:56:02Z,0,0,0,2.7,0,0,26.2,851.3,26.5,26.9,35.5,754,5710,0,1.6,168,3.1,3.1,26.6,17.1,21
2026-08-27T12:11:27Z,0,0,0,2.5,0,0,25.9,851.1,26.4,26.7,36.2,717,5324,0,1,150,2.2,2.2,26.6,17.1,21
2026-08-27T12:26:35Z,0,0,0,2.2,0,0,26,851,26.4,27,34.8,677,4875,0,1.2,190,2.2,2.2,26.6,17,21
2026-08-27T12:41:43Z,0,0,0,2,0,0,26.1,850.9,26.2,27,34.1,639,4450,0,0.7,143,1.7,1.7,26.6,16.9,21
2026-08-27T12:56:51Z,0,0,0,1.8,0,0,26.2,850.8,26.6,27.2,34.2,599,4009,0,0.3,81,1.7,1.7,26.7,17.1,21.1
2026-08-27T13:11:59Z,0,0,0,1.6,0,0,25.5,850.8,26.1,26.5,35.9,555,3520,0,1.3,175,2.6,2.6,26.3,16.8,20.8
2026-08-27T13:27:07Z,0,0,0,1.3,0,0,25.8,850.7,26.2,26.7,35.8,507,3031,0,1.1,82,1.8,1.8,26.6,17,21
2026-08-27T13:42:30Z,0,0,0,1.1,0,0,25.4,850.7,26,26.5,35.4,472,2641,0,1.2,107,2.2,2.2,26.3,16.8,20.8
2026-08-27T13:57:39Z,0,0,0,0.9,0,0,24.9,850.9,25.4,25.8,38.3,430,2182,0,0.8,151,2.3,2.3,25.6,16.8,20.3
2026-08-27T14:12:47Z,0,0,0,0.7,0,0,24.5,851,25.1,25.5,38.2,383,1625,0,1.3,176,2.8,2.8,25.3,16.5,20
2026-08-27T14:27:55Z,0,0,0,0.2,0,0,24.1,851,24.3,24.7,40.4,304,631,0,0.8,105,1.3,1.3,24.5,16.2,19.4
2026-08-27T14:43:04Z,0,0,0,0.2,0,0,23.6,851.1,23.8,23.9,42.3,289,467,0,0.3,184,0.9,0.9,23.7,15.9,18.7
2026-08-27T14:58:41Z,0,0,0,0.1,0,0,23.1,851.3,23.3,23.5,43.8,281,426,0,1.6,123,3.3,3.3,23.3,15.8,18.4
2026-08-27T15:13:49Z,0,0,0,0.1,0,0,22.8,851.5,22.9,23.1,44.9,276,370,0,1.1,116,2.8,2.8,22.9,15.6,18
2026-08-27T15:28:57Z,0,0,0,0.1,0,0,22.3,851.6,22.5,22.7,45.5,267,307,0,0.8,150,1.5,1.5,22.4,15.4,17.7
2026-08-27T15:44:06Z,0,0,0,0,0,0,21.8,851.8,22.1,22.2,46.2,261,262,0,0.3,135,1.3,1.3,22,15,17.3
2026-08-27T15:59:15Z,0,0,0,0,0,0,21.5,851.7,21.6,21.9,47.2,261,253,0,0.1,106,0.7,0.7,21.6,14.9,17
2026-08-27T16:14:37Z,0,0,0,0,0,0,21.1,851.9,21.2,21.5,48.3,260,253,0,0.5,143,0.9,0.9,21.2,14.7,16.6
2026-08-27T16:29:46Z,0,0,0,0,0,0,20.7,852,20.9,21.1,49.5,259,254,0,0.1,156,0.4,0.4,20.8,14.6,16.3
2026-08-27T16:44:55Z,0,0,0,0,0,0,20.4,852.2,20.6,20.8,51,260,254,0,0.5,146,0.9,0.9,20.5,14.5,16
2026-08-27T17:00:04Z,0,0,0,0,0,0,20.2,852.4,20.4,20.6,52.3,261,253,0,0,145,0.2,0.2,20.3,14.5,15.9
2026-08-27T17:15:12Z,0,0,0,0,0,0,19.9,852.4,20.1,20.3,53.7,259,253,0,0.2,149,0.9,0.9,20,14.4,15.6
2026-08-27T17:30:40Z,0,0,0,0,0,0,19.7,852.6,19.9,20,55,261,253,0,0.3,151,1.2,1.2,19.8,14.4,15.4
2026-08-27T17:45:48Z,0,0,0,0,0,0,19.3,852.7,19.4,19.7,56.3,260,253,0,0.3,158,1.3,1.3,19.5,14.3,15.1
2026-08-27T18:00:56Z,0,0,0,0,0,0,18.9,853,19.1,19.3,57.8,260,254,0,0.4,112,1.1,1.1,19.1,14.1,14.7
2026-08-27T18:16:05Z,0,0,0,0,0,0,18.5,853.2,18.7,19,59.1,260,252,0,0.5,128,1.5,1.5,18.7,14,14.4
2026-08-27T18:31:14Z,0,0,0,0,0,0,18.4,853.3,18.6,18.7,59.9,260,253,0,0,135,0,0,18.5,13.9,14.2
2026-08-27T18:46:23Z,0,0,0,0,0,0,18,853.4,18.1,18.4,61.5,259,253,0,0.2,152,0.7,0.7,18.1,13.7,13.8
2026-08-27T19:01:45Z,0,0,0,0,0,0,17.9,853.5,18.1,18.2,62.4,260,253,0,0.5,159,1.1,1.1,18,13.7,13.7
2026-08-27T19:16:55Z,0,0,0,0,0,0,17.7,853.7,17.8,18,63.8,262,254,0,1.2,158,2,2,17.7,13.6,13.5
2026-08-27T19:32:04Z,0,0,0,0,0,0,17.4,853.8,17.6,17.8,65,261,253,0,0,159,0.2,0.2,17.5,13.6,13.3
2026-08-27T19:47:13Z,0,0,0,0,0,0,17,853.8,17.2,17.4,67.2,261,253,0,0.4,159,1.7,1.7,17.2,13.5,12.9
2026-08-27T20:02:23Z,0,0,0,0,0,0,16.8,853.9,16.9,17.1,68.6,262,254,0,0,159,0,0,16.9,13.4,12.7
2026-08-27T21:37:49Z,0,0,0,0,0,0,15.5,853.1,15.8,15.9,79.6,260,254,0,0,159,0,0,15.7,13.5,11.5
2026-08-27T21:52:57Z,0,0,0,0,0,0,15.2,853,15.5,15.6,80.8,261,254,0,0,159,0,0,15.5,13.4,11.3
2026-08-27T22:08:06Z,0,0,0,0,0,0,14.7,852.9,14.9,15,81.1,259,254,0,0,159,0,0,14.8,12.8,10.6
2026-08-27T22:23:15Z,0,0,0,0,0,0,14.3,852.8,14.4,14.6,80.5,261,253,0,0,159,0,0,14.4,12.4,10.2
2026-08-27T22:38:23Z,0,0,0,0,0,0,13.8,852.6,14.1,14.2,82.4,261,254,0,0,159,0,0,14,12.2,9.8
2026-08-27T22:53:47Z,0,0,0,0,0,0,13.5,852.5,13.8,13.9,83.6,260,253,0,0,159,0,0,13.7,12.1,9.5
2026-08-27T23:08:56Z,0,0,0,0,0,0,13.2,852.5,13.4,13.6,83.9,261,253,0,0,159,0,0,13.4,11.8,9.1
2026-08-27T23:24:04Z,0,0,0,0,0,0,12.7,852.4,13,13.1,84,260,254,0,0,159,0,0,12.9,11.4,8.7
2026-08-27T23:39:12Z,0,0,0,0,0,0,12.5,852.3,12.8,12.9,84.5,261,253,0,0,159,0,0,12.7,11.2,8.4
2026-08-27T23:54:21Z,0,0,0,0,0,0,12.2,852.1,12.5,12.7,86.2,262,253,0,0,159,0,0,12.5,11.2,8.2
2026-08-28T00:00:25Z,0,0,0,0,0,0,12.2,852.1,12.5,12.6,86.7,261,253,0,0,159,0,0,12.4,11.2,8.1
2026-08-28T00:15:54Z,0,0,0,0,0,0,12.3,852.1,12.8,12.8,86.6,262,253,0,0,159,0,0,12.6,11.4,8.4
2026-08-28T00:31:03Z,0,0,0,0,0,0,12.5,852.2,12.8,13,85.7,259,253,0,0,159,0,0,12.8,11.4,8.5
2026-08-28T00:46:12Z,0,0,0,0,0,0,12.3,852.1,12.6,12.8,86.5,260,253,0,0,159,0,0,12.6,11.3,8.4
2026-08-28T01:01:21Z,0,0,0,0,0,0,12.1,852.3,12.4,12.6,86.9,261,254,0,0,159,0,0,12.4,11.1,8.1
2026-08-28T01:16:30Z,0,0,0,0,0,0,12.1,852.3,12.4,12.7,87.4,261,253,0,0,159,0,0,12.5,11.3,8.2
2026-08-28T01:31:56Z,0,0,0,0,0,0,12.1,852.3,12.6,12.7,87.9,261,253,0,0,159,0,0,12.5,11.3,8.2
2026-08-28T01:47:06Z,0,0,0,0,0,0,12.3,852.5,12.8,12.9,88,261,253,0,0,159,0,0,12.7,11.5,8.4
2026-08-28T02:02:15Z,0,0,0,0,0,0,12.6,852.6,13,13.2,87.3,259,254,0,0,159,0,0,13,11.8,8.7
2026-08-28T02:17:24Z,0,0,0,0,0,0,13.2,852.8,13.6,13.8,87.4,260,252,0,0,159,0,0,13.7,12.4,9.4
2026-08-28T02:32:33Z,0,0,0,0,0,0,14.1,852.8,14.4,14.6,87.3,259,253,0,0,159,0,0,14.5,13.2,10.3
2026-08-28T02:47:59Z,0,0,0,0,0,0,14.8,852.8,15.1,15.2,85.1,260,255,0,0,159,0,0,15.1,13.5,10.9
2026-08-28T03:03:08Z,0,0,0,0,0,0,14.9,853,15.2,15.3,85,261,252,0,0,159,0,0,15.2,13.5,11
2026-08-28T03:18:17Z,0,0,0,0,0,0,14.8,853.2,15.1,15.2,84.5,261,255,0,0.5,159,1.1,1.1,15.1,13.4,10.9
2026-08-28T03:33:25Z,0,0,0,0,0,0,14.7,853.5,15,15.1,84.8,263,274,0,0,159,0,0,15,13.4,10.8
2026-08-28T03:48:34Z,0,0,0,0.1,0,0,14.6,853.4,14.9,15.1,84.9,275,404,0,0,159,0,0,14.9,13.3,10.8
2026-08-28T04:04:03Z,0,0,0,0.2,0,0,14.5,853.6,14.9,14.9,84.9,284,491,0,0,159,0,0,14.8,13.2,10.6
2026-08-28T04:19:12Z,0,0,0,0.2,0,0,14.6,853.6,14.8,14.9,85.3,295,607,0,0,159,0,0,14.8,13.2,10.6
2026-08-28T04:34:21Z,0,0,0,0.3,0,0,14.9,854.1,15.2,15.2,85.4,315,836,0,0,159,0.2,0.2,15.1,13.5,10.9
2026-08-28T04:49:31Z,0,0,0,0.5,0,0,15.5,854.2,15.8,15.8,84.6,353,1284,0,0,159,0.2,0.2,15.7,14,11.5
2026-08-28T05:04:41Z,0,0,0,0.7,0,0,16.3,854.5,16.3,16.5,82.2,382,1628,0,0,159,0,0,16.4,14.4,12.2
2026-08-28T05:20:06Z,0,0,0,1.1,0,0,18.5,854.7,18.6,18.1,75.8,467,2657,0,0.5,159,1.1,1.1,18,15.2,13.7
2026-08-28T05:35:14Z,0,0,0,1.4,0,0,18.8,854.9,19.1,18.1,74.8,519,3214,0,0.2,159,0.9,0.9,18,15.1,13.8
2026-08-28T05:50:23Z,0,0,0,2,0,0,22.6,855.1,22.4,21.9,60.5,632,4611,0,0.6,158,1.7,1.7,21.8,16.8,17.1
2026-08-28T06:05:44Z,0,0,0,2.3,0,0,19.8,855.3,20.1,20.4,60.1,693,5436,0,0.3,139,1.3,1.3,20.2,15.4,15.8
2026-08-28T06:21:08Z,0,0,0,2.3,0,0,20.2,855.3,20.7,20.4,58.7,692,5208,0,0.2,169,1.3,1.3,20.2,15.2,15.7
2026-08-28T06:36:17Z,0,0,0,2.6,0,0,19.2,855.5,19.7,19.9,58.8,735,5746,0,0.7,113,2.8,2.8,19.6,14.7,15.2
2026-08-28T06:51:27Z,0,0,0,2.6,0,0,20.3,855.5,20.9,20.7,57.5,748,5754,0,0.1,158,0.7,0.7,20.5,15.3,16
2026-08-28T07:06:35Z,0,0,0,3.2,0,0,22.3,855.4,22.4,22.8,51.7,845,6858,0,0.8,71,1.3,1.3,22.6,16.4,17.8
2026-08-28T07:21:44Z,0,0,0,3.4,0,0,22.1,855.3,22.8,22.7,48.9,887,7341,0,0.2,157,0.7,0.7,22.5,15.8,17.7
2026-08-28T07:37:10Z,0,0,0,3.4,0,0,21.9,855.3,22.6,22.6,48.4,892,7378,0,0.5,77,0.9,0.9,22.3,15.7,17.6
2026-08-28T07:52:18Z,0,0,0,3.4,0,0,20.9,855.5,21.9,21.6,50.1,888,7294,0,1.5,177,2.2,2.2,21.4,15.1,16.8
2026-08-28T08:07:26Z,0,0,0,3.5,0,0,22.6,855.2,22.8,23.1,47.3,910,7480,0,1.7,76,2.2,2.2,22.9,16,18.1
2026-08-28T08:23:18Z,0,0,0,3.6,0,0,22.6,855.1,23.1,23,45.9,926,7663,0,0.5,131,1.5,1.5,22.8,15.7,18
2026-08-28T08:38:25Z,0,0,0,3.7,0,0,22.9,854.8,22.9,23.4,45.1,954,7947,0,0.6,121,1.3,1.3,23.2,15.9,18.3
2026-08-28T08:53:33Z,0,0,0,3.6,0,0,23.3,854.5,23.8,23.8,44.8,936,7739,0,0.4,142,2.2,2.2,23.6,16.2,18.6
2026-08-28T09:08:42Z,0,0,0,3.6,0,0,22.9,854.2,23.3,23.5,44.3,933,7717,0,0.5,187,1.5,1.5,23.3,15.9,18.4
2026-08-28T09:23:50Z,0,0,0,3.7,0,0,23.4,853.9,23.9,23.6,42.4,942,7805,0,0.8,250,1.7,1.7,23.3,15.6,18.4
2026-08-28T09:39:15Z,0,0,0,3.6,0,0,22.9,853.6,23.4,23,43.2,932,7715,0,1.2,172,2,2,22.8,15.3,18
2026-08-28T09:54:23Z,0,0,0,3.6,0,0,24.3,853.3,24.6,24.2,39,930,7652,0,0.1,271,0.7,0.7,24,15.6,18.9
2026-08-28T10:09:31Z,0,0,0,3.6,0,0,24.4,853.1,24.8,25,37.4,936,7703,0,0.8,100,1.7,1.7,24.8,15.9,19.6
2026-08-28T10:24:39Z,0,0,0,3.5,0,0,24.4,852.8,24.8,25.1,37.5,920,7522,0,0.6,92,1.7,1.7,24.9,16.1,19.7
2026-08-28T10:39:48Z,0,0,0,3.5,0,0,24.9,852.5,25.2,25.7,36.2,908,7403,0,0.8,128,2.6,2.6,25.5,16.3,20.1
2026-08-28T10:54:56Z,0,0,0,3.3,0,0,25.5,852.1,25.8,25.7,34.5,881,7110,0,0.6,226,1.1,1.1,25.5,16,20.1
2026-08-28T11:10:18Z,0,0,0,3.2,0,0,25.6,851.8,25.7,26.2,34.6,858,6859,0,0.2,144,0.7,0.7,26,16.4,20.5
2026-08-28T11:25:26Z,0,0,0,3.1,0,0,25.1,851.7,25.3,25.9,34,830,6522,0,1.9,174,3.9,3.9,25.6,16,20.3
2026-08-28T11:40:34Z,0,0,0,2.9,0,0,25.3,851.5,25.8,26.2,35.4,794,6144,0,0.7,177,1.5,1.5,26,16.5,20.5
2026-08-28T11:55:43Z,0,0,0,2.7,0,0,25.4,851.3,25.8,25.9,34.9,760,5788,0,0.8,100,2,2,25.7,16.2,20.3
2026-08-28T12:11:27Z,0,0,0,2.5,0,0,26.4,851,26.6,27.3,32.9,718,5322,0,0.4,127,1.3,1.3,26.7,16.9,21.1
2026-08-28T12:26:35Z,0,0,0,2.3,0,0,25.9,850.8,26.2,27,33.7,683,4951,0,1.3,173,2.6,2.6,26.6,16.8,21
2026-08-28T12:41:43Z,0,0,0,2,0,0,25.6,850.8,26.1,26.3,33.6,636,4428,0,0.9,162,2,2,26.1,16.3,20.6
2026-08-28T12:56:52Z,0,0,0,1.8,0,0,25.9,850.7,26.4,26.8,34.4,592,3950,0,1,149,2.4,2.4,26.6,16.8,21
2026-08-28T13:12:00Z,0,0,0,1.6,0,0,25.6,850.7,26.1,26.5,35.3,554,3542,0,1.4,157,3.5,3.5,26.3,16.7,20.7
2026-08-28T13:27:29Z,0,0,0,1.4,0,0,25.5,850.6,26.1,26.6,34.6,510,3069,0,1.7,135,2.8,2.8,26.4,16.7,20.9
2026-08-28T13:42:38Z,0,0,0,1.1,0,0,25.3,850.6,25.8,26,36.1,464,2555,0,1.7,166,3.5,3.5,25.9,16.5,20.4
2026-08-28T13:57:46Z,0,0,0,0.9,0,0,25.2,850.6,25.8,26.1,36.8,423,2115,0,0.9,155,3.1,3.1,25.9,16.7,20.5
2026-08-28T14:12:55Z,0,0,0,0.6,0,0,24.9,850.8,25.2,25.9,37.7,370,1483,0,0.5,117,1.5,1.5,25.7,16.7,20.3
2026-08-28T14:28:19Z,0,0,0,0.3,0,0,24.4,850.9,24.7,25,38.8,308,714,0,0.7,194,1.7,1.7,24.8,16.2,19.6
2026-08-28T14:43:27Z,0,0,0,0.2,0,0,23.8,851,24.1,24.2,41,291,496,0,1.4,144,4.8,4.8,24,15.9,18.9
2026-08-28T14:58:35Z,0,0,0,0.2,0,0,23.3,851.3,23.5,23.7,42,284,437,0,0.6,182,2.2,2.2,23.4,15.6,18.5
2026-08-28T15:13:43Z,0,0,0,0.1,0,0,22.9,851.4,23.1,23.2,42.8,275,376,0,0.2,177,0.7,0.7,23,15.4,18.1
2026-08-28T15:28:51Z,0,0,0,0.1,0,0,22.4,851.5,22.6,22.8,44.3,266,304,0,0.8,98,2,2,22.5,15.2,17.7
2026-08-28T15:43:59Z,0,0,0,0,0,0,21.9,851.7,22.1,22.3,45.2,262,262,0,0.5,127,1.5,1.5,22,15,17.3
2026-08-28T15:59:23Z,0,0,0,0,0,0,21.5,851.9,21.7,21.9,46.7,261,254,0,1.2,107,3.5,3.5,21.6,14.9,17
2026-08-28T16:14:31Z,0,0,0,0,0,0,21.2,852.1,21.3,21.5,48.2,261,253,0,1.1,156,14.8,14.8,21.2,14.8,16.7
2026-08-28T16:29:39Z,0,0,0,0,0,0,20.9,852.3,21,21.2,49.3,260,254,0,0.1,170,0.4,0.4,21,14.7,16.4
2026-08-28T16:44:48Z,0,0,0,0,0,0,20.5,852.4,20.7,20.9,50.3,261,253,0,0.8,182,2.2,2.2,20.6,14.5,16.1
2026-08-28T16:59:57Z,0,0,0,0,0,0,20,852.5,20.2,20.5,51.6,259,253,0,0.1,199,0.4,0.4,20.2,14.3,15.7
2026-08-28T17:15:25Z,0,0,0,0,0,0,19.8,852.5,20,20.2,52,259,254,0,0,159,0,0,19.9,14.1,15.5
2026-08-28T17:30:34Z,0,0,0,0,0,0,19.5,852.7,19.7,19.9,52.6,261,254,0,0.1,150,0.4,0.4,19.6,14,15.2
2026-08-28T17:45:43Z,0,0,0,0,0,0,19.3,852.8,19.4,19.6,53.4,261,254,0,0.2,153,0.7,0.7,19.3,13.8,14.9
2026-08-28T18:00:52Z,0,0,0,0,0,0,19,853,19.1,19.4,54.2,260,253,0,0.5,163,1.3,1.3,19.1,13.7,14.7
2026-08-28T18:16:01Z,0,0,0,0,0,0,18.7,853.2,18.9,19.1,55.1,261,254,0,0.3,163,1.3,1.3,18.8,13.6,14.5
2026-08-28T18:31:28Z,0,0,0,0,0,0,18.6,853.3,18.8,19,56,262,254,0,0.1,115,0.4,0.4,18.7,13.6,14.4
2026-08-28T18:46:38Z,0,0,0,0,0,0,18.6,853.4,18.8,19,56.6,260,253,0,0.1,160,0.4,0.4,18.7,13.7,14.4
2026-08-28T19:01:47Z,0,0,0,0,0,0,18.3,853.6,18.4,18.7,57.9,260,254,0,0,161,0,0,18.4,13.6,14.1
2026-08-28T19:16:56Z,0,0,0,0,0,0,17.8,853.8,18,18.3,59.5,260,254,0,0.3,160,1.1,1.1,18,13.4,13.7
2026-08-28T19:32:05Z,0,0,0,0,0,0,17.7,853.9,17.9,18,63,259,253,0,0.2,144,0.7,0.7,17.8,13.6,13.5
2026-08-28T19:47:31Z,0,0,0,0,0,0,17.7,853.8,17.9,18.1,66.3,260,253,0,0.1,183,0.4,0.4,17.9,14,13.6
2026-08-28T20:02:39Z,0,0,0,0,0,0,17.6,853.8,17.8,18,69,260,253,0,0.8,188,1.5,1.5,17.8,14.3,13.5
2026-08-28T20:17:48Z,0,0,0,0,0,0,17.2,853.9,17.3,17.6,69.2,260,253,0,0.3,162,1.5,1.5,17.4,14,13.2
2026-08-28T20:32:56Z,0,0,0,0,0,0,16.9,853.9,17.1,17.3,70.7,261,253,0,0.3,167,1.1,1.1,17.1,13.9,12.9
2026-08-28T20:48:06Z,0,0,0,0,0,0,16.7,853.9,16.9,17.1,72.1,261,252,0,0.1,121,0.8,0.8,17,13.9,12.7
2026-08-28T21:03:34Z,0,0,0,0,0,0,16.6,853.9,16.8,17.1,73.1,261,253,0,0.5,121,1.3,1.3,16.9,13.9,12.7
2026-08-28T21:18:42Z,0,0,0,0,0,0,16.6,853.8,16.8,17,73.9,260,254,0,0.4,153,1.7,1.7,16.9,14,12.6
2026-08-28T21:33:51Z,0,0,0,0,0,0,16.4,853.8,16.6,16.9,74.9,260,253,0,0.8,147,1.7,1.7,16.7,13.9,12.5
2026-08-28T21:49:00Z,0,0,0,0,0,0,16.3,853.7,16.5,16.8,75.4,261,253,0,0.2,153,0.9,0.9,16.6,13.9,12.4
2026-08-28T22:04:08Z,0,0,0,0,0,0,16.2,853.6,16.3,16.6,75.5,260,252,0,0.2,120,0.7,0.7,16.5,13.8,12.3
2026-08-28T22:19:16Z,0,0,0,0,0,0,15.9,853.6,16.2,16.4,75.3,261,254,0,0.1,101,0.4,0.4,16.2,13.5,12
2026-08-28T22:34:38Z,0,0,0,0,0,0,15.6,853.4,16.1,16.1,76,260,254,0,0.3,133,0.7,0.7,15.9,13.3,11.7
2026-08-28T22:49:47Z,0,0,0,0,0,0,15.3,853.2,15.7,15.8,76.9,260,253,0,0,100,0,0,15.6,13.1,11.4
2026-08-28T23:04:55Z,0,0,0,0,0,0,15,853.1,15.4,15.5,78,260,254,0,0.4,67,0.9,0.9,15.3,13,11.1
2026-08-28T23:20:04Z,0,0,0,0,0,0,14.6,853,14.9,15.1,79,261,255,0,0,12,0,0,14.9,12.7,10.7
2026-08-28T23:35:12Z,0,0,0,0,0,0,14.3,852.9,14.7,14.8,80.3,261,254,0,0.1,100,0.2,0.2,14.6,12.5,10.4
2026-08-28T23:50:41Z,0,0,0,0,0,0,14.4,852.9,14.8,14.8,80.5,260,255,0,0,75,0,0,14.6,12.6,10.4
2026-08-29T00:00:47Z,0,0,0,0,0,0,14.5,852.6,14.9,14.9,79.9,260,252,0,0,42,0.2,0.2,14.8,12.7,10.6
2026-08-29T00:15:55Z,0,0,0,0,0,0,14.3,852.4,14.6,14.8,80,262,252,0,0,64,0.2,0.2,14.6,12.5,10.4
2026-08-29T00:31:04Z,0,0,0,0,0,0,14,852.4,14.3,14.4,80.9,260,253,0,0.9,78,1.3,1.3,14.3,12.3,10.1
2026-08-29T00:46:13Z,0,0,0,0,0,0,13.8,852.4,14.1,14.2,81.4,260,253,0,0,102,0,0,14.1,12.2,9.8
2026-08-29T01:01:41Z,0,0,0,0,0,0,13.8,852.6,14.1,14.2,81.6,261,254,0,0.1,106,0.4,0.4,14,12.1,9.8
2026-08-29T01:16:50Z,0,0,0,0,0,0,14,852.6,14.4,14.4,80.1,261,254,0,0.2,81,0.7,0.7,14.2,12.2,10
2026-08-29T01:31:59Z,0,0,0,0,0,0,14.2,852.6,14.6,14.6,77.9,260,254,0,0.1,84,0.2,0.2,14.4,12.1,10.2
2026-08-29T01:47:08Z,0,0,0,0,0,0,14.3,852.8,14.7,14.8,77.1,259,254,0,0.3,93,1,1,14.6,12.2,10.4
2026-08-29T02:02:16Z,0,0,0,0,0,0,14.3,853,14.6,14.7,78,260,255,0,1.1,83,1.5,1.5,14.5,12.2,10.3
2026-08-29T02:17:45Z,0,0,0,0,0,0,14.3,853.2,14.7,14.8,76.8,260,253,0,0.2,93,0.7,0.7,14.5,12.2,10.3
2026-08-29T02:32:53Z,0,0,0,0,0,0,14.3,853.4,14.6,14.8,77.5,260,253,0,0.6,93,1.1,1.1,14.5,12.2,10.3
2026-08-29T02:48:02Z,0,0,0,0,0,0,14.3,853.4,14.6,14.8,75.9,261,252,0,0.7,82,1.1,1.1,14.5,12.1,10.3
2026-08-29T03:03:10Z,0,0,0,0,0,0,14.3,853.6,14.6,14.8,75,260,254,0,0.1,119,0.6,0.6,14.5,12,10.3
2026-08-29T03:18:18Z,0,0,0,0,0,0,14.2,853.8,14.4,14.7,74.9,261,255,0,0,95,0,0,14.4,11.8,10.2
2026-08-29T03:33:27Z,0,0,0,0,0,0,14.1,854,14.4,14.6,74.7,264,296,0,0,106,0,0,14.3,11.7,10.1
2026-08-29T03:48:48Z,0,0,0,0.1,0,0,14.1,854.1,14.4,14.5,74.7,275,410,0,0,95,0,0,14.3,11.7,10.1
2026-08-29T04:03:57Z,0,0,0,0.2,0,0,14.1,854.2,14.4,14.5,74.5,286,575,0,0,96,0,0,14.2,11.6,10
2026-08-29T04:19:06Z,0,0,0,0.3,0,0,14.8,854.4,15.1,15,73.3,313,867,0,0.3,95,0.7,0.7,14.7,12,10.5
2026-08-29T04:34:15Z,0,0,0,0.3,0,0,15.1,854.7,15.4,15.4,72.2,308,664,0,0.1,95,0.4,0.4,15.1,12.2,10.9
2026-08-29T04:50:03Z,0,0,0,0.4,0,0,15.5,855,15.8,15.6,72.4,337,1023,0,0,329,0,0,15.3,12.4,11.1
2026-08-29T05:05:32Z,0,0,0,0.7,0,0,17.3,855.3,17.2,16.7,69.8,383,1620,0,0.4,73,1.7,1.7,16.5,13.2,12.3
2026-08-29T05:20:41Z,0,0,0,0.6,0,0,18.1,855.5,17.8,17.5,67.5,377,1513,0,0,71,0.2,0.2,17.3,13.7,13.1
2026-08-29T05:35:51Z,0,0,0,1,0,0,16.7,855.8,16.9,16.7,69.8,441,2341,0,0.4,140,0.7,0.7,16.4,13.2,12.2
2026-08-29T05:51:00Z,0,0,0,1.7,0,0,17.5,856,18,17.8,66.9,575,4057,0,0.1,140,0.7,0.7,17.6,13.9,13.3
2026-08-29T06:06:09Z,0,0,0,0.9,0,0,18,856.1,18.4,17.9,66,435,2132,0,0.8,198,1.3,1.3,17.6,13.8,13.4
2026-08-29T06:21:30Z,0,0,0,2.4,0,0,19.8,856,20.2,19.6,62.2,698,5306,0,1,216,1.5,1.5,19.4,14.9,15.1
2026-08-29T06:36:39Z,0,0,0,2.6,0,0,19.3,856,19.7,19.2,61.4,736,5767,0,0.8,259,1.7,1.7,19,14.5,14.6
2026-08-29T06:51:48Z,0,0,0,0.8,0,0,20,856.1,20.5,19.8,57.6,405,1790,0,0.8,237,1.7,1.7,19.6,14.6,15.2
2026-08-29T07:07:41Z,0,0,0,2.6,0,0,19.7,856,20,19.7,58,749,5928,0,1.8,248,3.3,3.3,19.4,14.5,15.1
2026-08-29T07:22:48Z,0,0,0,3.2,0,0,19.5,855.8,20,19.5,57.7,846,7028,0,1.7,248,2.6,2.6,19.3,14.3,14.9
2026-08-29T07:37:57Z,0,0,0,2.9,0,0,19.7,855.9,20.2,20,55.2,792,6411,0,0.1,168,0.5,0.5,19.8,14.4,15.3
2026-08-29T07:53:06Z,0,0,0,0.9,0,0,21,855.6,21.4,20.7,52,422,1832,0,0.8,242,1.9,1.9,20.5,14.6,16
2026-08-29T08:08:14Z,0,0,0,3.4,0,0,21.2,855.5,21.6,21.2,48.6,896,7378,0,1,199,1.7,1.7,21,14.6,16.4
2026-08-29T08:23:35Z,0,0,0,3.4,0,0,21.7,855.3,21.8,21.4,43.9,898,7381,0,1.8,263,4.1,4.1,21.1,14,16.5
2026-08-29T08:38:44Z,0,0,0,3.6,0,0,22.2,855.2,22.8,22.8,42.8,935,7753,0,1.2,162,3.3,3.3,22.6,15.1,17.8
2026-08-29T08:53:53Z,0,0,0,1.4,0,0,23.4,854.9,23.8,23.6,40.5,522,2794,0,1.4,238,2.4,2.4,23.4,15.4,18.5
2026-08-29T09:09:02Z,0,0,0,3.7,0,0,22.9,854.7,23.6,23.5,39.7,949,7918,0,2.4,169,3.9,3.9,23.2,15.1,18.3
2026-08-29T09:24:11Z,0,0,0,3.9,0,0,23.9,854.4,24.1,24.1,40.5,979,8243,0,0.4,170,1.3,1.3,23.9,15.8,18.9
2026-08-29T09:39:39Z,0,0,0,3.8,0,0,24.4,854,24.9,24.8,37.3,961,8000,0,0.6,156,2,2,24.5,15.7,19.4
2026-08-29T09:54:47Z,0,0,0,3.7,0,0,23.6,853.8,23.9,23.5,39.4,946,7873,0,1.3,272,2.6,2.6,23.2,15.1,18.4
2026-08-29T10:09:55Z,0,0,0,3.6,0,0,23.3,853.4,23.9,24,38.1,926,7648,0,1,172,2.4,2.4,23.7,15.2,18.7
2026-08-29T10:25:03Z,0,0,0,3.5,0,0,24.6,853,24.6,25.3,36.5,903,7397,0,1.2,118,2.8,2.8,25.1,16,19.8
2026-08-29T10:40:11Z,0,0,0,3.4,0,0,24.9,852.8,25.1,25.6,35.7,897,7315,0,2.3,77,3.7,3.7,25.4,16.1,20
2026-08-29T10:55:20Z,0,0,0,3.3,0,0,25.7,852.6,26,26.4,34,879,7086,0,1.2,130,2.2,2.2,26.2,16.4,20.7
2026-08-29T11:10:43Z,0,0,0,3.2,0,0,25.2,852.3,25.5,25.9,33,857,6865,0,1.5,72,2.6,2.6,25.7,15.9,20.3
2026-08-29T11:25:51Z,0,0,0,3,0,0,26.2,852.1,26.4,27.4,31.1,826,6529,0,0.9,73,2.6,2.6,26.7,16.6,21.1
2026-08-29T11:40:59Z,0,0,0,2.9,0,0,25.2,851.8,25.4,26.2,33.8,789,6123,0,1,78,3.1,3.1,26,16.3,20.5
2026-08-29T11:56:08Z,0,0,0,2.7,0,0,25.9,851.7,25.8,26.7,33.4,752,5756,0,1.5,76,2.2,2.2,26.5,16.5,20.9
2026-08-29T12:11:51Z,0,0,0,0.6,0,0,25.5,851.4,25.9,26.3,34.8,373,1318,0,1.4,166,3.3,3.3,26.1,16.5,20.6
2026-08-29T12:26:59Z,0,0,0,2.5,0,0,25.1,851.2,25.5,25.7,36.1,721,5424,0,0.5,122,1.1,1.1,25.5,16.3,20.2
2026-08-29T12:42:07Z,0,0,0,2.3,0,0,25.6,851.2,25.9,26.4,35.2,683,5058,0,0.2,125,0.7,0.7,26.2,16.7,20.7
2026-08-29T12:57:16Z,0,0,0,2,0,0,25.7,851,26.1,26.7,34.4,630,4420,0,0.9,88,1.7,1.7,26.5,16.7,20.9
2026-08-29T13:12:25Z,0,0,0,1.6,0,0,25.6,850.9,26.1,26.6,34.9,549,3527,0,0.8,90,2,2,26.4,16.7,20.8
2026-08-29T13:27:54Z,0,0,0,0.6,0,0,25,850.9,25.4,25.8,36.5,371,1349,0,0.9,69,2.4,2.4,25.6,16.4,20.3
2026-08-29T13:43:02Z,0,0,0,1.2,0,0,24.7,850.9,25.2,25.7,36.2,475,2711,0,1,89,2.8,2.8,25.5,16.3,20.2
2026-08-29T13:58:10Z,0,0,0,1,0,0,24.9,851,25.6,25.9,35.5,439,2335,0,0.4,171,2.4,2.4,25.7,16.3,20.3
2026-08-29T14:13:19Z,0,0,0,0.7,0,0,24.4,851.2,24.8,25.3,37.5,380,1654,0,1.3,110,3.1,3.1,25,16.2,19.8
2026-08-29T14:28:59Z,0,0,0,0.3,0,0,23.7,851.2,23.9,24.2,39.4,320,876,0,0.4,119,1.1,1.1,24,15.7,19
2026-08-29T14:44:08Z,0,0,0,0.2,0,0,23.5,851.4,23.6,23.9,40.1,293,517,0,0.6,117,1.8,1.8,23.6,15.5,18.7
2026-08-29T14:59:16Z,0,0,0,0.2,0,0,23,851.4,23.2,23.4,41.4,283,438,0,1,96,1.7,1.7,23.1,15.3,18.2
2026-08-29T15:14:25Z,0,0,0,0.1,0,0,22.6,851.5,22.8,23,43.4,274,363,0,1,124,2.2,2.2,22.7,15.3,17.9
2026-08-29T15:29:34Z,0,0,0,0,0,0,22.2,851.7,22.4,22.5,44.1,265,292,0,1.1,115,2.8,2.8,22.3,15,17.5
2026-08-29T15:44:55Z,0,0,0,0,0,0,21.8,851.8,22,22.2,45.5,260,258,0,0.3,113,1.1,1.1,21.9,14.9,17.2
2026-08-29T16:00:04Z,0,0,0,0,0,0,21.5,852,21.6,21.9,46,261,253,0,0.7,158,2,2,21.6,14.7,16.9
2026-08-29T16:15:12Z,0,0,0,0,0,0,21.1,852.2,21.3,21.5,47.5,261,254,0,1,146,3.5,3.5,21.3,14.7,16.7
2026-08-29T16:30:22Z,0,0,0,0,0,0,20.9,852.2,21.1,21.3,48.7,261,254,0,0.4,154,1.1,1.1,21,14.6,16.4
2026-08-29T16:45:30Z,0,0,0,0,0,0,20.8,852.4,21,21.2,49.1,260,253,0,0.3,179,1.1,1.1,20.9,14.6,16.3
2026-08-29T17:00:58Z,0,0,0,0,0,0,20.5,852.7,20.7,20.9,49.8,258,253,0,0.5,81,1.5,1.5,20.6,14.4,16.1
2026-08-29T17:16:07Z,0,0,0,0,0,0,20.1,852.9,20.2,20.5,51.8,260,254,0,0.6,144,2,2,20.2,14.4,15.8
2026-08-29T17:31:16Z,0,0,0,0,0,0,19.9,853,20.1,20.3,53,260,253,0,0.2,141,1.1,1.1,20,14.3,15.6
2026-08-29T17:46:24Z,0,0,0,0,0,0,19.7,853.3,19.8,20,53.6,261,253,0,0,112,0.2,0.2,19.8,14.2,15.4
2026-08-29T18:01:33Z,0,0,0,0,0,0,19.4,853.5,19.6,19.8,55.2,261,252,0,0.5,190,2,2,19.5,14.2,15.1
2026-08-29T18:17:01Z,0,0,0,0,0,0,19.1,853.7,19.3,19.5,56.2,260,253,0,0.4,118,1.5,1.5,19.2,14.1,14.9
2026-08-29T18:32:11Z,0,0,0,0,0,0,19,853.8,19.1,19.3,56.7,260,253,0,0,188,0,0,19.1,14,14.7
2026-08-29T18:47:20Z,0,0,0,0,0,0,18.8,854,18.9,19.1,57.2,261,254,0,0,113,0,0,18.9,13.9,14.5
2026-08-29T19:03:11Z,0,0,0,0,0,0,18.5,853.9,18.6,18.8,57.8,260,254,0,0.2,120,1.1,1.1,18.6,13.7,14.2
2026-08-29T19:18:20Z,0,0,0,0,0,0,18.3,854.1,18.5,18.7,57.3,262,253,0,0.5,148,1.3,1.3,18.4,13.5,14.1
2026-08-29T19:33:29Z,0,0,0,0,0,0,18.1,854,18.3,18.5,58,260,252,0,0.1,204,0.7,0.7,18.2,13.4,13.9
2026-08-29T19:48:58Z,0,0,0,0,0,0,18.1,854.1,18.2,18.4,58.4,259,253,0,0.2,158,0.6,0.6,18.1,13.4,13.9
2026-08-29T20:04:06Z,0,0,0,0,0,0,18.1,854.2,18.3,18.5,58.5,261,254,0,0.5,185,1.4,1.4,18.2,13.5,13.9
2026-08-29T20:19:16Z,0,0,0,0,0,0,17.6,854.2,17.8,18,59.7,261,254,0,0,185,0.2,0.2,17.8,13.2,13.5
2026-08-29T20:34:25Z,0,0,0,0,0,0,17.4,854.1,17.6,17.8,60.8,260,253,0,0,184,0.3,0.3,17.5,13.1,13.3
2026-08-29T20:49:34Z,0,0,0,0,0,0,17.7,854.2,17.8,18,62.4,261,253,0,0.3,149,0.7,0.7,17.8,13.5,13.5
2026-08-29T21:05:00Z,0,0,0,0,0,0,17.8,854.2,18,18.1,63.8,261,254,0,0,135,0.4,0.4,17.9,13.8,13.6
2026-08-29T21:20:07Z,0,0,0,0,0,0,17.8,854.1,18,18.2,65,259,253,0,0.6,163,1.1,1.1,18,14,13.7
2026-08-29T21:35:16Z,0,0,0,0,0,0,17.7,853.8,18,18.1,65.8,261,255,0,0.5,185,2,2,17.9,14,13.6
2026-08-29T21:50:25Z,0,0,0,0,0,0,17.6,853.7,17.8,18,67.1,261,254,0,0.1,164,0.7,0.7,17.8,14.1,13.6
2026-08-29T22:05:35Z,0,0,0,0,0,0,17.3,853.6,17.4,17.7,68.9,259,254,0,0.4,183,2.2,2.2,17.5,14,13.2
2026-08-29T22:21:04Z,0,0,0,0,0,0,16.8,853.5,17,17.3,70.9,260,253,0,0.9,133,2.2,2.2,17.1,13.8,12.8
2026-08-29T22:36:13Z,0,0,0,0,0,0,16.4,853.3,16.6,16.8,73,259,254,0,0,185,0.2,0.2,16.7,13.7,12.4
2026-08-29T22:51:22Z,0,0,0,0,0,0,16,853.2,16.2,16.5,76.5,261,253,0,0.3,79,1.1,1.1,16.4,13.8,12.2
2026-08-29T23:06:31Z,0,0,0,0,0,0,15.8,853.2,16.1,16.2,77.7,260,252,0,0,101,0,0,16.1,13.6,11.9
2026-08-29T23:21:41Z,0,0,0,0,0,0,15.8,853.1,16.2,16.2,79.6,261,254,0,0,101,0,0,16.1,13.8,11.9
2026-08-29T23:37:07Z,0,0,0,0,0,0,15.9,853,16.2,16.3,80.5,259,254,0,0.1,101,0.4,0.4,16.2,14,12
2026-08-29T23:52:16Z,0,0,0,0,0,0,16.2,853,16.4,16.6,79.5,260,253,0,0.1,162,0.7,0.7,16.5,14.2,12.3
2026-08-30T00:00:20Z,0,0,0,0,0,0,16.2,853.1,16.4,16.6,80.4,260,254,0,0,111,0.4,0.4,16.5,14.3,12.3
2026-08-30T00:15:29Z,0,0,0,0,0,0,15.9,853.1,16.2,16.4,81.9,261,253,0,1.1,108,3.3,3.3,16.3,14.3,12.1
2026-08-30T00:31:21Z,0,0,0,0,0,0,15.7,853.1,16.1,16.1,82.8,259,254,0,0.1,108,0.7,0.7,16,14.1,11.8
2026-08-30T00:46:29Z,0,0,0,0,0,0,15.5,853,15.8,15.9,83.4,261,253,0,0.1,169,0.7,0.7,15.8,14,11.6
2026-08-30T01:01:39Z,0,0,0,0,0,0,15.6,853.2,16,16,82.8,260,251,0,1.5,162,2.2,2.2,15.9,14,11.7
2026-08-30T01:16:48Z,0,0,0,0,0,0,15.5,853.4,15.9,15.9,82.9,261,254,0,1.2,165,2,2,15.8,14,11.6
2026-08-30T01:32:16Z,0,0,0,0,0,0,15.4,853.2,15.8,15.8,83.1,261,254,0,0.3,149,0.9,0.9,15.7,13.9,11.5
2026-08-30T01:47:22Z,0,0,0,0,0,0,15.2,853.2,15.6,15.7,83.9,260,253,0,0.9,171,2.6,2.6,15.6,13.8,11.4
2026-08-30T02:02:31Z,0,0,0,0,0,0,15.1,853.4,15.5,15.6,84.3,260,253,0,0.5,172,1.1,1.1,15.5,13.8,11.3
2026-08-30T02:17:40Z,0,0,0,0,0,0,15.1,853.5,15.4,15.5,84.7,260,253,0,0.1,327,0.4,0.4,15.4,13.7,11.2
2026-08-30T02:33:21Z,0,0,0,0,0,0,14.9,853.6,15.2,15.4,84.9,259,253,0,0.1,187,0.7,0.7,15.3,13.6,11.1
2026-08-30T02:48:30Z,0,0,0,0,0,0,14.9,853.8,15.2,15.4,84.9,260,254,0,0.5,187,1.3,1.3,15.3,13.6,11.1
2026-08-30T03:03:39Z,0,0,0,0,0,0,14.9,853.9,15.2,15.4,84.9,260,253,0,0,88,0.4,0.4,15.3,13.6,11.1
2026-08-30T03:18:48Z,0,0,0,0,0,0,15,854,15.3,15.4,85,260,261,0,0.2,128,0.7,0.7,15.3,13.7,11.1
2026-08-30T03:45:32Z,0,0,0,0.1,0,0,14.7,854.2,15.1,15.1,86.4,271,372,0,0.4,150,1.1,1.1,15.1,13.6,10.9
2026-08-30T04:00:57Z,0,0,0,0.1,0,0,14.7,854.4,15.1,15.2,86.2,280,470,0,0,150,0,0,15.1,13.6,10.9
2026-08-30T04:16:06Z,0,0,0,0.3,0,0,15,854.7,15.3,15.4,85,305,743,0,0.1,90,0.4,0.4,15.3,13.7,11.1
2026-08-30T04:31:15Z,0,0,0,0.4,0,0,15.5,854.8,15.9,15.9,83.4,329,1046,0,0.1,90,0.9,0.9,15.8,13.9,11.6
2026-08-30T04:47:06Z,0,0,0,0.7,0,0,16.8,855,16.9,16.9,79.1,387,1758,0,0.3,178,1.1,1.1,16.8,14.5,12.6
2026-08-30T05:02:15Z,0,0,0,0.6,0,0,17.2,855.1,17.8,17.2,77.2,374,1496,0,0.9,178,1.5,1.5,17.1,14.5,12.8
2026-08-30T05:17:24Z,0,0,0,0.6,0,0,17.1,855.4,17.7,17.5,75.5,377,1539,0,0.8,172,1.7,1.7,17.4,14.6,13.2
2026-08-30T05:32:33Z,0,0,0,1.1,0,0,18.3,855.5,18.6,18.5,72.5,468,2584,0,0.4,116,1.5,1.5,18.4,15.2,14.1
2026-08-30T05:48:02Z,0,0,0,1.7,0,0,19.1,855.6,20,19,67.6,575,3848,0,0.5,186,2,2,18.9,15.1,14.6
2026-08-30T06:03:11Z,0,0,0,0.5,0,0,17.9,855.8,18.6,18.4,67.2,345,1106,0,1.2,145,1.7,1.7,18.3,14.5,14
2026-08-30T06:18:21Z,0,0,0,0.6,0,0,18,855.8,18.4,18.5,65.3,378,1516,0,0.6,166,2.6,2.6,18.3,14.3,14
2026-08-30T06:33:29Z,0,0,0,0.8,0,0,18.9,855.8,19.3,19.2,60.4,408,1769,0,0.8,73,2.2,2.2,19,14.3,14.6
2026-08-30T06:48:39Z,0,0,0,3,0,0,20.2,855.7,20.6,20.4,54.3,807,6460,0,1.1,102,2,2,20.1,14.6,15.7
2026-08-30T07:04:05Z,0,0,0,3.1,0,0,21.3,855.6,21.7,21.7,51.2,835,6693,0,0.7,65,1.5,1.5,21.5,15.3,16.9
2026-08-30T07:19:14Z,0,0,0,1.2,0,0,22,855.6,22.1,22.5,48.7,480,2533,0,1.6,72,2.4,2.4,22.3,15.7,17.6
2026-08-30T07:34:23Z,0,0,0,2.7,0,0,21.5,855.4,21.8,22.1,49.5,759,5714,0,0.9,87,2.2,2.2,21.9,15.4,17.2
2026-08-30T07:49:31Z,0,0,0,3.8,0,0,21,855.4,21.7,21.6,48.7,967,8161,0,1.4,184,2.2,2.2,21.3,14.9,16.7
2026-08-30T08:04:40Z,0,0,0,1,0,0,21.5,855.2,21.9,22,47.9,444,2179,0,0.7,167,2,2,21.8,15.1,17.1
2026-08-30T08:20:09Z,0,0,0,4.3,0,0,23,854.9,23.5,23.3,46.6,1059,9152,0,0.7,169,1.5,1.5,23.1,16.1,18.3
2026-08-30T08:35:18Z,0,0,0,1.3,0,0,22.6,854.7,23.1,23.4,44.6,505,2841,0,1.2,176,2.6,2.6,23.1,15.8,18.3
2026-08-30T08:50:27Z,0,0,0,1.3,0,0,22.4,854.4,22.8,23,46.3,507,2874,0,1.3,163,2.6,2.6,22.7,15.7,17.9
2026-08-30T09:05:36Z,0,0,0,3.3,0,0,22.7,854.2,23.1,23,47.2,874,7008,0,0.2,246,0.8,0.8,22.8,15.9,18
2026-08-30T09:20:45Z,0,0,0,4.2,0,0,23.4,854,23.9,24,43.6,1033,8820,0,0.8,78,1.3,1.3,23.8,16.1,18.8
2026-08-30T09:36:12Z,0,0,0,1.2,0,0,24.1,853.8,24.5,24.7,42.3,474,2560,0,0.3,112,1.3,1.3,24.5,16.5,19.4
2026-08-30T09:51:21Z,0,0,0,4.2,0,0,23.3,853.6,23.9,23.8,41.7,1044,8930,0,1,194,2,2,23.6,15.7,18.6
2026-08-30T10:06:30Z,0,0,0,1.2,0,0,23.4,853.3,23.7,24.1,40.6,481,2554,0,1.8,71,3.3,3.3,23.9,15.8,18.9
2026-08-30T10:21:40Z,0,0,0,2.8,0,0,24,853.1,24.2,24.5,41.9,770,5854,0,0.6,141,1.5,1.5,24.3,16.3,19.2
2026-08-30T10:36:48Z,0,0,0,1,0,0,24.3,852.9,24.5,24.8,41.2,446,2238,0,0.7,74,2.4,2.4,24.6,16.4,19.5
2026-08-30T10:52:15Z,0,0,0,3.8,0,0,24.6,852.6,25,25.2,41.2,974,8123,0,0.5,140,1.3,1.3,25,16.8,19.8
2026-08-30T11:07:23Z,0,0,0,1.2,0,0,25.5,852.4,25.6,26,39.1,491,2674,0,0.6,324,1.5,1.5,25.8,17,20.4
2026-08-30T11:22:31Z,0,0,0,1.1,0,0,25,852.3,25.1,25.8,40.7,461,2407,0,2.4,71,4.8,4.8,25.6,17.1,20.2
2026-08-30T11:37:40Z,0,0,0,0.8,0,0,24.7,852.1,24.9,25.3,42.5,404,1805,0,0.8,124,1.5,1.5,25.1,17,19.9
2026-08-30T11:52:49Z,0,0,0,3.5,0,0,25.3,851.9,25.4,25.9,40.8,910,7557,0,0.1,119,0.4,0.4,25.8,17.3,20.4
2026-08-30T12:08:17Z,0,0,0,0.8,0,0,23.9,851.9,24.2,24.5,45.7,408,1781,0,0.5,156,1.3,1.3,24.3,16.9,19.2
2026-08-30T12:23:26Z,0,0,0,2.7,0,0,23.8,851.8,24.2,24.5,48.4,768,5954,0,0.8,163,2.2,2.2,24.4,17.3,19.3
2026-08-30T12:38:35Z,0,0,0,0.7,0,0,25.6,851.7,26,26.6,43.3,395,1606,0,1.6,86,2.8,2.8,26.5,18.3,20.9
2026-08-30T12:53:44Z,0,0,0,0.7,0,0,24.3,851.7,24.8,25.2,47.7,384,1589,0,1,201,1.7,1.7,25.1,17.8,19.8
2026-08-30T13:08:54Z,0,0,0,0.8,0,0,23.2,851.7,23.4,23.8,50.6,399,1738,0,1.8,167,3.1,3.1,23.6,17,18.7
2026-08-30T13:24:20Z,0,0,0,1.7,0,0,23.6,851.6,23.9,24.2,50.2,576,3824,0,1.6,175,2.8,2.8,24.1,17.3,19
2026-08-30T13:39:28Z,0,0,0,1.7,0,0,23.8,851.6,24.2,24.7,48.8,577,3942,0,0.5,77,2.8,2.8,24.6,17.6,19.5
2026-08-30T13:54:37Z,0,0,0,1.2,0,0,23.8,851.7,24.2,24.7,49.6,488,2906,0,1.1,106,2.8,2.8,24.6,17.6,19.4
2026-08-30T14:10:28Z,0,0,0,0.3,0,0,22.4,851.8,22.8,22.9,54.3,316,758,0,0.6,80,1.5,1.5,22.8,16.8,18
2026-08-30T14:25:37Z,0,0,0,0.4,0,0,22.4,852,22.7,23.1,53.3,326,928,0,1.2,108,3.1,3.1,22.9,16.8,18.1
2026-08-30T14:41:29Z,0,0,0,0.2,0,0,21.8,852.1,22.1,22.3,55.2,300,607,0,0.8,150,2.2,2.2,22.2,16.4,17.4
2026-08-30T14:56:38Z,0,0,0,0.1,0,0,21.5,852.1,21.8,21.9,56.6,282,424,0,0.3,173,2,2,21.8,16.3,17.1
2026-08-30T15:11:47Z,0,0,0,0.1,0,0,21.3,852.2,21.4,21.7,57.5,275,385,0,0.5,122,1.1,1.1,21.6,16.2,16.9
2026-08-30T15:26:57Z,0,0,0,0.1,0,0,21,852.4,21.2,21.4,58.3,267,299,0,0.9,173,1.9,1.9,21.3,16,16.7
2026-08-30T15:42:34Z,0,0,0,0,0,0,20.7,852.5,20.9,21.1,59.9,261,262,0,0.3,91,0.9,0.9,20.9,16,16.4
2026-08-30T15:57:43Z,0,0,0,0,0,0,20.5,852.7,20.7,20.9,60.4,262,253,0,0.6,91,1.3,1.3,20.7,15.8,16.2
2026-08-30T16:12:52Z,0,0,0,0,0,0,20.3,852.8,20.5,20.7,61.5,261,253,0,0.1,91,0.9,0.9,20.6,15.8,16.1
2026-08-30T16:28:02Z,0,0,0,0,0,0,20.4,853,20.6,20.8,61.9,259,252,0,0.6,185,1.1,1.1,20.7,16,16.2
2026-08-30T16:43:30Z,0,0,0,0,0,0,20.4,853.1,20.5,20.8,62.5,262,254,0,1.6,184,3.1,3.1,20.6,16,16.1
2026-08-30T16:58:38Z,0,0,0,0,0,0,20.2,853.3,20.4,20.6,63.3,260,252,0,0.1,182,0.8,0.8,20.5,16,16
2026-08-30T17:13:47Z,0,0,0,0,0,0,20,853.4,20.2,20.5,64.1,260,252,0,0.5,144,2.2,2.2,20.3,15.9,15.9
2026-08-30T17:28:56Z,0,0,0,0,0,0,19.7,853.5,19.9,20.1,66.3,259,254,0,0.6,98,1.3,1.3,20,15.9,15.5
2026-08-30T17:44:05Z,0,0,0,0,0,0,19.4,853.8,19.5,19.8,68.1,260,255,0,0.3,91,1.1,1.1,19.7,15.8,15.3
2026-08-30T17:59:33Z,0,0,0,0,0,0,19.1,853.9,19.3,19.5,69.5,259,253,0,0.2,117,0.9,0.9,19.4,15.8,15.1
2026-08-30T18:14:42Z,0,0,0,0,0,0,18.9,854.1,19.1,19.3,71.1,260,253,0,0.1,87,0.4,0.4,19.2,15.8,14.9
2026-08-30T18:29:50Z,0,0,0,0,0,0,18.6,854.2,18.8,19.1,72.6,259,253,0,0.1,87,0.7,0.7,19,15.7,14.7
2026-08-30T18:44:59Z,0,0,0,0,0,0,18.5,854.4,18.7,18.9,73.9,261,254,0,0,87,0.2,0.2,18.9,15.8,14.5
2026-08-30T19:00:42Z,0,0,0,0,0,0,18.5,854.5,18.7,18.9,75.3,260,254,0,0.4,87,1.5,1.5,18.8,15.9,14.5
2026-08-30T19:15:50Z,0,0,0,0,0,0,18.3,854.6,18.6,18.8,78.2,259,254,0,0.8,177,2.6,2.6,18.7,16.1,14.4
2026-08-30T19:30:59Z,0,0,0,0,0,0,18.2,854.7,18.4,18.6,79.2,260,253,0,0.6,94,1.1,1.1,18.6,16.1,14.3
2026-08-30T19:46:07Z,0,0,0,0,0,0,17.8,854.8,17.9,18.2,79.9,260,254,0,2.4,170,4.2,4.2,18.2,15.8,13.9
2026-08-30T20:01:29Z,0,0,0,0,0,0,17.4,854.8,17.6,17.8,81.1,260,254,0,0.6,150,1.5,1.5,17.8,15.6,13.5
2026-08-30T20:16:38Z,0,0,0,0,0,0,17.2,854.8,17.4,17.6,82.9,261,253,0,0.8,183,1.5,1.5,17.6,15.6,13.3
2026-08-30T20:31:46Z,0,0,0,0,0,0,17.2,854.8,17.4,17.6,83.3,260,254,0,0.3,183,1.3,1.3,17.6,15.6,13.3
2026-08-30T20:46:55Z,0,0,0,0,0,0,17.2,854.8,17.3,17.6,84.3,259,253,0,0.2,98,1.1,1.1,17.7,15.8,13.4
2026-08-30T21:02:03Z,0,0,0,0,0,0,16.5,854.6,16.7,17,88,262,253,0,0.9,127,1.7,1.7,17,15.6,12.8
2026-08-30T21:17:34Z,0,0,0,0,0,0,16.4,854.3,16.6,16.9,89.1,261,255,0,0,98,0.2,0.2,16.9,15.6,12.7
2026-08-30T21:32:42Z,0,0,0,0,0,0,16.4,854.3,16.6,16.8,89.7,260,254,0,0,98,0,0,16.9,15.6,12.6
2026-08-30T21:47:51Z,0,0,0,0,0,0,16.2,854.1,16.4,16.7,90.9,260,253,0,1.1,187,2,2,16.7,15.6,12.5
2026-08-30T22:03:01Z,0,0,0,0,0,0,15.9,853.9,16.2,16.3,92.3,262,254,0,1.5,182,3.3,3.3,16.3,15.4,12.1
2026-08-30T22:18:09Z,0,0,0,0,0,0,15.9,853.7,16.2,16.3,91.8,260,253,0,0.7,144,1.5,1.5,16.3,15.3,12.1
2026-08-30T22:33:36Z,0,0,0,0,0,0,15.8,853.5,16.1,16.3,92,260,254,0,0.3,98,1.3,1.3,16.3,15.3,12.1
2026-08-30T22:48:44Z,0,0,0,0,0,0,15.8,853.5,16.1,16.3,92.1,259,253,0,0,98,0.2,0.2,16.3,15.4,12.1
2026-08-30T23:03:52Z,0,0,0,0,0,0,15.9,853.5,16.2,16.3,91.5,262,254,0,0.7,184,1.5,1.5,16.3,15.3,12.1
2026-08-30T23:19:01Z,0,0,0,0,0,0,15.9,853.4,16.2,16.3,91.3,261,253,0,0.2,173,0.7,0.7,16.3,15.3,12.1
2026-08-30T23:34:09Z,0,0,0,0,0,0,15.7,853.2,16.1,16.1,91.2,260,253,0,1.5,171,2.8,2.8,16.2,15.1,12
2026-08-30T23:49:18Z,0,0,0,0,0,0,15.7,853.1,16,16.1,91.1,260,254,0,0.8,189,2,2,16.1,15.1,11.9
2026-08-31T00:00:24Z,0,0,0,0,0,0,15.6,853.1,16,16,90.9,261,255,0,0.5,186,1.5,1.5,16,14.9,11.8
2026-08-31T00:15:45Z,0,0,0.2,0,0,0,15.5,853,15.9,15.9,90.3,259,254,0,1.7,193,4.6,4.6,15.9,14.8,11.7
2026-08-31T00:30:53Z,0,0,0.2,0,0,0,14.6,853,15,15.1,92.3,262,252,0,1.2,175,2.6,2.6,15.1,14.2,10.9
2026-08-31T00:46:02Z,0,0,0.2,0,0,0,14.4,853,14.7,14.9,93.8,260,254,0,0.8,164,1.3,1.3,14.9,14.2,10.7
2026-08-31T01:01:10Z,0,0,0.2,0,0,0,14.4,853,14.7,14.8,94.7,261,253,0,0.8,162,1.7,1.7,14.8,14.2,10.7
2026-08-31T01:16:39Z,0,0,0.2,0,0,0,14.4,853,14.8,14.8,94.8,260,254,0,0.5,191,1.4,1.4,14.8,14.2,10.6
2026-08-31T01:31:48Z,0,0,0.2,0,0,0,14.4,853,14.7,14.8,93.1,262,253,0,0.4,190,1.3,1.3,14.8,14,10.6
2026-08-31T01:46:56Z,0,0,0.2,0,0,0,14.4,853,14.8,14.9,91.7,261,253,0,0.1,190,0.4,0.4,14.8,13.9,10.6
2026-08-31T02:02:04Z,0,0,0.2,0,0,0,14.5,853.1,14.8,14.9,91,260,254,0,0.3,168,1,1,14.9,13.9,10.7
2026-08-31T02:17:12Z,0,0,0.2,0,0,0,14.4,853.1,14.7,14.8,91.4,260,253,0,0.1,110,0.7,0.7,14.8,13.8,10.6
2026-08-31T02:32:20Z,0,0,0.2,0,0,0,14.4,853.3,14.7,14.8,91.5,261,253,0,0.2,174,0.4,0.4,14.8,13.8,10.6
2026-08-31T02:47:48Z,0,0,0.2,0,0,0,14.3,853.3,14.6,14.8,91.5,260,254,0,0.2,174,0.4,0.4,14.8,13.8,10.6
2026-08-31T03:03:12Z,0,0,0.2,0,0,0,14.2,853.5,14.6,14.7,91.2,261,253,0,0.3,119,1.1,1.1,14.6,13.6,10.4
2026-08-31T03:18:21Z,0,0,0.2,0,0,0,14.2,853.5,14.6,14.7,90.9,261,257,0,0,131,0.2,0.2,14.6,13.6,10.4
2026-08-31T03:33:29Z,0,0,0.2,0,0,0,14.4,853.8,14.8,14.8,91,262,274,0,0.6,106,1.1,1.1,14.7,13.7,10.5
2026-08-31T03:48:37Z,0,0,0.4,0.1,0,0,14.6,854,14.9,14.9,90.3,272,404,0,0.4,106,1.1,1.1,14.9,13.8,10.7
2026-08-31T04:03:45Z,0,0,0.4,0.1,0,0,14.8,853.9,15.1,15.1,89.2,278,443,0,0,106,0,0,15.1,13.9,10.9
2026-08-31T04:18:54Z,0,0,0.4,0.2,0,0,15.1,854,15.4,15.5,86,284,516,0,0.3,106,0.7,0.7,15.4,13.9,11.2
2026-08-31T04:34:16Z,0,0,0.4,0.2,0,0,15.3,854.2,15.6,15.7,83.2,299,685,0,0.7,107,1.1,1.1,15.6,13.7,11.4
2026-08-31T04:49:25Z,0,0,0.4,0.2,0,0,15.4,854.3,15.8,15.9,83.5,292,622,0,0,107,0.2,0.2,15.8,14,11.6
2026-08-31T05:04:34Z,0,0,0.4,0.4,0,0,15.6,854.4,16,16,81.4,329,1059,0,0.4,107,1.7,1.7,15.9,13.9,11.7
2026-08-31T05:19:43Z,0,0,0.4,0.5,0,0,16.3,854.6,16.4,16.6,77.2,353,1325,0,1.1,107,2,2,16.5,14,12.3
2026-08-31T05:34:53Z,0,0,0.4,0.6,0,0,16.7,854.7,16.8,17.1,75.8,369,1483,0,0.2,104,0.4,0.4,16.9,14.2,12.7
2026-08-31T05:50:19Z,0,0,0.4,0.8,0,0,17,854.9,17.2,17.4,73,398,1844,0,0.6,169,1.3,1.3,17.3,14.2,13
2026-08-31T06:05:29Z,0,0,0,0.6,0.4,0,17.2,855,17.4,17.6,71.6,372,1512,0,0.6,191,1.3,1.3,17.5,14.2,13.2
2026-08-31T06:20:37Z,0,0,0,0.6,0.4,0,17.9,855.1,18,18.4,70,365,1429,0,1,99,2.4,2.4,18.3,14.8,14
2026-08-31T06:35:46Z,0,0,0,0.2,0.4,0,17.5,855.2,17.7,18,72.4,303,749,0,0.4,100,1.3,1.3,17.9,14.8,13.7
2026-08-31T06:50:56Z,0,0,0,0.6,0.4,0,17,855.3,17.2,17.5,74.2,373,1526,0,0.1,100,0.4,0.4,17.4,14.4,13.1
2026-08-31T07:06:23Z,0,0,0,0.4,0.4,0,18.2,855.2,18.4,18.6,71.3,333,1091,0,0.4,100,0.9,0.9,18.5,15.1,14.2
2026-08-31T07:21:32Z,0,0,0,0.4,0.4,0,17.7,855.3,18,18.2,71.2,325,977,0,0.4,100,1.3,1.3,18.1,14.8,13.8
2026-08-31T07:36:41Z,0,0,0,0.6,0.4,0,17.8,855.2,18.1,18.4,70.7,361,1388,0,0.4,100,0.9,0.9,18.2,14.8,13.9
2026-08-31T07:51:51Z,0,0,0,0.5,0.4,0,18,855,18.1,18.5,67.2,358,1338,0,0.9,100,1.7,1.7,18.3,14.5,14
2026-08-31T08:07:00Z,0,0,0,0.8,0.4,0,18.3,855,18.4,18.8,66.7,403,1839,0,1.2,100,2,2,18.6,14.7,14.3
2026-08-31T08:22:26Z,0,0,0,1.2,0.4,0,19.3,854.8,19.3,19.7,64.1,480,2697,0,1.1,100,2,2,19.5,15.2,15.1
2026-08-31T08:37:34Z,0,0,0,0.9,0.4,0,20,854.8,20.1,20.6,61.4,426,2078,0,0.3,100,1.3,1.3,20.4,15.7,15.9
2026-08-31T08:52:43Z,0,0,0,0.7,0.4,0,19.7,854.6,19.8,20.2,61.8,381,1605,0,0.6,100,1.3,1.3,20.1,15.5,15.6
2026-08-31T09:07:52Z,0,0,0,0.9,0.4,0,19.6,854.4,19.8,20,62.6,432,2136,0,0.8,100,1.3,1.3,19.9,15.4,15.5
2026-08-31T09:23:01Z,0,0,0,0.7,0.4,0,19.5,854.3,19.5,20,61.6,393,1699,0,0.6,100,1.7,1.7,19.9,15.3,15.5
2026-08-31T09:38:29Z,0,0,0,0.6,0.4,0,19.3,854.1,19.6,19.8,62.7,376,1507,0,1.2,100,2,2,19.6,15.2,15.2
2026-08-31T09:53:39Z,0,0,0,0.9,0.4,0,19.5,853.8,19.8,20,62.1,423,2029,0,0.8,100,1.7,1.7,19.9,15.3,15.4
2026-08-31T10:08:47Z,0,0,0,1,0.4,0,19.9,853.6,20.1,20.5,61.3,438,2198,0,0.1,100,0.4,0.4,20.3,15.6,15.8
2026-08-31T10:24:38Z,0,0,0,1.4,0.4,0,20.2,853.4,20.3,20.8,61.5,517,3091,0,0.4,100,1.1,1.1,20.7,15.9,16.2
2026-08-31T10:39:46Z,0,0,0,0.5,0.4,0,20.6,853.2,20.7,21.3,59.7,343,1133,0,0.7,100,0.9,0.9,21.2,16.2,16.6
2026-08-31T10:54:55Z,0,0,0,0.4,0.4,0,20.3,853,20.3,20.9,60.4,336,1063,0,0.9,100,1.3,1.3,20.8,15.9,16.2
2026-08-31T11:10:04Z,0,0,0,0.8,0.4,0,20,852.8,20.1,20.5,62.3,414,1948,0,0.9,100,1.3,1.3,20.4,15.8,15.9
2026-08-31T11:25:13Z,0,0,0,1.3,0.4,0,20.8,852.6,20.9,21.2,61.1,498,2889,0,0.5,100,1.3,1.3,21.1,16.3,16.6
2026-08-31T11:40:34Z,0,0,0,1.5,0.4,0,22,852.3,22,22.3,57,538,3326,0,0.8,100,1.3,1.3,22.2,16.7,17.5
2026-08-31T11:55:42Z,0,0,0,0.4,0.4,0,21.8,852.2,21.6,22,57.9,327,1003,0,0.8,70,1.1,1.1,21.8,16.5,17.2
2026-08-31T12:10:51Z,0,0,0,0.3,0.4,0,21,852.1,21,21.4,59.8,306,744,0,0.4,111,1.1,1.1,21.2,16.2,16.6
2026-08-31T12:26:00Z,0,0,0,0.6,0.4,0,20.6,852.1,20.5,20.8,61.6,374,1509,0,0.2,107,0.7,0.7,20.7,16,16.2
2026-08-31T12:41:29Z,0,0,0,0.4,0.4,0,20.7,851.9,20.7,20.9,61.5,335,1113,0,0.2,105,0.7,0.7,20.8,16,16.3
2026-08-31T12:56:37Z,0,0,0,0.6,0.4,0,21.1,851.9,21,21.3,60.8,369,1467,0,0.2,105,0.7,0.7,21.1,16.3,16.6
2026-08-31T13:11:46Z,0,0,0,0.3,0.4,0,20.8,851.7,20.8,20.9,63.1,323,931,0,0,105,0,0,20.8,16.3,16.3
2026-08-31T13:26:54Z,0,0,0,0.2,0.4,0,20.5,851.7,20.5,20.7,63.7,296,636,0,0.1,105,0.6,0.6,20.6,16.1,16.1
2026-08-31T13:42:03Z,0,0,0,0.2,0.4,0,20.3,851.7,20.3,20.5,64.7,293,623,0,0.5,105,0.9,0.9,20.4,16,15.9
2026-08-31T13:57:11Z,0,0,0,0.2,0.4,0,19.8,851.8,19.8,20,66.1,288,581,0,0.7,104,1.6,1.6,19.9,15.8,15.4
2026-08-31T14:12:33Z,0,0,0,0.2,0.4,0,19.7,851.8,19.8,20,65.9,288,557,0,0.2,105,0.7,0.7,19.8,15.7,15.4
2026-08-31T14:27:42Z,0,0,0,0.3,0.4,0,19.8,851.7,19.9,20.1,65.1,306,753,0,0.3,105,0.7,0.7,20,15.8,15.6
2026-08-31T14:42:50Z,0,0,0,0.2,0.4,0,19.9,851.8,20.1,20.2,65.5,295,630,0,0.1,105,0.4,0.4,20.1,15.9,15.7
2026-08-31T14:58:00Z,0,0,0,0.2,0.4,0,19.8,851.7,19.9,20.1,65.7,284,477,0,0.1,105,0.4,0.4,20,15.8,15.6
2026-08-31T15:13:44Z,0,0,0,0.1,0.4,0,19.5,851.8,19.5,19.8,67.4,276,432,0,0,105,0,0,19.6,15.7,15.2
2026-08-31T15:28:53Z,0,0,0,0,0.4,0,19.3,851.8,19.3,19.5,68.9,264,287,0,0,105,0.2,0.2,19.4,15.7,15.1
2026-08-31T15:44:02Z,0,0,0,0,0.4,0,19,852.1,19.1,19.3,69.5,261,257,0,0,105,0,0,19.2,15.6,14.8
2026-08-31T15:59:12Z,0,0,0,0,0.4,0,18.8,852,18.9,19.1,70.5,260,253,0,0.1,105,0.4,0.4,19,15.5,14.7
2026-08-31T16:14:41Z,0,0,0,0,0.4,0,18.6,852.1,18.8,18.9,71.2,258,254,0,0,105,0,0,18.8,15.4,14.5
2026-08-31T16:29:50Z,0,0,0,0,0.4,0,18.5,852.1,18.6,18.8,71.7,260,253,0,0,105,0,0,18.7,15.4,14.4
2026-08-31T16:45:00Z,0,0,0,0,0.4,0,18.4,852.3,18.6,18.7,72.4,261,252,0,0,105,0,0,18.6,15.4,14.3
2026-08-31T17:00:10Z,0,0,0,0,0.4,0,18.3,852.4,18.4,18.6,72.8,260,254,0,0,105,0,0,18.5,15.3,14.2
2026-08-31T17:15:19Z,0,0,0,0,0.4,0,18.3,852.4,18.4,18.6,73,260,253,0,0,105,0,0,18.5,15.3,14.2
2026-08-31T17:30:45Z,0,0,0,0,0.4,0,18.5,852.6,18.6,18.8,72.8,259,254,0,0.4,105,1.3,1.3,18.7,15.5,14.4
2026-08-31T17:45:55Z,0,0,0,0,0.4,0,18.6,852.7,18.8,19,74.3,259,253,0,0,105,0.4,0.4,18.9,15.9,14.6
2026-08-31T18:01:04Z,0,0,0,0,0.4,0,18.6,852.8,18.7,18.9,76.7,260,254,0,0.7,144,2.2,2.2,18.9,16.1,14.6
2026-08-31T18:16:13Z,0,0,0,0,0.4,0,18.3,853,18.4,18.7,78,259,256,0,0.9,123,2.6,2.6,18.7,16.1,14.4
2026-08-31T18:31:23Z,0,0,0,0,0.4,0,18,853.1,18.1,18.4,79.1,261,253,0,0.7,103,1.3,1.3,18.4,15.9,14.1
2026-08-31T18:46:48Z,0,0,0,0,0.4,0,17.7,853.2,17.8,18.1,79.2,259,253,0,0.3,103,1.7,1.7,18,15.6,13.7
2026-08-31T19:01:58Z,0,0,0,0,0.4,0,17.5,853.4,17.6,17.9,80.1,261,254,0,0.7,129,1.5,1.5,17.8,15.5,13.6
2026-08-31T19:17:07Z,0,0,0,0,0.4,0,17.3,853.3,17.4,17.7,80,260,253,0,1.3,103,2,2,17.7,15.3,13.4
2026-08-31T19:32:17Z,0,0,0,0,0.4,0,17.2,853.4,17.4,17.6,79.9,261,253,0,0.6,146,1.3,1.3,17.6,15.2,13.3
2026-08-31T19:47:26Z,0,0,0,0,0.4,0,17.2,853.5,17.3,17.6,80.3,260,253,0,0.9,166,1.7,1.7,17.5,15.2,13.3
2026-08-31T20:02:52Z,0,0,0,0,0.4,0,17.1,853.7,17.3,17.5,80.7,260,254,0,1.9,178,3.7,3.7,17.5,15.2,13.2
2026-08-31T20:18:02Z,0,0,0,0,0.4,0,17.2,853.6,17.3,17.5,80.7,261,253,0,0.4,102,0.9,0.9,17.5,15.3,13.3
2026-08-31T20:33:11Z,0,0,0,0,0.4,0,17.1,853.6,17.2,17.5,81.8,260,253,0,0.8,102,1.7,1.7,17.4,15.3,13.2
2026-08-31T20:48:21Z,0,0,0,0,0.4,0,16.9,853.6,17,17.3,81.7,261,253,0,0.2,102,0.7,0.7,17.2,15.1,13
2026-08-31T21:03:31Z,0,0,0,0,0.4,0,16.8,853.6,17,17.2,81.6,260,253,0,0,102,0.2,0.2,17.1,15,12.9
2026-08-31T21:18:56Z,0,0,0,0,0.4,0,16.6,853.4,16.8,17,80.5,260,255,0,0.7,108,2,2,17,14.7,12.7
2026-08-31T21:34:05Z,0,0,0,0,0.4,0,16.4,853.2,16.5,16.8,81.4,260,254,0,0.1,109,0.4,0.4,16.7,14.6,12.5
2026-08-31T21:49:15Z,0,0,0,0,0.4,0,16.1,853.2,16.2,16.5,82.9,259,253,0,0.7,109,2.2,2.2,16.5,14.5,12.2
2026-08-31T22:04:25Z,0,0,0,0,0.4,0,15.9,853.1,16.2,16.3,83.6,260,255,0,0,109,0,0,16.3,14.4,12.1
2026-08-31T22:19:34Z,0,0,0,0,0.4,0,15.9,853,16.2,16.3,84,261,254,0,0,109,0,0,16.3,14.5,12.1
2026-08-31T22:35:00Z,0,0,0,0,0.4,0,15.9,852.8,16.2,16.3,84.5,261,252,0,0.6,109,1.1,1.1,16.3,14.5,12.1
2026-08-31T22:50:10Z,0,0,0,0,0.4,0,15.7,852.7,16,16.1,85.1,260,254,0,0.2,109,0.4,0.4,16.1,14.4,11.9
2026-08-31T23:05:20Z,0,0,0,0,0.4,0,15.4,852.8,15.8,15.8,86.2,259,253,0,0.2,109,0.7,0.7,15.7,14.2,11.5
2026-08-31T23:20:29Z,0,0,0,0,0.4,0,15.2,852.8,15.6,15.6,86.9,259,253,0,0,109,0,0,15.6,14.1,11.4
2026-08-31T23:35:39Z,0,0,0,0,0.4,0,15.1,852.7,15.4,15.5,87.4,260,253,0,0,109,0,0,15.4,14,11.2
2026-08-31T23:51:02Z,0,0,0,0,0.4,0,15,852.7,15.3,15.4,88,260,253,0,0,109,0,0,15.3,14,11.2
2026-09-01T00:00:08Z,0,0,0,0,0.4,0,15.1,852.7,15.5,15.5,88.1,261,253,0,0.1,109,0.4,0.4,15.5,14.1,11.3
2026-09-01T00:15:17Z,0,0,0,0,0.4,0,15.3,852.6,15.7,15.7,87.5,260,253,0,0.1,109,0.7,0.7,15.7,14.3,11.5
2026-09-01T00:30:27Z,0,0,0,0,0.4,0,15.5,852.5,15.8,15.9,88,260,253,0,0.3,109,0.9,0.9,15.8,14.5,11.6
2026-09-01T00:45:36Z,0,0,0,0,0.4,0,15.5,852.8,15.8,15.9,88.6,260,253,0,0.6,109,1.1,1.1,15.9,14.6,11.7
2026-09-01T01:01:03Z,0,0,0,0,0.4,0,15.4,852.8,15.7,15.8,89.4,259,254,0,0.2,109,0.7,0.7,15.8,14.6,11.6
2026-09-01T01:16:12Z,0,0,0,0,0.4,0,15.3,852.9,15.6,15.7,90,260,253,0,0,109,0.2,0.2,15.7,14.5,11.5
2026-09-01T01:31:58Z,0,0,0,0,0.4,0,15.2,852.9,15.6,15.6,90.2,259,254,0,0.1,109,0.2,0.2,15.6,14.5,11.4
2026-09-01T01:47:23Z,0,0,0,0,0.4,0,15.2,852.9,15.5,15.6,90.4,260,253,0,0,109,0,0,15.6,14.5,11.4
2026-09-01T02:02:32Z,0,0,0,0,0.4,0,15.3,853,15.6,15.7,90.3,262,254,0,0,109,0,0,15.7,14.5,11.5
2026-09-01T02:18:32Z,0,0,0,0,0.4,0,15.2,853,15.6,15.6,90.3,259,253,0,0,109,0,0,15.6,14.5,11.4
2026-09-01T02:33:41Z,0,0,0,0,0.4,0,15.2,853.2,15.4,15.6,90.4,261,255,0,0.4,109,0.7,0.7,15.6,14.5,11.4
2026-09-01T02:48:51Z,0,0,0,0,0.4,0,15.1,853.4,15.4,15.6,90.4,261,253,0,0.4,109,0.9,0.9,15.5,14.4,11.3
2026-09-01T03:04:00Z,0,0,0,0,0.4,0,15,853.5,15.2,15.5,90.4,259,254,0,0.7,109,1.3,1.3,15.5,14.4,11.3
2026-09-01T03:19:30Z,0,0,0,0,0.4,0,14.8,853.6,15.1,15.3,90.8,262,256,0,0.4,109,0.9,0.9,15.2,14.2,11.1
2026-09-01T03:34:39Z,0,0,0,0,0.4,0,14.8,854,15.1,15.2,90.9,262,285,0,0.1,109,0.9,0.9,15.2,14.2,11
2026-09-01T03:49:48Z,0,0,0,0.1,0.4,0,14.8,853.9,15.1,15.3,90.9,269,364,0,0.3,109,0.7,0.7,15.2,14.2,11
2026-09-01T04:04:56Z,0,0,0,0.2,0.4,0,14.9,854,15.2,15.3,90.1,304,799,0,1,109,1.3,1.3,15.3,14.2,11.1
2026-09-01T04:20:05Z,0,0,0,0.4,0.4,0,15.2,854.1,15.5,15.6,88.4,333,1121,0,0.9,108,1.1,1.1,15.5,14.2,11.3
2026-09-01T04:35:28Z,0,0,0,0.3,0.4,0,15.5,854.4,15.8,15.9,86.6,318,906,0,0.6,109,0.9,0.9,15.9,14.4,11.7
2026-09-01T04:50:37Z,0,0,0,0.3,0.4,0,15.5,854.7,15.7,16,86.8,314,853,0,0.1,109,0.4,0.4,15.9,14.4,11.7
2026-09-01T05:06:34Z,0,0,0,0.6,0.4,0,16,854.9,16.2,16.4,85.2,359,1382,0,0.5,109,0.9,0.9,16.4,14.7,12.1
2026-09-01T05:21:42Z,0,0,0,1.2,0.4,0,17.4,855.1,17.2,17.4,80.8,479,2833,0,1.3,108,2,2,17.3,15.1,13.1
2026-09-01T05:36:51Z,0,0,0,1.5,0.4,0,19.2,855.3,19.4,19.1,74.4,544,3556,0,0,109,0.1,0.1,19.1,16,14.7
2026-09-01T05:51:59Z,0,0,0,2.2,0.4,0,20.3,855.3,20.6,20.5,69.5,678,5173,0,0.3,109,1,1,20.5,16.7,16
2026-09-01T06:07:08Z,0,0,0,1.3,0,0,19.8,855.5,20.4,20.3,67.1,506,2995,0,0.5,109,2.2,2.2,20.2,16.2,15.7
2026-09-01T06:22:32Z,0,0,0,0.9,0,0,19.1,855.5,19.6,19.6,68.9,432,2174,0,0.4,109,1.1,1.1,19.5,15.8,15.1
2026-09-01T06:37:41Z,0,0,0,1.1,0,0,18.9,855.6,19.1,18.9,68.1,469,2590,0,0.1,109,0.4,0.4,18.8,15,14.5
2026-09-01T06:52:50Z,0,0,0,0.9,0,0,19.5,855.6,19.6,19.7,67.4,417,2034,0,0.1,109,0.7,0.7,19.6,15.7,15.2
2026-09-01T07:07:58Z,0,0,0,1.2,0,0,19.4,855.5,19.9,20,64.2,482,2720,0,0.9,109,1.5,1.5,19.9,15.6,15.4
2026-09-01T07:23:07Z,0,0,0,1.1,0,0,19.3,855.5,19.7,19.8,65.4,463,2521,0,0.8,168,1.7,1.7,19.7,15.5,15.3
2026-09-01T07:38:35Z,0,0,0,1.4,0,0,20.3,855.5,20.6,20.5,63.6,519,3136,0,0.8,258,1.7,1.7,20.4,15.9,15.9
2026-09-01T07:53:43Z,0,0,0,1.8,0,0,20.1,855.4,20.4,20.1,65.1,587,3817,0,0.5,238,1.1,1.1,20,15.8,15.6
2026-09-01T08:08:53Z,0,0,0,0.9,0,0,19.8,855.2,20.1,20.1,63.2,422,2010,0,0.7,113,1.1,1.1,19.9,15.5,15.5
2026-09-01T08:24:02Z,0,0,0,1.6,0,0,20.1,855,20.5,20.5,62.7,564,3498,0,0.2,204,0.7,0.7,20.4,15.8,15.9
2026-09-01T08:39:10Z,0,0,0,1.7,0,0,21.2,854.9,21.6,21.3,58.7,582,3796,0,1.5,261,2.6,2.6,21.2,16,16.6
2026-09-01T08:54:44Z,0,0,0,3.1,0,0,21.8,854.7,22.1,21.8,58.9,835,6667,0,0.9,251,1.5,1.5,21.7,16.5,17.1
2026-09-01T09:09:53Z,0,0,0,2.3,0,0,22.2,854.5,22.7,22.8,54.6,690,4983,0,0.5,132,2.2,2.2,22.7,16.8,17.9
2026-09-01T09:25:49Z,0,0,0,1.6,0,0,21.7,854.3,22.2,22.4,55,553,3540,0,0.7,104,1.3,1.3,22.2,16.5,17.5
2026-09-01T09:40:58Z,0,0,0,3.4,0,0,22.9,854,23.3,23.4,53.3,894,7326,0,0,104,0.2,0.2,23.3,17.1,18.4
2026-09-01T09:56:46Z,0,0,0,1.5,0,0,22.6,853.6,23.1,23.1,52.3,546,3420,0,0.6,105,1.1,1.1,23,16.7,18.1
2026-09-01T10:11:54Z,0,0,0,3,0,0,23.6,853.2,24.2,24.2,51.4,810,6347,0,1.1,105,2.2,2.2,24.1,17.5,19
2026-09-01T10:27:50Z,0,0,0,1.1,0,0,24.2,853,24.7,24.7,49.2,469,2395,0,0.9,105,2,2,24.6,17.6,19.4
2026-09-01T10:42:51Z,0,0,0,2,0,0,24.8,852.6,25.2,25,47.2,633,4251,0,0.5,105,1.7,1.7,24.9,17.6,19.7
2026-09-01T10:58:00Z,0,0,0,2.9,0,0,24.1,852.4,24.6,24.2,48.8,795,6197,0,1.1,201,1.5,1.5,24,17.1,19
2026-09-01T11:13:09Z,0,0,0,0.9,0,0,24,852.1,24.5,24.7,47.8,417,2028,0,1.4,167,3.7,3.7,24.5,17.4,19.4
2026-09-01T11:28:18Z,0,0,0,1.5,0,0,23.2,851.9,23.6,23.7,49.7,535,3256,0,0.6,165,1.5,1.5,23.6,16.8,18.6
2026-09-01T11:43:27Z,0,0,0,3.1,0,0,24.8,851.7,24.9,24.9,47.6,830,6737,0,0.7,160,2,2,24.8,17.5,19.6
2026-09-01T11:58:50Z,0,0,0,0.9,0,0,24.9,851.5,25.4,25.4,45.3,433,2116,0,0.7,167,1.5,1.5,25.3,17.6,20
2026-09-01T12:14:00Z,0,0,0,2.6,0,0,24.4,851.3,24.8,25.1,45.7,750,5840,0,0.2,134,0.7,0.7,24.9,17.4,19.7
2026-09-01T12:29:57Z,0,0,0,0.9,0,0,26.2,851.2,25.9,27.5,40.4,432,2115,0,0.7,67,1.5,1.5,27.3,18.5,21.5
2026-09-01T12:45:06Z,0,0,0,0.6,0,0,24.2,851,24.4,24.9,45.6,367,1347,0,0.6,71,1.5,1.5,24.8,17.2,19.6
2026-09-01T13:00:59Z,0,0,0,2.1,0,0,26.1,850.8,26.2,26.9,41.1,649,4847,0,0.2,19,1.1,1.1,26.8,18.1,21.1
2026-09-01T13:16:08Z,0,0,0,0.5,0,0,25,850.9,25.4,25.9,42.6,354,1280,0,0.3,203,1.1,1.1,25.8,17.6,20.4
2026-09-01T13:31:18Z,0,0,0,0.3,0,0,24.6,850.8,24.9,25,44.2,319,931,0,0.3,146,1.3,1.3,24.8,17,19.6
2026-09-01T13:46:27Z,0,0,0,0.3,0,0,24.3,850.8,24.4,24.7,44.3,323,969,0,0.2,119,0.9,0.9,24.5,16.8,19.4
2026-09-01T14:01:56Z,0,0,0,0.4,0,0,24.3,850.8,24.4,24.6,44.3,341,1150,0,0.3,47,0.7,0.7,24.5,16.8,19.3
2026-09-01T14:17:05Z,0,0,0,0.5,0,0,24.5,850.9,24.7,24.9,43.7,343,1195,0,0.2,149,0.7,0.7,24.8,16.9,19.6
2026-09-01T14:32:14Z,0,0,0,0.3,0,0,24.2,850.9,24.4,24.6,43.9,316,862,0,1,151,2.2,2.2,24.4,16.7,19.3
2026-09-01T14:47:23Z,0,0,0,0.3,0,0,24,850.9,24.2,24.4,44.3,307,756,0,1.6,178,2.6,2.6,24.2,16.6,19.1
2026-09-01T15:02:52Z,0,0,0,0.2,0,0,23.9,851,24.1,24.2,45.1,291,605,0,0.7,153,1.7,1.7,24.1,16.6,19
2026-09-01T15:18:01Z,0,0,0,0.1,0,0,23.4,851.1,23.6,23.7,47.3,270,351,0,0.2,105,0.7,0.7,23.6,16.5,18.6
2026-09-01T15:33:10Z,0,0,0,0,0,0,22.8,851.3,23,23.2,48.8,263,275,0,0.5,125,1.7,1.7,23,16.2,18.1
2026-09-01T15:48:19Z,0,0,0,0,0,0,22.4,851.5,22.5,22.7,49.9,260,255,0,1.1,143,2.1,2.1,22.5,16,17.8
2026-09-01T16:04:02Z,0,0,0,0,0,0,21.9,851.5,22.1,22.2,50.9,260,254,0,0.1,197,0.4,0.4,22,15.8,17.3
2026-09-01T16:19:12Z,0,0,0,0,0,0,21.5,851.7,21.7,21.8,51.4,259,254,0,0.1,207,0.4,0.4,21.6,15.5,17
2026-09-01T16:34:21Z,0,0,0,0,0,0,21.3,851.8,21.5,21.6,52.1,260,254,0,0.5,150,1.3,1.3,21.4,15.4,16.8
2026-09-01T16:49:31Z,0,0,0,0,0,0,21.1,852,21.3,21.4,52.9,261,254,0,0.4,141,0.9,0.9,21.2,15.3,16.6
2026-09-01T17:04:58Z,0,0,0,0,0,0,20.9,852.1,21,21.2,53.5,260,253,0,1.2,174,1.7,1.7,21,15.2,16.4
2026-09-01T17:20:07Z,0,0,0,0,0,0,20.7,852.3,20.9,21,54.7,259,253,0,0.3,115,0.9,0.9,20.8,15.2,16.3
2026-09-01T17:35:17Z,0,0,0,0,0,0,20.5,852.4,20.6,20.9,56.1,260,253,0,0.4,184,1.1,1.1,20.7,15.3,16.2
2026-09-01T17:50:26Z,0,0,0,0,0,0,20.4,852.6,20.5,20.7,57.5,261,254,0,0.4,190,1.1,1.1,20.5,15.3,16
2026-09-01T18:05:35Z,0,0,0,0,0,0,20.2,852.7,20.4,20.5,58.6,260,253,0,0.4,201,1.3,1.3,20.3,15.3,15.9
2026-09-01T18:21:00Z,0,0,0,0,0,0,20.1,852.8,20.3,20.5,59.1,260,254,0,1.2,164,2.2,2.2,20.3,15.3,15.8
2026-09-01T18:36:10Z,0,0,0,0,0,0,20,853,20.2,20.4,59.7,261,254,0,1,167,1.5,1.5,20.2,15.3,15.8
2026-09-01T18:51:20Z,0,0,0,0,0,0,19.8,853.1,19.9,20.2,61.2,260,253,0,0.2,182,0.7,0.7,20,15.3,15.6
2026-09-01T19:06:28Z,0,0,0,0,0,0,19.5,853.3,19.7,19.9,63.1,260,252,0,0.5,170,2.2,2.2,19.8,15.3,15.3
2026-09-01T19:21:37Z,0,0,0,0,0,0,19.3,853.5,19.5,19.8,64,260,254,0,0.3,149,1.2,1.2,19.6,15.3,15.2
2026-09-01T19:37:04Z,0,0,0,0,0,0,19.1,853.7,19.2,19.5,66.3,260,254,0,0.7,122,2,2,19.4,15.4,15
2026-09-01T19:52:10Z,0,0,0,0,0,0,18.8,853.8,19,19.3,68,261,252,0,0.2,93,0.7,0.7,19.2,15.4,14.8
2026-09-01T20:07:20Z,0,0,0,0,0,0,18.5,853.8,18.7,18.9,70.1,261,253,0,0,148,0.2,0.2,18.8,15.3,14.5
2026-09-01T20:22:29Z,0,0,0,0,0,0,18.3,853.7,18.5,18.8,71.7,261,252,0,0.8,188,1.7,1.7,18.7,15.3,14.3
2026-09-01T20:37:39Z,0,0,0,0,0,0,18,853.6,18.2,18.5,73.1,261,254,0,1.4,185,2.6,2.6,18.4,15.3,14.1
2026-09-01T20:53:07Z,0,0,0,0,0,0,17.8,853.5,18,18.2,74.3,261,253,0,0.2,114,0.7,0.7,18.1,15.1,13.8
2026-09-01T21:08:17Z,0,0,0,0,0,0,17.5,853.4,17.6,17.9,75.7,259,253,0,0.5,187,1.1,1.1,17.8,15,13.5
2026-09-01T21:23:26Z,0,0,0,0,0,0,17.2,853.3,17.4,17.6,77.2,261,255,0,0.3,186,0.9,0.9,17.5,14.9,13.3
2026-09-01T21:38:36Z,0,0,0,0,0,0,17.1,853.1,17.3,17.5,77.7,260,253,0,0.1,105,0.7,0.7,17.4,14.9,13.2
2026-09-01T21:53:46Z,0,0,0,0,0,0,17,852.9,17.2,17.4,78.5,260,253,0,0.3,171,1.3,1.3,17.3,14.9,13.1
2026-09-01T22:09:09Z,0,0,0,0,0,0,16.8,852.8,17,17.3,80,261,253,0,0.4,110,1.1,1.1,17.2,14.9,13
2026-09-01T22:24:18Z,0,0,0,0,0,0,16.6,852.6,16.7,17,81.1,259,253,0,0.6,106,1.3,1.3,17,14.8,12.7
2026-09-01T22:39:27Z,0,0,0,0,0,0,16.5,852.5,16.6,16.9,81.7,261,254,0,0.3,194,1.3,1.3,16.8,14.7,12.6
2026-09-01T22:54:36Z,0,0,0,0,0,0,16.3,852.4,16.5,16.8,82,260,253,0,0,193,0,0,16.7,14.6,12.5
2026-09-01T23:09:45Z,0,0,0,0,0,0,16.3,852.5,16.5,16.7,82.2,260,254,0,0,194,0,0,16.7,14.6,12.5
2026-09-01T23:25:12Z,0,0,0,0,0,0,16.4,852.4,16.5,16.8,82,260,253,0,0,194,0.2,0.2,16.7,14.7,12.5
2026-09-01T23:40:21Z,0,0,0,0,0,0,16.4,852.4,16.5,16.8,82.2,261,254,0,1.1,194,1.7,1.7,16.7,14.7,12.5
2026-09-01T23:55:30Z,0,0,0,0,0,0,16.3,852.3,16.4,16.7,83.2,260,253,0,0.3,194,0.7,0.7,16.7,14.7,12.5
2026-09-02T00:00:32Z,0,0,0,0,0,0,16.2,852.2,16.4,16.7,83.6,260,253,0,0.2,194,0.4,0.4,16.6,14.7,12.4
2026-09-02T00:15:42Z,0,0,0,0,0,0,16.2,852.2,16.3,16.6,84,260,253,0,0.2,194,0.7,0.7,16.6,14.7,12.3
2026-09-02T00:31:16Z,0,0,0,0,0,0,16.1,852.2,16.3,16.6,84.2,261,254,0,0.1,194,0.4,0.4,16.6,14.7,12.3
2026-09-02T00:47:08Z,0,0,0,0,0,0,16.2,852.3,16.3,16.6,83.7,260,253,0,0.3,194,0.7,0.7,16.5,14.7,12.3
2026-09-02T01:02:32Z,0,0,0,0,0,0,16.1,852.3,16.2,16.5,84.9,260,254,0,0.7,194,1.1,1.1,16.5,14.8,12.3
2026-09-02T01:17:41Z,0,0,0,0,0,0,15.9,852.5,16.2,16.4,86,261,252,0,0.1,194,0.4,0.4,16.4,14.7,12.2
2026-09-02T01:32:50Z,0,0,0,0,0,0,15.9,852.7,16.1,16.3,86.4,260,253,0,0.7,194,1.2,1.2,16.3,14.7,12.1
2026-09-02T01:48:00Z,0,0,0,0,0,0,15.9,852.9,16.2,16.3,86.7,260,254,0,0.6,194,0.9,0.9,16.3,14.8,12.1
2026-09-02T02:03:10Z,0,0,0,0,0,0,15.9,852.9,16.2,16.3,86.5,260,253,0,0.1,194,0.4,0.4,16.3,14.7,12.1
2026-09-02T02:18:36Z,0,0,0,0,0,0,15.8,853.1,16.1,16.2,86.3,259,253,0,0,194,0.2,0.2,16.2,14.6,12
2026-09-02T02:33:45Z,0,0,0,0,0,0,15.7,853.1,16.1,16.2,86.3,260,254,0,0.1,194,0.4,0.4,16.1,14.6,11.9
2026-09-02T02:48:55Z,0,0,0,0,0,0,15.7,853.2,16,16.1,86.3,262,253,0,0,153,0.4,0.4,16.1,14.5,11.9
2026-09-02T03:04:05Z,0,0,0,0,0,0,15.6,853.2,16,16.1,86.3,260,253,0,0.1,89,0.4,0.4,16,14.5,11.8
2026-09-02T03:19:31Z,0,0,0,0,0,0,15.6,853.2,15.9,16,86.2,261,258,0,0,92,0,0,16,14.4,11.8
2026-09-02T03:34:40Z,0,0,0,0,0,0,15.6,853.2,15.9,16,86.1,262,271,0,0,163,0.2,0.2,16,14.4,11.8
2026-09-02T03:49:51Z,0,0,0,0,0,0,15.6,853.4,15.9,16,86.2,265,317,0,0.1,163,0.7,0.7,16,14.4,11.8
2026-09-02T04:05:00Z,0,0,0,0.1,0,0,15.7,853.5,16,16.1,86.1,277,439,0,0.4,163,0.7,0.7,16.1,14.5,11.9
2026-09-02T04:20:09Z,0,0,0,0.2,0,0,15.8,853.7,16.1,16.2,86,290,596,0,0.3,163,0.7,0.7,16.2,14.6,12
2026-09-02T04:35:34Z,0,0,0,0.2,0,0,16.1,853.9,16.3,16.5,85.1,302,712,0,0.2,163,0.4,0.4,16.5,14.7,12.2
2026-09-02T04:50:44Z,0,0,0,0.3,0,0,16.4,854.1,16.5,16.8,84.1,314,857,0,0.1,163,0.7,0.7,16.7,14.9,12.5
2026-09-02T05:05:53Z,0,0,0,0.4,0,0,16.3,854.3,16.5,16.8,83.6,332,1050,0,0.1,163,0.4,0.4,16.7,14.8,12.5
2026-09-02T05:21:02Z,0,0,0,0.5,0,0,16.5,854.4,16.8,17,82.4,344,1224,0,0.8,163,1.4,1.4,17,14.9,12.7
2026-09-02T05:36:12Z,0,0,0,0.5,0,0,16.7,854.7,16.9,17.2,81.1,347,1250,0,1.1,163,2.2,2.2,17.1,15,12.9
2026-09-02T05:51:37Z,0,0,0,0.6,0,0,17,854.7,17.2,17.4,80.5,376,1587,0,0.1,171,0.4,0.4,17.4,15.1,13.1
2026-09-02T06:06:47Z,0,0,0,0.8,0,0,17.4,854.9,17.8,17.9,77.8,412,1970,0,0.2,172,0.7,0.7,17.8,15.3,13.6
2026-09-02T06:21:56Z,0,0,0,1,0,0,18.8,854.8,19.1,19.2,73,439,2261,0,0.3,172,0.9,0.9,19.2,15.9,14.8
2026-09-02T06:37:06Z,0,0,0,0.8,0,0,18.9,854.7,19.2,19.3,71,400,1865,0,0.2,172,0.7,0.7,19.2,15.8,14.9
2026-09-02T06:52:15Z,0,0,0,1.8,0,0,20.6,854.7,20.8,20.8,68.1,591,3879,0,0.4,172,0.9,0.9,20.8,16.8,16.2
2026-09-02T07:07:41Z,0,0,0,3.2,0,0,21.2,854.4,20.8,20.8,64.1,862,7257,0,0.8,172,1.3,1.3,20.7,16.3,16.2
2026-09-02T07:22:50Z,0,0,0,1,0,0,20.2,854.4,20.1,20.1,65.1,452,2420,0,0.3,200,0.8,0.8,20,15.8,15.6
2026-09-02T07:38:00Z,0,0,0,1.2,0,0,21.1,854.3,21.6,21.6,58.9,476,2633,0,0.8,200,1.3,1.3,21.5,16.3,16.8
2026-09-02T07:53:09Z,0,0,0,3.6,0,0,21.8,854.2,21.9,22.1,57.5,921,7818,0,0.3,200,1.1,1.1,22,16.5,17.3
2026-09-02T08:08:18Z,0,0,0,1.8,0,0,22.7,854,23.2,22.9,54.1,600,3917,0,0.4,197,1.3,1.3,22.8,16.8,18
2026-09-02T08:23:44Z,0,0,0,4.1,0,0,22.5,853.9,23.1,23.2,53.3,1013,8830,0,0.7,197,1.3,1.3,23.1,16.9,18.2
2026-09-02T08:38:53Z,0,0,0,3.7,0,0,24,853.7,24.4,24.7,49.2,954,8047,0,0.2,124,0.7,0.7,24.6,17.6,19.5
2026-09-02T08:54:02Z,0,0,0,4,0,0,24,853.5,24.8,24.8,48.5,1001,8566,0,0.4,200,1.1,1.1,24.6,17.5,19.5
2026-09-02T09:09:11Z,0,0,0,3.9,0,0,24.4,853.3,24.9,24.9,47,981,8357,0,0.9,60,2,2,24.7,17.4,19.6
2026-09-02T09:24:53Z,0,0,0,4,0,0,24.1,853.1,24.9,24.5,46.7,997,8530,0,0.6,192,1.7,1.7,24.4,17.1,19.3
2026-09-02T09:40:01Z,0,0,0,1.1,0,0,24.3,852.8,24.9,24.5,46.5,467,2338,0,0.8,192,1.5,1.5,24.3,17,19.2
2026-09-02T09:55:10Z,0,0,0,3.1,0,0,24.7,852.5,25.3,24.6,47.5,840,6699,0,0.7,197,1.9,1.9,24.5,17.3,19.4
2026-09-02T10:10:18Z,0,0,0,3.7,0,0,24.8,852.3,25.6,25.7,44.2,939,7828,0,0.5,183,1.3,1.3,25.6,17.7,20.2
2026-09-02T10:25:26Z,0,0,0,3.7,0,0,26.1,851.9,26.7,26.6,41.5,954,8045,0,0.3,165,0.9,0.9,26.5,18,20.9
2026-09-02T10:40:50Z,0,0,0,3.4,0,0,26.7,851.6,27.1,27.3,39.3,891,7304,0,1.2,145,2.6,2.6,27,18.1,21.3
2026-09-02T10:55:59Z,0,0,0,3.5,0,0,26.9,851.4,26.8,27.5,38.9,904,7505,0,0.2,53,0.7,0.7,27.2,18.2,21.4
2026-09-02T11:11:07Z,0,0,0,3.4,0,0,27.5,851.2,28,28.4,36.2,889,7304,0,1.5,139,3.5,3.5,27.7,18.4,21.8
2026-09-02T11:26:15Z,0,0,0,3.2,0,0,28.5,850.8,28.8,29.2,35.1,851,6916,0,0.1,139,0.4,0.4,28.4,18.9,22.3
2026-09-02T11:41:23Z,0,0,0,3,0,0,27.1,850.8,27.3,27.9,36.4,822,6588,0,0.9,43,2,2,27.3,18,21.5
2026-09-02T11:56:32Z,0,0,0,0.7,0,0,27.1,850.6,27.7,27.9,36.4,380,1441,0,0,173,0.2,0.2,27.4,18.1,21.5
2026-09-02T12:11:53Z,0,0,0,2.5,0,0,27.8,850.3,28,28.9,36.3,714,5422,0,1.2,165,2.8,2.8,28.2,18.8,22.2
2026-09-02T12:27:01Z,0,0,0,2.4,0,0,27.5,850.3,27.5,28.1,37.6,697,5251,0,1,83,2,2,27.6,18.5,21.8
2026-09-02T12:42:09Z,0,0,0,1.9,0,0,27.3,850.2,27.6,28.2,38.3,618,4338,0,1.1,57,2,2,27.8,18.7,21.9
2026-09-02T12:57:18Z,0,0,0,1.7,0,0,28.2,850.2,28.6,29.3,35.9,573,3798,0,0.4,112,2,2,28.5,19.1,22.4
2026-09-02T13:12:27Z,0,0,0,1,0,0,26.9,850.1,27.3,27.8,38.7,452,2351,0,0.3,135,1.1,1.1,27.4,18.4,21.6
2026-09-02T13:27:55Z,0,0,0,1.3,0,0,26.4,849.9,26.7,27.2,39.1,506,3113,0,0.4,139,1.1,1.1,27,18,21.3
2026-09-02T13:43:03Z,0,0,0,0.9,0,0,26.4,850.1,26.8,27.2,38.3,424,2110,0,0.2,150,1.2,1.2,26.9,17.9,21.2
2026-09-02T13:58:12Z,0,0,0,0.8,0,0,26.2,850,26.6,27.1,38.6,410,1993,0,1.3,75,2.8,2.8,26.9,17.9,21.2
2026-09-02T14:13:21Z,0,0,0,0.6,0,0,25.9,850,26.3,26.9,39.1,374,1592,0,1,69,1.7,1.7,26.8,17.8,21.1
2026-09-02T14:28:30Z,0,0,0,0.4,0,0,25.1,850.2,25.4,25.7,41,326,976,0,0.4,136,1.1,1.1,25.5,17.1,20.2
2026-09-02T14:43:58Z,0,0,0,0.3,0,0,24.7,850.4,24.9,25.1,42.3,305,733,0,0.9,137,2.2,2.2,25,16.9,19.7
2026-09-02T14:59:06Z,0,0,0,0.2,0,0,24.3,850.5,24.5,24.7,42.7,284,481,0,0.4,131,1.3,1.3,24.5,16.6,19.4
2026-09-02T15:14:14Z,0,0,0,0.1,0,0,23.7,850.5,23.9,24,44.7,273,357,0,0.3,148,0.9,0.9,23.8,16.3,18.8
2026-09-02T15:29:22Z,0,0,0,0,0,0,23.2,850.6,23.4,23.5,45.8,264,287,0,0.7,129,2,2,23.3,16.1,18.4
2026-09-02T15:44:31Z,0,0,0,0,0,0,22.7,850.8,22.9,23.1,45.9,260,258,0,0.2,126,1.3,1.3,22.9,15.7,18
2026-09-02T15:59:40Z,0,0,0,0,0,0,22.3,850.9,22.4,22.6,46.6,260,253,0,0.5,108,1.1,1.1,22.4,15.4,17.6
2026-09-02T16:15:01Z,0,0,0,0,0,0,21.9,851.1,22.1,22.3,47.7,261,253,0,0,139,0,0,22,15.3,17.3
2026-09-02T16:30:10Z,0,0,0,0,0,0,21.7,851.1,21.8,22,48.6,261,254,0,0.8,119,2,2,21.7,15.2,17.1
2026-09-02T16:45:18Z,0,0,0,0,0,0,21.5,851.3,21.7,21.9,49.4,259,253,0,0,143,0.2,0.2,21.6,15.2,17
2026-09-02T17:00:27Z,0,0,0,0,0,0,21,851.5,21.2,21.4,52,262,252,0,0.5,143,1.3,1.3,21.2,15.2,16.6
2026-09-02T17:15:35Z,0,0,0,0,0,0,20.6,851.8,20.9,21,53.9,261,254,0,0.5,144,1.5,1.5,20.8,15.1,16.3
2026-09-02T17:31:04Z,0,0,0,0,0,0,20.3,851.9,20.5,20.7,55.1,261,253,0,0.4,149,1.5,1.5,20.5,15,16
2026-09-02T17:46:13Z,0,0,0,0,0,0,20,852,20.2,20.4,56.2,260,254,0,0.5,148,2,2,20.2,14.9,15.7
2026-09-02T18:01:13Z,0,0,0,0,0,0,19.7,852.2,19.9,20.1,57.3,261,254,0,0,118,0.2,0.2,19.9,14.8,15.5
2026-09-02T18:16:21Z,0,0,0,0,0,0,19.4,852.4,19.6,19.8,58.5,260,253,0,0,113,0.4,0.4,19.6,14.6,15.2
2026-09-02T18:31:30Z,0,0,0,0,0,0,19.2,852.5,19.3,19.6,59.3,261,253,0,0,133,0,0,19.4,14.5,15
2026-09-02T18:46:39Z,0,0,0,0,0,0,19,852.5,19.2,19.4,60.1,260,253,0,0.5,190,1.3,1.3,19.2,14.5,14.8
2026-09-02T19:02:08Z,0,0,0,0,0,0,18.8,852.6,18.9,19.2,60.9,259,253,0,0.4,144,1.3,1.3,18.9,14.4,14.6
2026-09-02T19:17:17Z,0,0,0,0,0,0,18.6,852.6,18.8,18.9,62.1,261,253,0,0,145,0,0,18.7,14.3,14.4
2026-09-02T19:32:17Z,0,0,0,0,0,0,18.3,852.7,18.4,18.6,63,261,253,0,0.1,145,0.2,0.2,18.4,14.2,14.1
2026-09-02T19:47:26Z,0,0,0,0,0,0,18.1,852.8,18.2,18.5,63.3,259,253,0,0,137,0,0,18.3,14.1,14
2026-09-02T20:02:35Z,0,0,0,0,0,0,17.6,852.9,17.6,17.9,65.5,260,254,0,0.4,137,1.1,1.1,17.6,13.7,13.4
2026-09-02T20:17:44Z,0,0,0,0,0,0,17.3,853,17.4,17.6,66,260,253,0,0,137,0,0,17.4,13.6,13.2
2026-09-02T20:33:13Z,0,0,0,0,0,0,16.7,853,16.7,17.1,68.4,260,253,0,0,137,0,0,16.8,13.4,12.6
2026-09-02T20:48:22Z,0,0,0,0,0,0,16.5,852.8,16.7,16.9,70.6,261,253,0,0,137,0,0,16.7,13.4,12.4
2026-09-02T21:03:32Z,0,0,0,0,0,0,16.2,852.6,16.3,16.5,72.2,260,254,0,0,137,0,0,16.3,13.3,12.1
2026-09-02T21:18:41Z,0,0,0,0,0,0,15.8,852.4,16,16.1,73.5,259,254,0,0,137,0,0,15.9,13.1,11.7
2026-09-02T21:33:51Z,0,0,0,0,0,0,15.3,852.2,15.7,15.8,74.3,259,253,0,0,137,0,0,15.6,12.8,11.4
2026-09-02T21:49:15Z,0,0,0,0,0,0,14.9,852,15.1,15.3,75.7,260,254,0,0,137,0,0,15.1,12.5,10.9
2026-09-02T22:04:25Z,0,0,0,0,0,0,14.5,851.9,14.8,15,77.4,260,253,0,0.4,136,1.1,1.1,14.8,12.4,10.6
2026-09-02T22:19:35Z,0,0,0,0,0,0,14.3,851.9,14.6,14.7,78.7,260,254,0,0,137,0,0,14.5,12.3,10.3
2026-09-02T22:34:45Z,0,0,0,0,0,0,14,851.5,14.2,14.4,80.2,260,253,0,0,137,0,0,14.2,12.2,10
2026-09-02T22:50:11Z,0,0,0,0,0,0,13.7,851.5,14.1,14.2,82.1,261,253,0,0,137,0,0,14,12.1,9.8
2026-09-02T23:05:20Z,0,0,0,0,0,0,13.6,851.4,13.9,14,84.2,261,253,0,0,137,0,0,13.8,12.2,9.6
2026-09-02T23:20:28Z,0,0,0,0,0,0,13.6,851.3,13.9,14,85.5,261,254,0,0,137,0,0,13.9,12.4,9.7
2026-09-02T23:36:17Z,0,0,0,0,0,0,13.5,851.1,13.8,14,87.9,260,254,0,0,137,0,0,13.8,12.6,9.6
2026-09-02T23:51:41Z,0,0,0,0,0,0,13.4,851,13.7,13.8,89.2,260,253,0,0,137,0,0,13.7,12.6,9.5
2026-09-03T00:00:46Z,0,0,0,0,0,0,13.4,851.2,13.6,13.8,90.3,261,253,0,0,137,0,0,13.7,12.7,9.4
2026-09-03T00:15:55Z,0,0,0,0,0,0,13.3,851.3,13.7,13.8,90.9,260,252,0,0,137,0,0,13.7,12.7,9.5
2026-09-03T00:31:03Z,0,0,0,0,0,0,13.4,851.2,13.8,13.9,89.4,260,254,0,0.1,137,0.4,0.4,13.8,12.7,9.6
2026-09-03T00:46:12Z,0,0,0,0,0,0,13.6,851.2,13.8,14,88.3,260,253,0,0.4,344,0.9,0.9,13.9,12.7,9.6
2026-09-03T01:01:21Z,0,0,0,0,0,0,13.7,851.1,13.9,14.1,88,260,253,0,0.2,343,0.4,0.4,14,12.8,9.8
2026-09-03T01:16:42Z,0,0,0,0,0,0,14,851.3,14.2,14.4,87.8,262,253,0,0,342,0,0,14.3,13,10.1
2026-09-03T01:31:52Z,0,0,0,0,0,0,14.2,851.3,14.6,14.6,87.8,260,253,0,0,342,0,0,14.6,13.2,10.4
2026-09-03T01:47:02Z,0,0,0,0,0,0,14.4,851.4,14.8,14.9,88.1,259,253,0,0.1,343,0.4,0.4,14.8,13.5,10.6
2026-09-03T02:02:11Z,0,0,0,0,0,0,14.5,851.6,14.8,14.9,88.8,260,253,0,0,339,0,0,14.8,13.6,10.6
2026-09-03T02:17:20Z,0,0,0,0,0,0,14.6,851.6,14.9,15,89.2,261,253,0,0,339,0,0,15,13.8,10.8
2026-09-03T02:32:51Z,0,0,0,0,0,0,14.7,851.6,15,15.1,89.2,260,254,0,0,339,0,0,15.1,13.9,10.9
2026-09-03T02:48:00Z,0,0,0,0,0,0,14.8,851.8,15.1,15.2,88.9,261,254,0,0,339,0,0,15.1,13.9,10.9
2026-09-03T03:03:10Z,0,0,0,0,0,0,14.9,851.9,15.1,15.3,88.4,260,254,0,0,340,0.2,0.2,15.2,13.9,11
2026-09-03T03:18:19Z,0,0,0,0,0,0,14.9,852.1,15.2,15.4,88.1,259,254,0,0,339,0,0,15.3,14,11.1
2026-09-03T03:33:47Z,0,0,0,0,0,0,15,852.3,15.3,15.4,87.7,261,261,0,0,339,0,0,15.4,14,11.2
2026-09-03T03:48:56Z,0,0,0,0,0,0,15.1,852.4,15.5,15.5,87.8,264,302,0,0,48,0,0,15.5,14.1,11.3
2026-09-03T04:04:05Z,0,0,0,0.1,0,0,15.3,852.7,15.7,15.7,86.5,269,348,0,0.3,48,1.1,1.1,15.7,14.2,11.5
2026-09-03T04:19:14Z,0,0,0,0.1,0,0,15.3,852.7,15.7,15.8,86.7,276,428,0,0,127,0,0,15.7,14.2,11.5
2026-09-03T04:34:23Z,0,0,0,0.1,0,0,15.5,852.9,15.8,15.9,86,282,513,0,0,127,0,0,15.9,14.3,11.7
2026-09-03T04:49:52Z,0,0,0,0.2,0,0,15.8,853.1,16.1,16.2,84.7,293,638,0,0,127,0,0,16.1,14.4,11.9
2026-09-03T05:05:21Z,0,0,0,0.3,0,0,16,853.1,16.3,16.3,83.7,308,800,0,0,127,0,0,16.3,14.4,12.1
2026-09-03T05:20:30Z,0,0,0,0.4,0,0,16.4,853.1,16.6,16.8,81.7,329,1037,0,0,127,0.2,0.2,16.7,14.7,12.5
2026-09-03T05:35:53Z,0,0,0,0.5,0,0,16.4,853.3,16.7,17,79,349,1254,0,0.5,127,1.1,1.1,16.9,14.5,12.6
2026-09-03T05:51:02Z,0,0,0,0.6,0,0,16.9,853.4,17.2,17.4,77.1,362,1410,0,0.4,127,0.9,0.9,17.3,14.7,13.1
2026-09-03T06:06:11Z,0,0,0,0.7,0,0,17.2,853.4,17.6,17.8,75.8,389,1716,0,0.1,127,0.7,0.7,17.7,14.9,13.4
2026-09-03T06:21:19Z,0,0,0,0.8,0,0,17.9,853.5,17.9,18.2,74,405,1880,0,0,127,0.2,0.2,18.1,15.1,13.8
2026-09-03T06:36:28Z,0,0,0,0.6,0,0,18,853.5,18.2,18.5,71.9,374,1543,0,0.2,127,0.7,0.7,18.3,15.1,14
2026-09-03T06:51:56Z,0,0,0,0.8,0,0,18.1,853.3,18.3,18.6,68.5,409,1943,0,0.1,127,0.5,0.5,18.4,14.8,14.1
2026-09-03T07:07:05Z,0,0,0,0.7,0,0,18.4,853.4,18.6,19,68.1,395,1765,0,0.7,83,1.1,1.1,18.8,15.1,14.5
2026-09-03T07:22:05Z,0,0,0,0.7,0,0,18.3,853.4,18.6,18.9,67.3,389,1693,0,0.1,80,0.2,0.2,18.8,15,14.5
2026-09-03T07:37:14Z,0,0,0,0.8,0,0,19.2,853.1,19.4,19.5,65.4,410,1941,0,0.2,79,0.7,0.7,19.4,15.3,15
2026-09-03T07:52:23Z,0,0,0,1.1,0,0,19.4,853.1,19.4,19.5,65.3,456,2466,0,0.1,123,0.2,0.2,19.4,15.3,15
2026-09-03T08:07:33Z,0,0,0,1.5,0,0,20,852.9,20.5,20.4,61.6,540,3386,0,0.4,126,0.7,0.7,20.2,15.6,15.8
2026-09-03T08:23:00Z,0,0,0,1.4,0,0,20.7,852.8,21.1,21.3,59.5,525,3234,0,0.1,126,0.7,0.7,21.1,16.1,16.6
2026-09-03T08:38:09Z,0,0,0,4.4,0,0,21.4,852.7,21.9,21.5,58.4,1075,9671,0,0.2,126,0.7,0.7,21.3,16.1,16.7
2026-09-03T08:53:18Z,0,0,0,1.7,0,0,22.4,852.5,23.1,23,53.5,568,3681,0,0.2,126,1.1,1.1,22.8,16.7,18
2026-09-03T09:08:28Z,0,0,0,4,0,0,21.7,852.2,21.9,21.7,56.4,1010,8793,0,1.2,264,2,2,21.6,16.1,16.9
2026-09-03T09:23:37Z,0,0,0,3.9,0,0,23.4,852.1,23.4,24,51.1,982,8364,0,0.8,35,1.3,1.3,23.9,17.3,18.8
2026-09-03T09:39:03Z,0,0,0,3.6,0,0,23.4,851.7,23.6,24.3,50.1,934,7863,0,0,36,0.2,0.2,24.2,17.4,19.1
2026-09-03T09:54:12Z,0,0,0,3.5,0,0,24.3,851.4,24.1,24,49.8,909,7524,0,1.1,35,1.5,1.5,23.9,17.1,18.8
2026-09-03T10:09:22Z,0,0,0,3.5,0,0,24,851,24.2,24.5,48.9,913,7545,0,0.2,36,0.9,0.9,24.4,17.4,19.3
2026-09-03T10:24:31Z,0,0,0,3.4,0,0,24.4,850.7,24.6,24.6,48.1,893,7344,0,0.7,35,2.2,2.2,24.5,17.4,19.4
2026-09-03T10:39:57Z,0,0,0,3.3,0,0,24.8,850.3,25.2,25.6,45.6,866,7083,0,0.7,131,2.7,2.7,25.5,17.8,20.2
2026-09-03T10:55:06Z,0,0,0,3.1,0,0,24.5,850.2,25.1,25,47.5,835,6796,0,1.3,227,2,2,24.8,17.6,19.6
2026-09-03T11:10:15Z,0,0,0,3,0,0,24.8,849.9,25.4,25.1,47.1,821,6579,0,1.1,249,2,2,25,17.7,19.8
2026-09-03T11:25:23Z,0,0,0,2.8,0,0,25.8,849.6,26.4,26.6,45.7,774,6098,0,0.4,128,1.1,1.1,26.6,18.7,21
2026-09-03T11:40:32Z,0,0,0,2.7,0,0,25.4,849.5,26.2,26.1,43.9,761,5903,0,0.2,130,0.7,0.7,26,18,20.6
2026-09-03T11:55:59Z,0,0,0,2.4,0,0,26,849.3,26.6,26.5,43.5,712,5393,0,1.2,128,1.7,1.7,26.4,18.2,20.9
2026-09-03T12:11:08Z,0,0,0,2.3,0,0,26.8,849.2,27.1,27.6,42.7,686,5172,0,1.3,46,2.8,2.8,27.5,19,21.7
2026-09-03T12:26:16Z,0,0,0,2.1,0,0,27,848.9,27.2,27.9,42,643,4647,0,1.9,72,3.1,3.1,27.7,19.1,21.8
2026-09-03T12:41:25Z,0,0,0,1.9,0,0,26.7,849,26.8,27.9,42.1,619,4444,0,0.6,51,2,2,27.8,19.2,21.8
2026-09-03T12:56:33Z,0,0,0,0.7,0,0,26.2,848.9,26.4,27.2,43.2,391,1488,0,1.6,74,2.2,2.2,27.2,18.7,21.4
2026-09-03T13:12:02Z,0,0,0,1.4,0,0,26,848.9,26.4,27.1,42.9,525,3418,0,1.1,125,1.5,1.5,27.1,18.6,21.4
2026-09-03T13:27:10Z,0,0,0,1.3,0,0,25.6,848.8,25.7,26.7,43.4,497,3043,0,1.7,92,2.4,2.4,26.7,18.4,21
2026-09-03T13:42:19Z,0,0,0,0.5,0,0,25.7,848.8,26.2,26.7,43.5,357,1233,0,1.4,150,3.1,3.1,26.7,18.4,21
2026-09-03T13:57:28Z,0,0,0,0.4,0,0,26,848.9,26.4,27.1,43.3,336,956,0,0.8,108,2.2,2.2,27.2,18.7,21.4
2026-09-03T14:12:36Z,0,0,0,0.6,0,0,25.2,848.8,25.6,26.2,45.1,372,1562,0,0.7,43,1.1,1.1,26.1,18.2,20.6
2026-09-03T14:27:44Z,0,0,0,0.3,0,0,24.6,849,24.8,25.1,47.3,315,834,0,0,44,0,0,25,17.6,19.8
2026-09-03T14:43:05Z,0,0,0,0.2,0,0,24.1,849,24.3,24.5,47.8,296,565,0,1.1,45,1.5,1.5,24.4,17.3,19.3
2026-09-03T14:58:11Z,0,0,0,0.2,0,0,23.7,849.2,23.9,24.1,49.3,284,461,0,0.1,102,0.9,0.9,24,17.1,18.9
2026-09-03T15:13:20Z,0,0,0,0.1,0,0,23.1,849.2,23.3,23.5,50.6,269,322,0,1.7,88,3.9,3.9,23.4,16.8,18.5
2026-09-03T15:28:29Z,0,0,0,0,0,0,22.6,849.3,22.8,23,52.1,264,280,0,0.3,122,0.9,0.9,22.9,16.6,18
2026-09-03T15:43:38Z,0,0,0,0,0,0,22.2,849.5,22.4,22.5,53.4,261,257,0,0.4,162,1.1,1.1,22.4,16.4,17.6
2026-09-03T15:58:47Z,0,0,0,0,0,0,21.8,849.7,21.9,22.1,54.4,260,254,0,0.1,127,0.7,0.7,22,16.2,17.3
2026-09-03T16:14:09Z,0,0,0,0,0,0,21.5,849.8,21.7,21.8,55.2,260,253,0,0.3,127,0.7,0.7,21.6,16,17
2026-09-03T16:29:18Z,0,0,0,0,0,0,21.3,850,21.4,21.6,55.6,260,254,0,0.2,131,0.9,0.9,21.5,15.9,16.8
2026-09-03T16:44:27Z,0,0,0,0,0,0,21,850,21.1,21.3,56,260,253,0,0.2,130,1.1,1.1,21.2,15.7,16.6
2026-09-03T16:59:37Z,0,0,0,0,0,0,20.8,850,21,21.2,56.3,261,254,0,0.1,126,0.7,0.7,21,15.6,16.4
2026-09-03T17:14:46Z,0,0,0,0,0,0,20.5,850.3,20.7,20.9,57.3,260,253,0,0.1,126,0.2,0.2,20.7,15.4,16.2
2026-09-03T17:30:12Z,0,0,0,0,0,0,20.8,850.3,20.9,21,57,261,253,0,0.5,88,0.9,0.9,20.9,15.5,16.3
2026-09-03T17:45:21Z,0,0,0,0,0,0,20.8,850.5,21,21.2,55.9,261,254,0,0.4,123,1.1,1.1,21,15.5,16.4
2026-09-03T18:00:31Z,0,0,0,0,0,0,20.7,850.5,20.9,21,55.8,260,254,0,0.3,107,0.7,0.7,20.8,15.4,16.3
2026-09-03T18:15:40Z,0,0,0,0,0,0,20.4,850.6,20.6,20.8,55.8,260,254,0,0.9,113,1.7,1.7,20.5,15.1,16
2026-09-03T18:31:22Z,0,0,0,0,0,0,20.1,850.7,20.3,20.5,56.8,259,253,0,0.3,48,0.9,0.9,20.3,15,15.8
2026-09-03T18:46:31Z,0,0,0,0,0,0,19.9,850.8,20.1,20.3,57.3,261,254,0,0.1,129,0.4,0.4,20,14.9,15.6
2026-09-03T19:01:40Z,0,0,0,0,0,0,19.8,850.8,19.9,20.1,57.6,260,254,0,0.1,126,0.4,0.4,19.9,14.8,15.5
2026-09-03T19:16:50Z,0,0,0,0,0,0,19.7,851,19.8,20,58,260,253,0,0.6,86,2.8,2.8,19.8,14.8,15.4
2026-09-03T19:32:16Z,0,0,0,0,0,0,19.4,851,19.6,19.8,59,259,253,0,0.3,130,0.9,0.9,19.6,14.7,15.2
2026-09-03T19:47:26Z,0,0,0,0,0,0,19.1,851.1,19.3,19.5,59.9,259,253,0,0.5,109,1.5,1.5,19.3,14.5,14.9
2026-09-03T20:02:36Z,0,0,0,0,0,0,19.1,851.3,19.2,19.5,60.5,261,255,0,0.4,144,1.1,1.1,19.3,14.6,14.9
2026-09-03T20:17:45Z,0,0,0,0,0,0,18.7,851.4,18.9,19.1,62,260,254,0,0.5,148,1.5,1.5,18.9,14.5,14.6
2026-09-03T20:32:54Z,0,0,0,0,0,0,18.2,851.2,18.4,18.6,64.7,261,253,0,0.6,130,1.1,1.1,18.4,14.3,14.1
2026-09-03T20:48:20Z,0,0,0,0,0,0,17.8,851.2,18,18.2,66.8,260,253,0,0.6,129,1.1,1.1,18,14.2,13.7
2026-09-03T21:03:29Z,0,0,0,0,0,0,17.4,851.4,17.5,17.8,68,260,252,0,0,130,0,0,17.6,14,13.3
2026-09-03T21:18:38Z,0,0,0,0,0,0,17.1,851.3,17.2,17.4,70.7,261,253,0,0.5,130,1.1,1.1,17.3,14,13
2026-09-03T21:33:47Z,0,0,0,0,0,0,16.8,851,17,17.3,71.7,260,253,0,0,130,0,0,17.1,13.9,12.9
2026-09-03T21:48:57Z,0,0,0,0,0,0,16.6,850.9,16.8,17,73.4,260,254,0,0.1,130,0.9,0.9,16.9,13.9,12.6
2026-09-03T22:04:23Z,0,0,0,0,0,0,16.4,850.6,16.6,16.8,74.6,259,253,0,0.1,130,0.7,0.7,16.7,13.9,12.5
2026-09-03T22:19:47Z,0,0,0,0,0,0,16.2,850.5,16.4,16.6,75,260,253,0,0,130,0,0,16.5,13.7,12.3
2026-09-03T22:35:11Z,0,0,0,0,0,0,15.8,850.4,16.1,16.2,77.1,259,255,0,0,130,0,0,16,13.5,11.8
2026-09-03T22:50:21Z,0,0,0,0,0,0,15.4,850.2,15.7,15.8,78.8,260,253,0,0,130,0,0,15.6,13.3,11.4
2026-09-03T23:05:30Z,0,0,0,0,0,0,15,850.1,15.1,15.3,80,260,253,0,0,130,0,0,15.2,13.1,11
2026-09-03T23:20:40Z,0,0,0,0,0,0,14.6,850,14.9,15,81.7,260,253,0,0,130,0,0,14.8,12.9,10.6
2026-09-03T23:36:04Z,0,0,0,0,0,0,14.3,849.8,14.5,14.6,83.4,260,254,0,0,130,0,0,14.5,12.8,10.3
2026-09-03T23:51:12Z,0,0,0,0,0,0,14,849.6,14.3,14.4,83.8,261,253,0,0,130,0,0,14.3,12.6,10.1
2026-09-04T00:00:17Z,0,0,0,0,0,0,13.8,849.8,14.1,14.2,85.1,261,253,0,0,130,0,0,14.1,12.5,9.9
2026-09-04T00:15:26Z,0,0,0,0,0,0,13.5,849.9,13.8,13.9,85.2,260,253,0,0,130,0,0,13.8,12.3,9.6
2026-09-04T00:30:34Z,0,0,0,0,0,0,13.3,849.8,13.6,13.8,87.1,261,253,0,0,130,0,0,13.6,12.3,9.4
2026-09-04T00:45:43Z,0,0,0,0,0,0,13.2,849.8,13.5,13.7,88,260,252,0,0,130,0,0,13.5,12.3,9.3
2026-09-04T01:01:12Z,0,0,0,0,0,0,13.1,849.6,13.4,13.5,88.4,261,252,0,0,130,0,0,13.4,12.2,9.2
2026-09-04T01:16:22Z,0,0,0,0,0,0,12.9,849.8,13.2,13.4,88.3,261,254,0,0,130,0,0,13.3,12.1,9
2026-09-04T01:31:31Z,0,0,0,0,0,0,12.6,850,12.9,13.1,88.4,261,253,0,0,130,0,0,12.9,11.8,8.6
2026-09-04T01:46:40Z,0,0,0,0,0,0,12.4,850.1,12.6,12.8,88.8,261,253,0,0,130,0,0,12.7,11.6,8.4
2026-09-04T02:01:49Z,0,0,0,0,0,0,12.2,850.1,12.4,12.6,89.4,261,253,0,0,130,0,0,12.5,11.5,8.2
2026-09-04T02:17:15Z,0,0,0,0,0,0,12,850.2,12.2,12.4,90.2,262,253,0,0,130,0,0,12.3,11.3,8
2026-09-04T02:32:24Z,0,0,0,0,0,0,11.8,850.5,12.1,12.3,90.7,260,254,0,0,130,0,0,12.1,11.2,7.8
2026-09-04T02:47:33Z,0,0,0,0,0,0,11.9,850.5,12.2,12.4,90.8,260,253,0,0,130,0,0,12.2,11.4,7.9
2026-09-04T03:02:41Z,0,0,0,0,0,0,11.7,850.8,12.1,12.2,90.4,260,253,0,0,130,0,0,12,11.1,7.7
2026-09-04T03:17:50Z,0,0,0,0,0,0,11.5,851,11.8,12,90.2,260,261,0,0,130,0,0,11.8,10.9,7.5
2026-09-04T03:33:17Z,0,0,0,0,0,0,11.4,851,11.6,11.9,90.7,265,302,0,0,130,0,0,11.7,10.8,7.3
2026-09-04T03:48:26Z,0,0,0,0.1,0,0,11.6,851.4,11.9,12.1,91.1,272,386,0,0,130,0,0,11.9,11.1,7.6
2026-09-04T04:03:35Z,0,0,0,0.1,0,0,12.1,851.5,12.4,12.7,88.8,280,483,0,0,130,0,0,12.5,11.4,8.2
2026-09-04T04:18:45Z,0,0,0,0.2,0,0,12.8,851.5,13.1,13.3,86.9,295,658,0,0,158,0,0,13.1,11.8,8.9
2026-09-04T04:35:17Z,0,0,0,0.2,0,0,13.6,851.6,14,14.2,84.1,298,707,0,0,281,0,0,14,12.4,9.8
2026-09-04T04:50:27Z,0,0,0,0.3,0,0,14.3,852,14.6,14.7,84.5,319,927,0,0,282,0.2,0.2,14.5,12.9,10.3
2026-09-04T05:05:36Z,0,0,0,0.4,0,0,14.5,852.1,14.9,14.9,83.6,333,1086,0,0,282,0.2,0.2,14.7,13,10.5
2026-09-04T05:20:45Z,0,0,0,0.5,0,0,14.9,852.2,15.2,15.4,82.2,345,1230,0,0,282,0.2,0.2,15.2,13.3,11
2026-09-04T05:36:13Z,0,0,0,0.5,0,0,15.7,852.3,16.1,16.1,80.7,355,1341,0,0.1,282,0.4,0.4,15.9,13.8,11.7
2026-09-04T05:51:22Z,0,0,0,0.5,0,0,16.1,852.5,16.2,16.4,78.7,346,1248,0,0.6,282,0.9,0.9,16.2,13.9,12
2026-09-04T06:06:32Z,0,0,0,0.4,0,0,16,852.7,16.3,16.3,79.4,337,1158,0,0,281,0,0,16.2,13.9,12
2026-09-04T06:21:42Z,0,0,0,0.5,0,0,16.5,852.9,16.6,16.9,76.8,353,1355,0,0,281,0,0,16.8,14.2,12.6
2026-09-04T06:36:51Z,0,0,0,0.8,0,0,16.7,852.8,17.1,17.3,75.4,413,2018,0,0.1,282,0.7,0.7,17.2,14.4,12.9
2026-09-04T06:52:22Z,0,0,0,1,0,0,17.5,852.7,17.8,18,73.9,445,2391,0,0,103,0,0,17.9,14.9,13.6
2026-09-04T07:07:31Z,0,0,0,1.3,0,0,18.2,852.6,18.2,18.8,70.6,502,3030,0,0.4,96,0.9,0.9,18.6,15.2,14.3
2026-09-04T07:22:41Z,0,0,0,1.5,0,0,19.3,852.5,19.4,19.8,67.6,543,3316,0,0.1,103,0.6,0.6,19.7,15.8,15.3
2026-09-04T07:37:50Z,0,0,0,3,0,0,19.3,852.3,19.9,19.5,67.4,817,6699,0,0.2,307,0.7,0.7,19.4,15.5,15
2026-09-04T07:53:18Z,0,0,0,2.8,0,0,21.5,852.1,22.1,21.7,62.9,773,6110,0,0.1,204,0.4,0.4,21.6,16.9,17
2026-09-04T08:08:28Z,0,0,0,3.1,0,0,20,851.9,20.6,20.6,63.2,842,6827,0,1.7,54,2.6,2.6,20.5,16,16
2026-09-04T08:23:38Z,0,0,0,3.2,0,0,20.9,851.7,21.5,21.5,61,851,6949,0,0.8,188,2,2,21.4,16.5,16.8
2026-09-04T08:38:47Z,0,0,0,3.3,0,0,21.6,851.6,22.2,22.3,58.4,879,7233,0,0.9,153,1.3,1.3,22.2,16.9,17.5
2026-09-04T08:53:57Z,0,0,0,3.4,0,0,22.1,851.3,22.8,22.7,57.3,882,7260,0,0.6,179,1.5,1.5,22.6,17.1,17.8
2026-09-04T09:09:22Z,0,0,0,3.4,0,0,23.1,851.1,23.6,23.1,57,887,7308,0,0.6,261,1.3,1.3,23,17.4,18.2
2026-09-04T09:24:32Z,0,0,0,3.4,0,0,24,851,24.6,24.5,52.9,889,7320,0,0.9,63,2,2,24.4,18,19.3
2026-09-04T09:39:41Z,0,0,0,3.3,0,0,25.1,850.7,25.5,25.9,51.3,880,7263,0,0.1,132,0.4,0.4,25.9,18.9,20.4
2026-09-04T09:54:50Z,0,0,0,3.3,0,0,24.6,850.5,24.2,24.6,52,873,7191,0,0.1,281,0.4,0.4,24.6,18,19.4
2026-09-04T10:09:59Z,0,0,0,3.3,0,0,24.7,850.3,24.9,25.5,49.4,880,7213,0,1.6,75,2.6,2.6,25.4,18.3,20.1
2026-09-04T10:25:26Z,0,0,0,2.6,0,0,26.2,850,26.1,26.5,47.8,738,5587,0,0.7,111,1.5,1.5,26.4,18.9,20.9
2026-09-04T10:40:35Z,0,0,0,3.1,0,0,26.2,849.8,26.2,26.5,48.3,843,6850,0,1,61,2,2,26.5,19,20.9
2026-09-04T10:55:43Z,0,0,0,3,0,0,26.2,849.5,26.6,27,47,820,6628,0,0.8,33,2.4,2.4,27.3,19.2,21.5
2026-09-04T11:10:52Z,0,0,0,2.9,0,0,25.6,849.3,25.8,26.5,47.4,792,6294,0,1.3,174,1.7,1.7,26.5,18.9,20.9
2026-09-04T11:26:33Z,0,0,0,2.7,0,0,26.1,849,26.4,26.9,46.8,757,5904,0,0.5,101,1.7,1.7,27.2,19.1,21.4
2026-09-04T11:42:33Z,0,0,0,2.5,0,0,26.1,849.1,26,27,47.1,718,5491,0,0.9,93,1.3,1.3,27.2,19.2,21.4
2026-09-04T11:57:42Z,0,0,0,2.3,0,0,26.2,849,26.3,27.1,47.7,689,5138,0,1,83,2.6,2.6,27.4,19.4,21.6
2026-09-04T12:12:51Z,0,0,0,1.6,0,0,25.9,848.9,25.8,26.8,47.4,561,3587,0,1.9,92,5.7,5.7,27.1,19.1,21.4
2026-09-04T12:28:00Z,0,0,0,1.9,0,0,25.4,848.8,25.6,26.4,48.7,617,4345,0,0.6,142,1.1,1.1,26.4,19,20.8
2026-09-04T12:43:09Z,0,0,0,1.7,0,0,25.8,848.7,25.6,26.7,48.2,572,3874,0,1.9,57,4.1,4.1,27,19.2,21.3
2026-09-04T12:58:32Z,0,0,0,1.6,0,0,25.2,848.7,25.4,26,49.9,548,3574,0,1.2,119,2.4,2.4,26,18.8,20.5
2026-09-04T13:13:41Z,0,0,0,1.3,0,0,25.6,848.6,25.8,26.6,48.9,501,3053,0,0.8,66,1.5,1.5,26.6,19.2,21
2026-09-04T13:28:50Z,0,0,0,1.1,0,0,25.1,848.5,25.3,26,50,455,2561,0,1.1,102,2.4,2.4,26,18.9,20.6
2026-09-04T13:44:00Z,0,0,0,0.8,0,0,25,848.4,25.2,26,50,413,2089,0,1,94,2.6,2.6,26,18.9,20.5
2026-09-04T13:59:09Z,0,0,0,0.6,0,0,24.7,848.5,25,25.6,51,365,1549,0,0.5,13,1.5,1.5,25.5,18.6,20.2
2026-09-04T14:14:36Z,0,0,0,0.4,0,0,24.1,848.5,24.4,24.9,52.9,341,1241,0,1,67,3.1,3.1,24.8,18.3,19.6
2026-09-04T14:29:45Z,0,0,0,0.2,0,0,23.3,848.7,23.6,23.8,55.8,304,677,0,1.2,157,2.8,2.8,23.7,17.8,18.7
2026-09-04T14:44:53Z,0,0,0,0.2,0,0,22.9,848.9,23.1,23.3,57.2,286,460,0,0.8,41,2.4,2.4,23.2,17.5,18.3
2026-09-04T15:00:03Z,0,0,0,0.1,0,0,22.5,849,22.7,22.9,58,274,372,0,0.9,74,2,2,22.8,17.3,18
2026-09-04T15:15:13Z,0,0,0,0.1,0,0,22.1,849.1,22.3,22.5,58.8,268,302,0,1,121,2.4,2.4,22.4,17.1,17.7
2026-09-04T15:30:40Z,0,0,0,0,0,0,21.8,849.3,21.9,22.1,60,263,271,0,0.4,105,0.9,0.9,22.1,16.9,17.4
2026-09-04T15:45:49Z,0,0,0,0,0,0,21.6,849.6,21.8,21.9,60.7,261,256,0,0.7,128,1.7,1.7,21.8,16.8,17.2
2026-09-04T16:01:48Z,0,0,0,0,0,0,21.6,849.8,21.8,21.9,60.8,261,253,0,0.2,124,0.9,0.9,21.8,16.8,17.1
2026-09-04T16:16:57Z,0,0,0,0,0,0,21.5,850,21.7,21.9,60.8,261,255,0,0.5,129,1.5,1.5,21.8,16.8,17.1
2026-09-04T16:32:06Z,0,0,0,0,0,0,21.4,850,21.6,21.8,61,260,254,0,0.2,156,0.9,0.9,21.7,16.7,17
2026-09-04T16:47:15Z,0,0,0,0,0,0,21.2,850.2,21.4,21.5,61.7,260,253,0,0.3,136,1.1,1.1,21.5,16.6,16.8
2026-09-04T17:02:44Z,0,0,0,0,0,0,21.1,850.4,21.2,21.4,62.1,260,253,0,0.6,137,2,2,21.3,16.6,16.7
2026-09-04T17:17:53Z,0,0,0,0,0,0,21,850.5,21.1,21.3,62.3,261,253,0,0.7,192,1.7,1.7,21.2,16.5,16.7
2026-09-04T17:33:52Z,0,0,0,0,0,0,21,850.8,21.1,21.3,62.3,261,255,0,0.8,142,1.5,1.5,21.2,16.5,16.6
2026-09-04T17:49:01Z,0,0,0,0,0,0,20.9,850.7,21.1,21.2,62.4,261,254,0,0.2,204,1.3,1.3,21.1,16.4,16.5
2026-09-04T18:04:11Z,0,0,0,0,0,0,20.8,850.8,21,21.2,61.8,260,253,0,0.4,130,1.1,1.1,21.1,16.3,16.5
2026-09-04T18:19:38Z,0,0,0,0,0,0,20.8,850.9,20.9,21.2,61.3,260,254,0,1.1,162,2.2,2.2,21.1,16.2,16.5
2026-09-04T18:34:47Z,0,0,0,0,0,0,20.8,851,21,21.2,61.6,260,252,0,0.2,141,0.7,0.7,21,16.3,16.5
2026-09-04T18:49:56Z,0,0,0,0,0,0,20.7,851,20.9,21.1,60.9,260,253,0,0.5,73,1.5,1.5,21,16.1,16.4
2026-09-04T19:05:06Z,0,0,0,0,0,0,20.6,851.2,20.8,21,62,259,253,0,0.7,130,1.1,1.1,20.9,16.1,16.3
2026-09-04T19:20:15Z,0,0,0,0,0,0,20.2,851.3,20.3,20.6,61.3,259,254,0,1.1,116,2.5,2.5,20.5,15.7,16
2026-09-04T19:35:41Z,0,0,0,0,0,0,20,851.5,20.1,20.4,61.9,260,253,0,1.9,138,3.7,3.7,20.2,15.6,15.7
2026-09-04T19:50:50Z,0,0,0,0,0,0,19.8,851.6,20,20.2,62.5,260,252,0,0.3,118,0.9,0.9,20.1,15.5,15.6
2026-09-04T20:05:59Z,0,0,0,0,0,0,19.7,851.7,19.9,20.1,63.1,261,253,0,0.8,128,1.7,1.7,19.9,15.5,15.5
2026-09-04T20:21:07Z,0,0,0,0,0,0,19.5,851.7,19.6,19.9,63.8,260,253,0,0.3,139,1.5,1.5,19.7,15.4,15.3
2026-09-04T20:36:16Z,0,0,0,0,0,0,19.3,851.7,19.4,19.7,65,261,252,0,1,138,2.8,2.8,19.5,15.4,15.1
2026-09-04T20:51:44Z,0,0,0,0,0,0,19.2,851.6,19.4,19.5,65.6,261,253,0,0.6,189,1.1,1.1,19.4,15.3,15
2026-09-04T21:06:53Z,0,0,0,0,0,0,19,851.7,19.1,19.3,66.5,261,254,0,0.8,173,2.2,2.2,19.2,15.2,14.8
2026-09-04T21:22:31Z,0,0,0,0,0,0,18.8,851.6,18.9,19.2,67.3,260,254,0,1.1,172,2.6,2.6,19,15.2,14.7
2026-09-04T21:37:55Z,0,0,0,0,0,0,18.6,851.6,18.8,19,68.2,260,254,0,0.4,135,1.3,1.3,18.9,15.1,14.5
2026-09-04T21:53:05Z,0,0,0,0,0,0,18.4,851.3,18.6,18.8,69.1,261,253,0,0.3,147,1.3,1.3,18.7,15,14.3
2026-09-04T22:08:14Z,0,0,0,0,0,0,18,851.4,18.2,18.5,70.2,261,253,0,0.1,134,0.4,0.4,18.4,14.9,14.1
2026-09-04T22:24:03Z,0,0,0,0,0,0,18,851.4,18.2,18.4,70.7,260,254,0,0.7,138,1.2,1.2,18.3,14.9,14
2026-09-04T22:39:13Z,0,0,0,0,0,0,17.7,851.4,17.9,18.1,71.9,260,253,0,0.3,142,0.7,0.7,18,14.8,13.7
2026-09-04T22:54:22Z,0,0,0,0,0,0,17.3,851.2,17.4,17.8,74.1,261,255,0,0.6,103,1.5,1.5,17.7,14.7,13.4
2026-09-04T23:09:31Z,0,0,0,0,0,0,16.8,851.3,17,17.3,76.6,260,253,0,0.4,178,0.9,0.9,17.2,14.5,13
2026-09-04T23:24:59Z,0,0,0,0,0,0,16.6,851.2,16.7,17,78.1,259,252,0,0.1,178,0.7,0.7,16.9,14.4,12.7
2026-09-04T23:40:08Z,0,0,0,0,0,0,16.4,851,16.5,16.8,79.6,261,254,0,0.4,140,0.7,0.7,16.7,14.4,12.5
2026-09-04T23:55:17Z,0,0,0,0,0,0,16.2,851,16.4,16.7,80.6,261,254,0,0.7,136,1.3,1.3,16.6,14.4,12.4
